ratio,cent_y,cent_x,eccentricity,solidity,skew_x,skew_y,kurt_x,kurt_y,label,filename
0.05898429591925268,0.5181831365737943,0.4039601847092812,0.9738829694489418,0.08960502614120645,0.011160407834146535,0.08000360628920668,-1.2726299034694557,-0.4248973080834575,0,forgeries_1_1.png
0.041792804843706,0.3606707668347259,0.4104324398223664,0.9590673884274716,0.07488292152194137,0.3379142939810978,0.5722558785874694,-0.5285268391009663,-0.09750277139713459,0,forgeries_1_10.png
0.03883219954648526,0.37005378409527473,0.3970750926490256,0.9501207820155949,0.07239202380621297,0.3751173744530549,0.934676185953077,-0.8646670441179651,1.2480192060415316,0,forgeries_1_11.png
0.039340596212634124,0.45196385535368583,0.45017641206893355,0.8972068246499991,0.07606108687028956,0.2134968914282276,0.09497820834951319,-1.0488592594945998,-0.6567537953086453,0,forgeries_1_12.png
0.02609899707188181,0.242624115846381,0.3842648659031453,0.9579071701769216,0.049111945115100517,0.4328134205342171,0.7007667269724193,-0.8269103143164647,0.44570905794212345,0,forgeries_1_13.png
0.041655057118974645,0.46879848636347965,0.3866308302449607,0.9741591721992533,0.07147339169928586,0.5338886022473239,0.05155339972453775,-0.6553891077666716,0.4983983408846373,0,forgeries_1_14.png
0.04549929676511955,0.400812050734771,0.4133626294999834,0.9751185288200007,0.07356691519256696,0.20985518375075374,0.47188337363638605,-1.0482762615487056,-0.693025756123967,0,forgeries_1_15.png
0.0432644825572134,0.3915310008093513,0.3985429669001662,0.9706836384456161,0.07628927755514775,0.43676721549101144,0.5658256244008372,-0.8450342736764576,-0.2230745106381402,0,forgeries_1_16.png
0.040868050055441155,0.4434254514664448,0.3956130309836026,0.9604217085446397,0.06620250782626547,0.08165804546270093,0.21049291117089064,-1.1017896067207382,-0.639458221363757,0,forgeries_1_17.png
0.03957061292123701,0.36480586919602,0.4349188668269279,0.9827187090448308,0.07231731402238314,0.30584825272465804,0.46648425247322994,-0.5841080196806714,0.11274471906994554,0,forgeries_1_18.png
0.03462253136664858,0.43343970369857,0.3596951425340128,0.9570971198749265,0.06779033452461444,0.4858111625098198,0.4579269105452566,-0.44053229283827555,0.05043739871092212,0,forgeries_1_19.png
0.05675128771155261,0.45450463504602845,0.368987859415331,0.9680599359365051,0.11018185065031698,0.42937835450636186,0.17008252682482636,-0.6077080606178269,-0.09826828777704044,0,forgeries_1_2.png
0.04529149485400114,0.4665498101080923,0.39816601253788036,0.9707731964201822,0.06818870083111814,0.28411234329625656,0.3622366170636108,-0.762271124361829,-0.2671853213461457,0,forgeries_1_20.png
0.0466962739577566,0.3813882957668742,0.3308233590588215,0.9451416186965966,0.0771401327183918,0.7701383609245053,0.44214088879259555,-0.07428291792632269,-0.18108460375887736,0,forgeries_1_21.png
0.043470643628320524,0.3768871374014788,0.3891703047807641,0.9533590499518444,0.07599249645878794,0.5590636714851163,0.5210027657171059,-0.302384920856293,-0.24827813070893212,0,forgeries_1_22.png
0.04581639566395664,0.3639852414510167,0.40059810949310976,0.9639853934739824,0.0801555699601815,0.3961187184680734,0.9816932784365673,-0.9383693888414366,1.3371984109727402,0,forgeries_1_23.png
0.039868842685744095,0.35226722049151954,0.3624809605295323,0.9465662855170996,0.06714146769993411,0.48169863041659894,0.36749695119372916,-0.6707301870574933,-0.3719584745902047,0,forgeries_1_24.png
0.03824997019704014,0.44791240483582423,0.4408105483051575,0.9471491056899437,0.07520005357083068,0.12797739620206025,0.007594953663698248,-1.0716385804097084,-0.22406390873548476,0,forgeries_1_3.png
0.06186684969114619,0.4470007228898416,0.41375732312384045,0.9696836680548526,0.09459346010158251,0.35133830522746917,0.274304080777604,-1.0421793270387716,-0.5972527695079575,0,forgeries_1_4.png
0.0432879149693309,0.5100054083288265,0.4804785653091602,0.9527580635682767,0.07354081734115542,-0.12476645333175507,-0.19369121717823956,-1.1417165156111257,-1.065689709529955,0,forgeries_1_5.png
0.03978858554425588,0.4295827123695976,0.43057058362467954,0.9245925403455926,0.07669238023095831,0.11844688601858001,0.2758342034225129,-1.0437045918721617,-0.15800477747985653,0,forgeries_1_6.png
0.04086651842867731,0.3501976949064869,0.43858429442777697,0.9687229503891428,0.0552388065138985,0.03844770061710858,0.17517184118802542,-1.041460750481702,-0.11804682398820487,0,forgeries_1_7.png
0.035288085970439226,0.3198375283313146,0.44621660282166814,0.9632237626004594,0.058131264863423196,0.2624426618275438,0.45250353618234296,-0.8881752753280727,0.4434307940128148,0,forgeries_1_8.png
0.03699248120300752,0.3808791541862787,0.4313671522131888,0.9630525614675555,0.06990787884528855,0.08227220897706256,0.5314453597720457,-0.6613151181758155,0.568712339416594,0,forgeries_1_9.png
0.05110035718400737,0.34355589114809604,0.3766420264463397,0.9600629700508267,0.09911880208167044,0.3992929141893957,0.8310228870413144,-0.7520735802699123,0.800037309505325,1,original_1_1.png
0.03847246891651865,0.4493649327998359,0.43034528454444515,0.971393772840535,0.0796802001201702,0.2598150355267697,1.2193622700034616,-1.0731799150369732,2.2324528580558844,1,original_1_10.png
0.03805194317776652,0.4268208048806678,0.5526739267532103,0.9366271678868875,0.054092445997585815,-0.007903719480598547,0.7145961513150823,-1.3212357086212498,0.9450887908914916,1,original_1_11.png
0.05751000850463606,0.347393862772257,0.3759893899011744,0.9747796300443118,0.1184247058069752,0.36999902970443377,1.0942495741425684,-0.9608237384601988,1.508109661171038,1,original_1_12.png
0.05032330802135491,0.37458897365253974,0.4280104651410561,0.966716818234239,0.1023980135756987,0.35843797996405924,0.623667068170525,-0.953918850810807,0.5958139505664333,1,original_1_13.png
0.03395078347961876,0.5111295010242322,0.4527545355969509,0.9312892354311749,0.061339646198498535,0.3155709608769376,0.6789715306896131,-0.7780937133868022,0.6336847948187092,1,original_1_14.png
0.04783391702496694,0.32784739647757155,0.4063963550785526,0.9634584999522436,0.09562144641054254,0.29463733946818,0.9867176953327295,-0.979435449782541,1.1017707993400245,1,original_1_15.png
0.052261696757911084,0.37381304995284076,0.4310901824821063,0.9295664469757621,0.09579957533125348,0.25034991084509,0.7881607907333003,-0.8513599921100541,1.090913952259041,1,original_1_16.png
0.04722335475436996,0.3541435613279854,0.40438748013720777,0.9538555491882247,0.09858013266505451,0.3644430451459112,0.7022540868951181,-0.7804193546355491,0.6121941695369171,1,original_1_17.png
0.05430689914846782,0.39093224043715846,0.42901272084805653,0.9523415140239503,0.10238069236649558,0.23084802781682412,0.43099614933608216,-0.8106452647352285,-0.033029801970051675,1,original_1_18.png
0.04806469320266163,0.35133985446222277,0.4445278335041205,0.9642493320092873,0.08775253296830887,0.12407078492902322,0.6214874038638042,-1.0434774409053513,0.530809586436586,1,original_1_19.png
0.04596344876790517,0.3413519991284453,0.4527362248905847,0.9507959573948948,0.09117879208513649,0.09674462539589937,0.9588925800929718,-1.1910751231461643,1.1772396303157873,1,original_1_2.png
0.049711486849168006,0.3732142589343291,0.39702594376991557,0.9457789054991604,0.09099282766751818,0.3471709317225628,0.8572984727362788,-0.7293086091522358,0.7930868470131758,1,original_1_20.png
0.0332750338711664,0.47761100126585354,0.42644770892611145,0.9679777712614415,0.06363833375733763,0.31255238957673864,1.0875236679659492,-0.9574710674223152,1.2415095851153772,1,original_1_21.png
0.05026107085081478,0.36932040132645944,0.4451646019909006,0.9500635629602407,0.09475224080433409,0.2070024313759906,0.880757496023773,-0.9699907056120156,0.926623477550736,1,original_1_22.png
0.049708829902491876,0.4249431538356753,0.42915441155309464,0.964377480097229,0.10156336469286109,0.27946406883928165,0.09578345533610935,-1.0303438052349254,1.0095332639215782,1,original_1_23.png
0.057154594705625596,0.3526833496979186,0.441456521884399,0.9652124171322765,0.11993965300477748,0.1643060965384564,0.6079749165975931,-1.0399545283798703,0.5926674405864927,1,original_1_24.png
0.05959624823505681,0.3761178115737074,0.42432169058153557,0.9704478501171494,0.10977459904638058,0.20397681037624438,0.5471278670871905,-1.0483047347321461,0.30263333742660414,1,original_1_3.png
0.04966607389843904,0.3499753044681745,0.40840198842108455,0.9640952659812193,0.09992526277291014,0.24035169765170109,0.7453508790437274,-0.9755695529675141,0.7387225670025903,1,original_1_4.png
0.053485200050169324,0.36560595218594544,0.46604329955090446,0.9632576376705329,0.10034561364806235,0.0017424363839804227,0.7190033668686343,-1.0050217352642525,0.4932736423388788,1,original_1_5.png
0.06265671887203518,0.36624956288431365,0.4439827723409813,0.9634404149718088,0.11522688186268025,0.1428047686853112,0.7360674802456546,-1.0711861262355267,0.8589262938585804,1,original_1_6.png
0.04677826186654437,0.3597948438634713,0.39985577564359076,0.9652462478577702,0.09997141340303017,0.3959920480006594,0.9000998762171131,-0.7716489206372739,1.465829806840385,1,original_1_7.png
0.058221512629161885,0.39702680042188593,0.42321170300094046,0.9757608335266533,0.12083023082650782,0.3032209343904518,0.576387857349508,-0.9737223920172391,0.8613742978577279,1,original_1_8.png
0.05649030772183482,0.3906441398756558,0.43162225252501907,0.9765811909164833,0.10072845199876147,0.23245269681346448,0.5695033669288407,-1.0574977279219606,1.1456958755849103,1,original_1_9.png
0.06090967658806855,0.5586133277790073,0.4343771375634873,0.945258268360945,0.07474306675520982,-0.016038644041087166,-0.40697809908335303,-1.2586837593136122,-0.14485489535535967,0,forgeries_10_1.png
0.07072883007642201,0.3975186161289275,0.43269174460301674,0.8999384736438333,0.09983258676078005,-0.023822671494426392,0.2945138752802162,-0.8054624273213902,-0.648140732979809,0,forgeries_10_10.png
0.0782238169993272,0.4463361261935967,0.40818476884990645,0.9271201661101233,0.10944690820851811,-0.028317907473204597,0.0843674898504654,-0.9153960681116655,-0.5949302089343584,0,forgeries_10_11.png
0.08073367414026755,0.5172012630879176,0.5011787420379742,0.9369146476602515,0.10045075125208681,-0.10804228095862861,-0.26820018220879693,-1.3458126603544196,-0.5081094069942522,0,forgeries_10_12.png
0.0838750963538258,0.5384169217265301,0.4492182505690818,0.9321838873933243,0.107754110612855,0.09994930044751478,-0.44491226482429036,-1.317667698942872,-0.41157463559576124,0,forgeries_10_13.png
0.07498337891280954,0.5275326230851668,0.47320005363455897,0.9456465772711973,0.10750469227518843,-0.09363828751759741,-0.5187893649555265,-1.3106008642774827,-0.3145003039080798,0,forgeries_10_14.png
0.08036281611386453,0.45078119177314246,0.4930552044020098,0.9446197028867082,0.10758679355627625,-0.19492093859314882,-0.01131933201487891,-1.4065232480570466,-0.3109399087650355,0,forgeries_10_15.png
0.07248496446145435,0.46455521220489926,0.43888397037813576,0.9430862236100896,0.09850377538984499,-0.09981835127805437,-0.13902583678659303,-1.2994874065367283,-0.5418719084721242,0,forgeries_10_16.png
0.07103657065663145,0.4641443270539769,0.4363033947767069,0.9418008553011463,0.09504482332911056,-0.0720740644491216,-0.1516565715090473,-1.3739563443857965,-0.5969757661473403,0,forgeries_10_17.png
0.08160882022268161,0.537296969614097,0.49468764492661155,0.9194283804051155,0.11634712829103845,-0.036788118402714357,-0.4091577435064968,-1.2911889491864352,-0.47197661005161207,0,forgeries_10_18.png
0.07989890098164747,0.5045935407117608,0.5005812549162436,0.9306691754075919,0.11247969807636339,-0.3207427934930788,-0.27214334479058805,-1.2043340946253944,-0.32400799285849224,0,forgeries_10_19.png
0.07206042218795962,0.48228648007975333,0.4469781667062821,0.9208651753786451,0.10098375019913972,0.007101640024682603,-0.17923606448989782,-1.3870054750732002,-0.3521060233772335,0,forgeries_10_2.png
0.07168426003344482,0.5055436595955292,0.4986096398305085,0.9363172252439781,0.09978359308225282,-0.0932417295300703,-0.18182700447854463,-1.389048378722251,-0.3562269458369638,0,forgeries_10_20.png
0.07044717528588497,0.4815675956138237,0.4590140027629984,0.9388436891036889,0.10117927212557891,-0.19608927906424664,-0.1921543946833101,-1.2815489078468214,-0.32775543761241854,0,forgeries_10_21.png
0.06390225441963562,0.4588325842751104,0.5209240813459758,0.9302863416616808,0.0908860233904639,-0.2986157875005514,-0.014450065057511485,-1.3333290042323986,0.047024861751859603,0,forgeries_10_22.png
0.07591108667351279,0.40780012375771796,0.5223197440814945,0.9190840990979512,0.10899929176003437,-0.3041368370226785,0.25808381251637763,-1.3044282176896262,-0.44870999514028354,0,forgeries_10_23.png
0.06757610205886068,0.45785506030833134,0.4977106128733586,0.9482226111517703,0.09143540772073747,-0.1490474468017506,-0.1713332970289992,-1.4379060077644823,-0.31440395262863285,0,forgeries_10_24.png
0.0770769622833843,0.4868917727448063,0.4662914688049633,0.9535514824921477,0.09407903945751746,-0.1368981820479305,0.006257146258562741,-1.3322913717417897,-0.5493007572242496,0,forgeries_10_3.png
0.06322790113112693,0.4952588072477785,0.49703331081706104,0.9556632972744661,0.09546852638154202,-0.2240512073839431,-0.27062161985131306,-1.3248918528976845,-0.11159523024670426,0,forgeries_10_4.png
0.0751037837899065,0.4721798723373989,0.47292860897839356,0.9280695108576544,0.10330375713762668,0.054423758600440596,-0.14274091207533413,-1.4183652003284755,-0.5418377603326499,0,forgeries_10_5.png
0.05336508221762962,0.4827200962806171,0.4457222351976275,0.9415688778840123,0.0801744154651979,-0.14014723741323581,0.6133368535737388,-1.3370192204300633,0.5844641065343747,0,forgeries_10_6.png
0.06393233603359016,0.3655335997533396,0.4422837709975017,0.8762018459768447,0.09116056735365567,-0.1214243736368108,0.49437480569430503,-0.8376076738459703,-0.17701047326311148,0,forgeries_10_7.png
0.07232596326421507,0.4018562435902383,0.4615014005375583,0.8520635174945006,0.09626266391081896,-0.23439532359622858,0.3822939784538744,-0.9170221320021019,-0.5097878139254028,0,forgeries_10_8.png
0.06467513069454817,0.39396304905247553,0.47899582336328556,0.9071646730749272,0.0825723063883886,-0.13670790189193627,0.3129048733490425,-0.9793421837959375,-0.3829093960981531,0,forgeries_10_9.png
0.08058678174920823,0.41082251517957463,0.46226483695938936,0.9162282662878033,0.12221738384598128,-0.3003306013128883,0.600911154845872,-0.902540903489387,0.30198277861403877,1,original_10_1.png
0.09496182646392991,0.42319349666345346,0.5081981449624029,0.9219408100423868,0.14189263215557382,-0.352146122646181,0.41140373943366965,-1.1453200888526893,0.19387572499425332,1,original_10_10.png
0.08428884620608036,0.42305363603156415,0.4954073400287766,0.950434878498284,0.1262073873952387,-0.30946791120937983,0.13335007508480323,-0.999685054531279,0.13229031458995744,1,original_10_11.png
0.0758588845378584,0.346162308885754,0.5287917242489053,0.891903265063354,0.117855615489674,-0.3921153891957447,0.4911752264450469,-0.8513784517770526,0.19401641846506212,1,original_10_12.png
0.09930440199335548,0.43466188422572377,0.5031813472622381,0.9408637357376809,0.1412989954697656,-0.3164363446367522,0.19921171276092753,-1.049597144225472,-0.08667145409808397,1,original_10_13.png
0.07831817790654313,0.46934191910919787,0.48875883474186305,0.897383616189756,0.1256630651155833,-0.1561536797445258,0.11317136534047026,-1.1351836289380397,0.019197827225976294,1,original_10_14.png
0.08565931291462799,0.49068594682762523,0.46080573116503776,0.9449586691569537,0.14733232506251778,-0.17487173700998507,-0.15108857724003316,-0.9981153291097553,0.3250739514378984,1,original_10_15.png
0.08986340066558315,0.4353969024097339,0.49452696920542066,0.9501512009185675,0.12178302196001312,-0.29356219069351525,0.31619277398761464,-1.1951812766735193,0.30582279961386627,1,original_10_16.png
0.07958892377961747,0.4844968745106504,0.5167713138231952,0.9462439590761258,0.12436065183775426,-0.30201741766783213,-0.04489366361228933,-1.25359041952322,0.11968424587163407,1,original_10_17.png
0.07608753245376994,0.46060926672006564,0.4826320827171957,0.9467727146210773,0.10957928473317394,-0.1843688341994941,0.17062982708517882,-1.3600690985529857,0.11371843288151773,1,original_10_18.png
0.06886234543372058,0.5043090837302974,0.4783849830784032,0.949183758158191,0.10745550043770061,-0.042505652748192665,-0.295783438638667,-1.3264159911210538,-0.026247847002228042,1,original_10_19.png
0.07534516765285997,0.4629925803153753,0.43590438651469043,0.9167973580886896,0.12444555820072672,-0.11672980636570356,0.16802242577111628,-0.7667995529326297,0.3485372753488929,1,original_10_2.png
0.07739377068123326,0.4487402144878317,0.48513010628996084,0.9407341539114873,0.12107144324390945,-0.199109379735661,0.03643832687908782,-1.178522224213335,0.02488706999305146,1,original_10_20.png
0.0769019712078471,0.47692575372971274,0.4630926537487206,0.9545492775192871,0.11310357003240898,-0.13595731358573118,-0.008229451249466413,-1.2652809922173056,0.022756009150973977,1,original_10_21.png
0.07408577127659574,0.43231588846614694,0.47367137543470944,0.9412733351807141,0.11127061202581419,-0.1776716772609921,0.3434318530519949,-1.1882345310380338,0.12823878284559287,1,original_10_22.png
0.07130225458751067,0.4102179659431746,0.43875740125842555,0.9469227046400894,0.11548556430446194,-0.07596113941005365,0.34303412841477376,-1.1371360906776542,0.6307322762724179,1,original_10_23.png
0.06675862068965517,0.35849707893986893,0.48865351239669425,0.9328218861853463,0.10457290395065195,-0.2661715860904467,0.4161327698858741,-1.1203603457528273,0.5208710823922997,1,original_10_24.png
0.06817567567567567,0.452534955669247,0.4626406342913776,0.9131485271458175,0.10986976784703166,-0.19292762245190798,0.18077089991083947,-1.1565873702911529,0.3708468404764753,1,original_10_3.png
0.07699875192717127,0.4348030137092011,0.4304268670034397,0.9285865042357486,0.1188603549491149,-0.035001570436219674,0.36078909779217244,-1.0854324384333425,0.36525799622482236,1,original_10_4.png
0.07109855618330195,0.49747094580640916,0.45779115244504615,0.918664606637886,0.11962652358520459,-0.2026024680724412,-0.14402312587426988,-1.106091830501106,0.29114075401674055,1,original_10_5.png
0.07159061753068748,0.44433828085884264,0.47518706504802655,0.9120163543421749,0.10894649774462357,-0.28434687305389034,0.2153363439592516,-1.2480299137377122,0.1613347616339671,1,original_10_6.png
0.07555811608814633,0.45982435181439585,0.4924388033290414,0.9411168938010782,0.11130560241027762,-0.2552838417751435,0.07398117317476682,-1.2497697449126952,-0.031726757793690386,1,original_10_7.png
0.07058559146332623,0.4616110534362983,0.45921730686736256,0.9470545254629886,0.11068546095259747,-0.15759827359010384,0.04421127796629336,-1.187311343600646,0.35045718110156354,1,original_10_8.png
0.07569470640010059,0.4386198756156041,0.48835215356044953,0.9284617260121371,0.11638794139173905,-0.13560141958581196,0.17999038475446016,-1.1330408741923255,0.12427900949915394,1,original_10_9.png
0.08027482269503546,0.4624405230447502,0.4567347690042334,0.9782040471143654,0.09450306313075968,0.08345927285889022,0.19979436116096966,-1.462377280172769,-0.554873733759758,0,forgeries_11_1.png
0.07750726584977581,0.47457835617948774,0.49764146930317943,0.9691060903053084,0.10746286790389697,-0.05486615340958708,0.3314994354855174,-1.2716904950948407,0.25064065814780845,0,forgeries_11_10.png
0.06836997279611794,0.3811904135038621,0.47702096036646535,0.9805519555845693,0.0824686496745242,-0.1412954466338768,1.1461439186273072,-1.1904026753644392,1.5601208030876883,0,forgeries_11_11.png
0.08640348546835981,0.5113329573068588,0.3670392318087162,0.9832932436478222,0.11946636105846226,0.5239544435233046,-0.30811229702497056,-0.751091835305191,-0.8825155638276478,0,forgeries_11_12.png
0.07770697282494207,0.4293177453970406,0.40693688142111395,0.9758412748074171,0.1018616531664212,0.33453294850536114,0.26009456020052635,-1.0998125263536243,0.23337836223664965,0,forgeries_11_13.png
0.0814929528736295,0.5313963031378758,0.47047895791808597,0.9781364307011924,0.10263619292657876,0.09795210227973412,-0.32688137610284224,-1.311510302711029,-0.05325939733027063,0,forgeries_11_14.png
0.09557046979865771,0.5598408868109495,0.37509968539325844,0.9784903745969944,0.1229061080192783,0.45267179941928215,-0.44563118106993255,-0.9615595689930476,-0.5015152051827187,0,forgeries_11_15.png
0.07614433678583361,0.5006490865698477,0.4517882527784957,0.9683822278549238,0.1066760283189983,0.03992397897059664,-0.32106686076907487,-1.2491670629317546,-0.13971076626989154,0,forgeries_11_16.png
0.08199774011299435,0.4087627610682083,0.43945690662550985,0.9833117472237433,0.10835573075315057,0.20849810170164423,0.34390652652095177,-1.2375585115965193,0.12582357710645464,0,forgeries_11_17.png
0.08474884969325154,0.4963239452550616,0.40223762159258003,0.9850449332017069,0.10210775538488191,0.4012989125448894,-0.23037085065683807,-1.1961579673642133,-0.7641221840052599,0,forgeries_11_18.png
0.07726833976833977,0.5356659230837869,0.38368819319006703,0.978295301418657,0.11253883679408415,0.5205827341138235,-0.29506115470885536,-0.9516653857120061,-0.6361418872278284,0,forgeries_11_19.png
0.08718773188226564,0.42833193914044976,0.46636291076600306,0.9826448906724258,0.11274347793639455,0.0035948802553699365,0.04028243996595483,-1.3744371544004792,0.29240875586321247,0,forgeries_11_2.png
0.07419209450537285,0.3891672866083668,0.43481611582300495,0.9773586986930605,0.08955551525679326,0.19233045422515224,0.5071909219342648,-1.3731534922256678,0.13454082843562087,0,forgeries_11_20.png
0.07680520374018826,0.48438985474494645,0.43592655574716316,0.9762504581803187,0.10446285209957147,0.29249901871459727,-0.1207958171269842,-1.068929227971505,0.002447937212108009,0,forgeries_11_21.png
0.08427023581899298,0.4018252407603489,0.39741227394055856,0.9729244350026558,0.12628703509140576,0.29320419639758794,0.41500137577965085,-0.9257442011931953,-0.1708897906157607,0,forgeries_11_22.png
0.07794691647150663,0.511173426806877,0.4636411995041743,0.9756362004787499,0.10111392405063291,0.10215076228258267,-0.19821205395998553,-1.3194930224979557,0.1580165524287711,0,forgeries_11_23.png
0.06539506172839506,0.44040928827638287,0.41700680212652397,0.9741526157284013,0.09226695930116095,0.390330755678875,0.29710775903704456,-1.1212064357722966,0.21106539714072214,0,forgeries_11_24.png
0.07645370958621027,0.4535558275811715,0.4670470577696556,0.9713612506805884,0.10923690773067332,0.08160167262848882,-0.1663440694381428,-1.1778665656276013,0.10753239654533209,0,forgeries_11_3.png
0.09500623134220212,0.5092740754384416,0.4335821019085795,0.9809155398532065,0.12194335598432618,0.26387008158282566,-0.3401863908822159,-1.072237546868389,-0.5056529660775264,0,forgeries_11_4.png
0.0838149055492484,0.4977180226345559,0.457768308190438,0.9766821896994136,0.10759015154005457,0.09842766323581456,-0.25816259154559196,-1.2935215436343563,0.0020974135709566077,0,forgeries_11_5.png
0.10591464097681191,0.5250593168384944,0.4220570959039822,0.988969959964889,0.1345572277368627,0.2823867255680579,-0.42061283502624586,-1.0824789843802973,-0.5179611444216206,0,forgeries_11_6.png
0.07178006115921313,0.33593262725469886,0.4789652195112174,0.9654584926081125,0.1021262054192817,-0.04279939779508547,1.032491268093104,-1.412641837278291,1.2703893370040644,0,forgeries_11_7.png
0.07155823923987073,0.46414455110107283,0.44635033223818005,0.9703326373009767,0.09468483816013629,0.2573859937128042,0.3041101389263624,-1.240616848687353,0.4140121004364419,0,forgeries_11_8.png
0.07488847359537015,0.3987351386287289,0.49588577708438086,0.9780366147287357,0.09503045602761602,-0.09596158650544567,0.7586266300410174,-1.3675309562040492,0.803110499198795,0,forgeries_11_9.png
0.1207464653726336,0.4430453703424627,0.459001830365946,0.9940797110373204,0.15454510600774451,0.10161326273489728,0.3669665690160586,-1.3482273581550672,0.0002142147009132067,1,original_11_1.png
0.10129770992366412,0.35321881992901394,0.4323963828183873,0.9917345510619925,0.15127104153208953,0.2040128333374616,1.0344466864764057,-1.2584888579510107,1.714564559340487,1,original_11_10.png
0.12200435729847495,0.4814775910364146,0.4322509718172984,0.9959590199116983,0.1960588176452936,0.3415021260004169,0.3996092343611232,-1.1246637213769894,-0.5419598660934888,1,original_11_11.png
0.08952044790652386,0.3366111919042415,0.4807708649270512,0.9947132374812412,0.14024661539439395,-0.22445259798468908,0.34552472365084475,-1.1833210466070545,0.8380237925108682,1,original_11_12.png
0.12355456993505465,0.3471760466463856,0.45938473520249223,0.9937579818756358,0.18125133130652002,0.0918354117638286,0.5325291678148711,-1.3597556466257597,0.18580815548932694,1,original_11_13.png
0.12038774233896185,0.4545489740611692,0.4048430735930736,0.9922061791407097,0.177432982563945,0.3447251397830174,0.5214083964543733,-1.046250600592633,0.0981727621086308,1,original_11_14.png
0.05110754181072424,0.5932239154808471,0.3816443987611204,0.9736067639649305,0.09014445200272098,0.25150350672560273,-0.8214123038385462,-1.3139119013409584,3.8281503520688744,1,original_11_15.png
0.11518755953760201,0.47250135770678703,0.4173272852354274,0.9916051891255938,0.14840368189733807,0.22771017703798177,-0.13096421158256139,-1.1642888667662186,-0.09458269184949408,1,original_11_16.png
0.07420304920304921,0.24659148992560154,0.45026251668791945,0.9886014255470877,0.12823353293413173,0.14576182529570228,2.1896152999651806,-1.3251436679464674,6.143470403277032,1,original_11_17.png
0.041134658417796496,0.5743143661971831,0.40937719626168223,0.984107681768427,0.07881131520322811,0.2544730145489706,-0.19643246269907147,-1.3130037440494942,7.739051666336726,1,original_11_18.png
0.11050249278404618,0.3491499068079656,0.4818782073880674,0.9922248567285418,0.14905980384927364,0.06706385316414407,0.9684813280466975,-1.404641911779297,1.4093246288330317,1,original_11_19.png
0.12160493827160494,0.3995234642080182,0.44699240070785473,0.9954229476336058,0.16754414385225985,0.2513130577854722,0.3340018776088721,-1.2269731854982278,0.4413084108800249,1,original_11_2.png
0.10318382788641232,0.40243115234754745,0.43203043608012165,0.988313817184639,0.14649022050377752,0.25633193308588564,1.0973863035442526,-1.3093111059534426,1.6145544508708731,1,original_11_20.png
0.13176797713756083,0.5336424029272799,0.4468373488475712,0.9889473769267761,0.17038418003861774,-0.04202179972811683,-0.3136955549554982,-1.0587981211869462,-0.42089523644421734,1,original_11_21.png
0.09432646932646932,0.3632077501037137,0.4537249699955783,0.9920292512968054,0.14506737922047933,0.05848002264384716,0.42870576441219616,-1.325579584809794,0.04356938678215139,1,original_11_22.png
0.087853385930309,0.5352732465778447,0.4126715800441678,0.9898447909215693,0.1347969848964609,0.3149603060567627,-0.5002598433866771,-1.2187082760010448,2.1182095733480653,1,original_11_23.png
0.09022369331948771,0.3842248464745767,0.409917828868469,0.9926888104133289,0.14282289686820432,0.23295484729405724,0.6997825421548934,-1.1690043915581896,0.4186982104140511,1,original_11_24.png
0.12258134255756134,0.44291358784893264,0.44751047696449997,0.9937016255864048,0.175507835171213,0.048330746056698015,0.1909700538792106,-1.2382634733755675,0.14006686235409438,1,original_11_3.png
0.1448711384195255,0.40604319317341114,0.4521946950316413,0.9953563279781714,0.18687391294775543,0.07428790493756114,0.17712103771804472,-1.2759712946212527,-0.304775867075481,1,original_11_4.png
0.11997239475500344,0.4179275295624162,0.457331134632101,0.9923132044081119,0.18034317488640372,0.19066159865697319,0.2513749953685846,-1.220906119303788,0.2614811872143785,1,original_11_5.png
0.057559296872364114,0.5320776250876429,0.38942544729432127,0.9830648150730995,0.1045332461882538,0.3073894440658823,-0.4233573100698358,-1.1266758465325417,4.587736874730421,1,original_11_6.png
0.14517195767195767,0.44721075360668183,0.45792566077304114,0.9952469514732105,0.1962230416806347,0.14907084072939686,0.09756253517849965,-1.2961685069342872,-0.48514581618638974,1,original_11_7.png
0.10802074452969594,0.41637952809192247,0.43620841957302486,0.9933275415775173,0.15200693136944532,0.24356118396954546,0.408670749921407,-1.4513950099792094,0.11956457625033101,1,original_11_8.png
0.1032050826162198,0.4373287820634382,0.42919068597132115,0.9918862695141533,0.13601924609063784,0.18823328119152613,0.28655188742205606,-1.252127587737621,-0.30158863210034736,1,original_11_9.png
0.07927698192454811,0.4871385739231939,0.48033080360279273,0.9395976796998698,0.09654510994907863,-0.24144181060528927,-0.04520368774894329,-1.2741900122505077,-0.47917995054788465,0,forgeries_12_1.png
0.054131707984482094,0.4044051510573855,0.4870798974124523,0.9410931278197252,0.08408748114630468,-0.027363921851600224,0.7225653928503347,-1.5146446890389453,0.8642680638823608,0,forgeries_12_10.png
0.05464781120518825,0.38388725169671273,0.5275940522093454,0.9462941003401532,0.07898556856720673,-0.2145637895137422,0.7226406876121141,-1.4012590733871968,1.0092761721237364,0,forgeries_12_11.png
0.06491611067503925,0.463423586183009,0.4734138856024905,0.920457842777227,0.09167325778088249,-0.18216456694283611,0.15423734650157012,-1.3260720458513469,-0.029529081835673487,0,forgeries_12_12.png
0.07609968489184125,0.47806779569706276,0.5055390945100738,0.9446050479205162,0.09267097493469538,-0.15535646182907817,-0.20291435574286562,-1.440199589358613,-0.08545809521723502,0,forgeries_12_13.png
0.06500488758553274,0.4529815755186077,0.48944767440020803,0.9462711432167918,0.08455033243905284,-0.05352102893850609,-0.1149893151052894,-1.4322704966933144,0.03374190970785973,0,forgeries_12_14.png
0.06838104369264485,0.4962597999456494,0.5169733267206659,0.9324867582301999,0.08141668171255176,-0.11183304785085799,-0.17961213748469493,-1.3557839233014433,-0.010075168330673012,0,forgeries_12_15.png
0.07461927110770557,0.4189251709297311,0.4300632854795977,0.9640823838505836,0.10864922816773732,-0.018571314203905988,0.5793515454231428,-1.4369245036899791,0.5885278497809883,0,forgeries_12_16.png
0.0788587388078092,0.5094816384180791,0.47470920840064623,0.9418052462124483,0.09822378652697061,-0.18117035043002733,-0.026372908153887244,-1.3166323722394024,-0.08159935979004818,0,forgeries_12_17.png
0.07839158966117583,0.5004358976198099,0.49576067100355314,0.9613691572309241,0.09752663717625105,-0.10517934114706312,-0.058841760665665814,-1.3983218505233648,-0.02586387290988723,0,forgeries_12_18.png
0.07869811776061776,0.4359593166511526,0.513780132182777,0.9441676068626403,0.09476865405990512,-0.23116325781943278,0.12556419683765754,-1.250153883991503,-0.06143959835585289,0,forgeries_12_19.png
0.06646092346249242,0.4883857662566539,0.5070856318097989,0.9350254330926404,0.08253382375636607,-0.20969045620832025,-0.09759305378584332,-1.3287467938094175,-0.1097489888097658,0,forgeries_12_2.png
0.08197503967293364,0.5231859973609352,0.4663631372763471,0.9669087043312672,0.10063147467910355,0.02402455950067877,-0.3021841092541686,-1.4338704601724417,-0.05030209339210101,0,forgeries_12_20.png
0.09110697999586888,0.5055858526821205,0.4598170263209212,0.9607868944612254,0.1105253520176563,-0.05727382590687715,-0.31468113762785416,-1.3137921632801994,0.10329153488484133,0,forgeries_12_21.png
0.07999898106695028,0.48889151830268174,0.47661432356070355,0.9559297265275569,0.09682889604883839,-0.14382196592324298,-0.06411172676798363,-1.4808603923838484,0.06557705295365102,0,forgeries_12_22.png
0.06888822024973672,0.4999963074442978,0.5405682075509957,0.9293501505067897,0.08361841224236374,-0.27263118553175875,-0.2629258023381762,-1.3657860090982625,0.15978644961355037,0,forgeries_12_23.png
0.08203231342841924,0.47581753547404776,0.4893486974303418,0.9440984916257105,0.09682376691324909,-0.06618955956695613,0.10476047017428697,-1.3328806128764648,-0.06389663283743285,0,forgeries_12_24.png
0.08898527965604251,0.49950382545244904,0.515900198709688,0.9622905679824948,0.10159887895694254,-0.19158538828171687,-0.026379292685174492,-1.277326862217927,-0.17742522682425,0,forgeries_12_3.png
0.0711364238410596,0.45057527163070166,0.4671020481120131,0.9566158669844548,0.0955121319685017,-0.07458193356073536,0.16495523461550662,-1.3737506950157468,0.3074301194525977,0,forgeries_12_4.png
0.06741803278688524,0.47043273660582463,0.4885950228468541,0.9663989486402469,0.09334120569877467,-0.1333385820773915,-0.03898751003275438,-1.4311256100464302,0.3701618540193783,0,forgeries_12_5.png
0.07036234501023234,0.4920877407678953,0.49710700870353397,0.9483189043956193,0.09463582922333483,-0.23351910443384846,0.012721724036148425,-1.333214285742142,-0.2199027887819791,0,forgeries_12_6.png
0.06419699453012381,0.39681480892655324,0.5200195262347289,0.9374133439498694,0.08851617646057817,-0.1836690987394675,0.513968940514102,-1.4187371653201974,0.6966356884431977,0,forgeries_12_7.png
0.050061364752086404,0.3756538603137855,0.5232227008642797,0.9510467550228455,0.07224327866529702,-0.19786118502084152,0.7492769307049477,-1.4290836316052489,1.3365630343317747,0,forgeries_12_8.png
0.06864495798319328,0.4629720039564467,0.5332907646608758,0.9254123364692018,0.08819560034189572,-0.27614173626752203,0.23842003674199216,-1.3402496068142673,-0.06696072273868658,0,forgeries_12_9.png
0.07752066115702479,0.45782285196326106,0.48859569396882835,0.9363060772794,0.10062218408066938,-0.1495535505442121,-0.24507870129345402,-1.5094965857965372,-0.14762068953917318,1,original_12_1.png
0.06606637218258013,0.5024003992888716,0.4507241683651764,0.9273218131537557,0.09890380066636711,-0.27789518180454864,0.01931461024429411,-1.2931332296210396,0.02507826512489686,1,original_12_10.png
0.06248815486665764,0.510108023080189,0.4846667240040072,0.9140589684708225,0.09649636257212141,-0.21281097913306465,-0.16476090164626556,-1.4064937600613021,0.20141521465371248,1,original_12_11.png
0.06373941385132924,0.45488641557262854,0.4388408840019104,0.9263024463454871,0.09068814600987056,-0.01011599900296071,0.21257548327174333,-1.5306304547339415,-0.010892346086426752,1,original_12_12.png
0.08752862657855133,0.45130568356374806,0.5163268793686477,0.9201951335457709,0.11260954112685305,-0.21724237723857526,0.00427293503131167,-1.4587389509495268,-0.12334311613460791,1,original_12_13.png
0.06609763766748826,0.44798752926621294,0.47712222295537315,0.9365842398231917,0.09957215982886393,-0.13740576449227934,0.19850213566021288,-1.4795750575237758,0.26049816038673645,1,original_12_14.png
0.06558228357008845,0.5064412464048013,0.4940029035814476,0.9456840680934361,0.09765689959091363,-0.2639445940182657,0.02765241092687681,-1.3823852655568054,0.39055759096770837,1,original_12_15.png
0.05777656788779135,0.49032800168979995,0.4609948050603199,0.9304035492574722,0.09283031443309706,-0.1329268771167256,-0.12776322653950234,-1.377008012640256,-0.1547553033072364,1,original_12_16.png
0.05947998605029643,0.47459634749251806,0.4591377713404779,0.9144169057273176,0.09531793343268753,-0.034222026288807744,0.3140464729336542,-1.3892091417966512,0.1619951187599633,1,original_12_17.png
0.06200572887477427,0.5092639525109598,0.45590804372930394,0.9520411834888647,0.0787444643610291,-0.10758649575428221,-0.014227302538907501,-1.4739547942457734,0.09013057765419363,1,original_12_18.png
0.05825423413363112,0.47244200408964276,0.49508510369191866,0.9470799293738231,0.07539111380045706,-0.24197149671641743,0.06557922295428635,-1.5067919614160843,0.14362630630849704,1,original_12_19.png
0.07374522292993631,0.44625569248948976,0.4909435135602004,0.9373046588710356,0.11546708420181309,-0.18284781479272524,0.12129609843614587,-1.350125817156868,0.28164072198981893,1,original_12_2.png
0.05953849093309248,0.44469557870990567,0.46000461751956906,0.9524775756871587,0.10312123947051745,-0.01711419483164488,0.5067109947987133,-1.4300916624617095,1.3863148190862686,1,original_12_20.png
0.07010436539108966,0.4920692678754459,0.47856189015840384,0.9418922019767182,0.11181914189056151,-0.29038460562527313,-0.05870870628756427,-1.3357922648832874,-0.03556003257879681,1,original_12_21.png
0.05877342419080068,0.5176399090637027,0.4963775577063482,0.9505953813355146,0.0868879340764265,-0.1311666601260517,-0.16565040510579213,-1.4242736226864106,0.21986138076642048,1,original_12_22.png
0.05989712958354073,0.45583323376234725,0.4655062932650862,0.9360718479965893,0.09994972640966418,-0.19578178756096665,0.173011525780031,-1.4750093618989084,0.19398261197541977,1,original_12_23.png
0.056040518853942005,0.4352564758429301,0.463500941438963,0.9193016022868377,0.08233960110537066,-0.06648628394364091,0.27985095913092967,-1.4569281874126043,0.3249891126897295,1,original_12_24.png
0.05756808517544714,0.5730093635971065,0.44538022791946297,0.9439411718752871,0.08467616796772422,-0.16957656450958217,-0.1741146600299136,-1.402281658831552,0.7607163957883398,1,original_12_3.png
0.05842442715997478,0.470160279840417,0.4882555156214967,0.9524040051587707,0.0953307893495691,-0.07691689378392551,-0.01434157794155013,-1.4958866360726806,0.6953798797411306,1,original_12_4.png
0.0641279972399517,0.4885681883371538,0.5014730556484582,0.9447386730681948,0.10267131064534937,-0.1986998186339054,-0.06309748268925211,-1.328809840665995,0.28197248932342545,1,original_12_5.png
0.060191079798922936,0.48374831495326637,0.48360096438792033,0.9357649579649637,0.08652562077591057,-0.07379442500614744,-0.07875053046996702,-1.5094585356408359,0.321326787866286,1,original_12_6.png
0.06872441184626175,0.4169049907511516,0.46551383517882444,0.9413656887509859,0.10707780931000889,-0.11372433597020362,0.37402765585004705,-1.4506895023930526,0.5246559578994967,1,original_12_7.png
0.061479591836734696,0.47608669308330004,0.48335117746606737,0.9343840051267202,0.09838327104316673,-0.19200767295773807,0.08749065703525757,-1.3889113647127658,0.3239113907334765,1,original_12_8.png
0.05007871133077064,0.6051235064291575,0.40513332706262306,0.9309190465483557,0.07354419694941317,0.13943807944604764,-0.5840349737166503,-1.5664679335390674,1.8394463023556167,1,original_12_9.png
0.09294560314968478,0.5134927727421025,0.47845589875463485,0.9876640222132316,0.12341866390197095,0.09510274933344684,-0.4338836483003368,-1.304004301281328,0.4640107644212219,0,forgeries_13_1.png
0.08073885384656855,0.6510497516263923,0.4891779525400815,0.9716547020228957,0.1065072450884523,0.10357390516433619,-0.9836344950294654,-1.2101001494655343,0.8675831221970771,0,forgeries_13_10.png
0.07904875315214346,0.671649339007326,0.5425479498854968,0.9754841646577976,0.09329530423280423,0.021651863485394506,-1.1185226588295847,-1.190491809003429,0.9903111976152705,0,forgeries_13_11.png
0.09813084112149532,0.49023844944696354,0.4598497700361638,0.9877631877711852,0.11809366229631801,0.20431349246849304,-0.4372412328028365,-1.3552756364020606,0.4976386614650523,0,forgeries_13_12.png
0.09550308317040157,0.48258728587888267,0.4948846990456468,0.9880353964860844,0.1221101662322123,0.05408652321109822,-0.3454539648657176,-1.4557828815475558,0.7788652758768526,0,forgeries_13_13.png
0.08213869787045253,0.5310642549702808,0.49711627524192886,0.9879337768688241,0.11339081504732193,0.034582723781296384,-0.06613161164743218,-1.3359457542669753,0.6999604819247169,0,forgeries_13_14.png
0.08760036265324958,0.476032170273008,0.5000671299579256,0.988054602951729,0.11540944797159151,0.04383578777687534,0.14410092265003677,-1.3823174584506868,1.1273661061966864,0,forgeries_13_15.png
0.09298936135173413,0.4836720311186293,0.4683768876023458,0.9851166379803127,0.12079754404355686,0.17019673341981983,-0.3774696109105795,-1.2651057383237976,0.49390026673722476,0,forgeries_13_16.png
0.0708793588910548,0.5629445717681012,0.4350688441245717,0.9790723959160381,0.07364109949705773,0.18224819129285397,-0.5177803006242546,-1.3827914151607592,0.7021681167521998,0,forgeries_13_17.png
0.09325709779179811,0.4783711020084567,0.4920386741007018,0.9839289602628535,0.11968749670521998,0.08516862757067305,-0.18697384234610567,-1.3061723047709264,0.23101278988156215,0,forgeries_13_18.png
0.10346257716049383,0.49405938286566603,0.47354158250727657,0.9910821403507425,0.12630847669174702,0.14003772013767943,0.05533205817892566,-1.3140570794786022,0.5477849281375602,0,forgeries_13_19.png
0.08824306684498402,0.4454698361332545,0.46207541196581486,0.9860522617074576,0.10230437850484643,0.15558401547602677,-0.1577939079987207,-1.3021975701153996,-0.3107023872834209,0,forgeries_13_2.png
0.09322950465065974,0.4752612476233351,0.4993077529609645,0.9854313835305392,0.11879472767184777,0.039973252951212665,-0.11190450781109891,-1.3005874502477965,0.6106209987516631,0,forgeries_13_20.png
0.10323890228336406,0.48518053810189127,0.48360300343154794,0.9854517164593117,0.12025440616191548,0.18951725488270757,-0.34737195046740493,-1.360024313900113,0.04873831576539445,0,forgeries_13_21.png
0.08806146572104019,0.4861299522426897,0.4953259210926064,0.9868674493285527,0.11215656755739556,0.09324996955330886,-0.17436989402282885,-1.400901527334225,0.6584644629274998,0,forgeries_13_22.png
0.09490114464099896,0.4531367902282588,0.48888977315600834,0.9883518379763929,0.12680462540263712,0.10458616637379142,0.1064541569277022,-1.3728550316253967,0.6971137695427161,0,forgeries_13_23.png
0.0939712918660287,0.47789799728445354,0.49280225884095535,0.9845754127689075,0.12276662464708762,0.04232127674137536,-0.23010403839685942,-1.2942380685220023,0.8190271272731642,0,forgeries_13_24.png
0.10142908390132396,0.47610736708208234,0.4846187958391835,0.986502201254389,0.12528208563037765,0.18596495661036785,-0.21050931943398643,-1.3182083370709732,0.43546027643918306,0,forgeries_13_3.png
0.084770237587139,0.49278952146284527,0.5223174426454863,0.9844178968536905,0.12155614716892602,0.017070884306018427,-0.35155826889336783,-1.3374914412850598,0.24864397148321293,0,forgeries_13_4.png
0.09097291796502134,0.48964689908090575,0.5029251755132534,0.9871625754007728,0.13098591549295774,0.121558864919595,-0.3191125168714017,-1.3068197668885428,0.0678734664882894,0,forgeries_13_5.png
0.08587792057849482,0.5155562733993578,0.5114208574063751,0.9794472858999634,0.11545806398905262,0.05046448883724835,-0.46112639424725416,-1.1257796149187211,-0.18321155614774476,0,forgeries_13_6.png
0.09373639852807344,0.502595289660629,0.4796504721418054,0.9675783922403788,0.1124294053438375,-0.029131103137282368,-0.19932084176148362,-1.1115212477163399,-0.675997681631098,0,forgeries_13_7.png
0.0780354233299137,0.46448708967919555,0.48231774333441474,0.9565404737475685,0.09610471651663369,-0.04107068689101016,-0.10524041675110102,-1.1893858651217817,-0.6999908351084172,0,forgeries_13_8.png
0.0979614020860473,0.5583005251478809,0.46648297539755434,0.9615471038420818,0.10999709386806161,0.061739814120220726,-0.5098440572718369,-1.2087822133330888,-0.20475680877676172,0,forgeries_13_9.png
0.11478613479248602,0.5912920500709901,0.4401035634910656,0.9825758041193544,0.14107721868620152,0.22852625849509534,-0.4520716547570492,-1.1777834961112181,-0.7117153422405096,1,original_13_1.png
0.10962566844919786,0.530801418867621,0.43761449927757917,0.9781403800742692,0.1432274699530061,0.24802776335468701,-0.4996427616172854,-1.0968307103324426,-0.7546046547169638,1,original_13_10.png
0.11821326173030537,0.6101638825530343,0.4235208912223931,0.9794334249785661,0.1477888568055417,0.21516522975043056,-0.7053979768632685,-1.191278586057929,-0.28778540558683563,1,original_13_11.png
0.12031692587248143,0.5671381860165868,0.4146532883901013,0.9867769945191982,0.14189146602798436,0.2063549849931342,-0.8476454975888761,-1.2835320280474656,-0.01670485381483333,1,original_13_12.png
0.10057579960492583,0.5094533026522161,0.41109739572133935,0.9762205471015227,0.1395721847158834,0.3545378433700694,-0.38164531704234084,-1.0633590356954932,-0.7464214972248171,1,original_13_13.png
0.10603838161593937,0.6138670082185932,0.4192996071941488,0.9830658090978706,0.1258012123321442,0.3036156747452055,-0.8144620950146019,-1.1427568329685867,-0.10802930969055868,1,original_13_14.png
0.1063129070455891,0.634573487514664,0.4125443045096164,0.9814822010394757,0.1399097461203818,0.2504727266822843,-0.931926535537131,-1.199929088010551,0.33942444014707407,1,original_13_15.png
0.10632030590013783,0.620810707973728,0.40608991113434395,0.9820141022847264,0.13716604763885104,0.27970621640651866,-0.5468210211783519,-1.1359042277096518,-0.5895079692061747,1,original_13_16.png
0.10651290430702195,0.6055634141974982,0.4341748631140266,0.9781803007527285,0.12800372594187026,0.22632834992056225,-0.6752184113242576,-1.2021214999508567,-0.3933501758813849,1,original_13_17.png
0.09522604588394062,0.6663155937937223,0.4309242982847943,0.9762335133715062,0.12541193024030806,0.23035471920410194,-0.9445558511548343,-1.2140164856515119,0.22883782998465785,1,original_13_18.png
0.09431724422442245,0.6414488791689448,0.4235252721554277,0.9778078560811289,0.11777508757469607,0.3174951677041296,-0.647844989505405,-1.168370235714364,-0.4961065535044873,1,original_13_19.png
0.12457566680929967,0.5998182972441128,0.44645286217604924,0.9796994078855781,0.14500116213434272,0.1558834120862461,-0.5506441261313869,-1.2760523863261675,-0.8520344855706665,1,original_13_2.png
0.08915183171659027,0.6224794130959056,0.4239652345894403,0.9750387384026713,0.11441991973732214,0.295193567152099,-0.6789055922323556,-1.1196889051660708,-0.4614902023271914,1,original_13_20.png
0.11411421911421911,0.6110435372002118,0.40881881319579205,0.976205658829101,0.13391049838612615,0.3879574470796795,-0.578979183624169,-0.9814933375075285,-0.6768561316055619,1,original_13_21.png
0.11176276065981948,0.610177841043301,0.43429313534946073,0.9725844203930334,0.12859940686027643,0.20031792898981665,-0.5662124030911718,-1.1815250447828975,-0.7565227380719195,1,original_13_22.png
0.08326863354037267,0.5408596736596736,0.4149910958606611,0.9710716343390334,0.11293991280722815,0.23268694382560057,-0.5492186855822303,-1.1950958278753758,-0.5180102875047936,1,original_13_23.png
0.08960965417586066,0.4799993173828458,0.4345205026606857,0.9820514252456463,0.11901242252133094,0.21461891270924258,-0.7060414701978448,-1.1874328848896814,-0.453790271774821,1,original_13_24.png
0.11495152870991797,0.6208575101212144,0.3983594090708881,0.9798973490192154,0.14525552030656155,0.2661711904261494,-0.5766439148479947,-1.1106877344684265,-0.8403365340015556,1,original_13_3.png
0.11418333662500353,0.58961770096884,0.4586977307749258,0.9845035529480534,0.13877173130336384,0.16917296786311567,-0.9893530714760287,-1.2847731439933532,0.41100238990771754,1,original_13_4.png
0.1119249818722578,0.5747657415605149,0.455120657876683,0.9809325514309489,0.1381795560410882,0.18243684896170553,-0.8107083485397678,-1.1914355899969784,-0.24919156115557017,1,original_13_5.png
0.10733309171581387,0.5849444645099385,0.4183322956824731,0.9817897829223293,0.14082132564841499,0.1501340752580793,-0.5629446120830991,-1.2433911016366637,-0.5751266891114537,1,original_13_6.png
0.12804981973123566,0.5992726831469536,0.4677214495986576,0.9788115733367588,0.15124579958808865,0.16746920860843814,-0.7148350560906117,-1.123283342540264,-0.5169652325085332,1,original_13_7.png
0.12956241177656785,0.5737374351491569,0.47128090419258933,0.977310086256926,0.1474257851713753,0.18670680570300624,-0.7257398675123482,-1.1089435851464835,-0.4888482877063205,1,original_13_8.png
0.10944112521782424,0.5745797579036135,0.43256946764045434,0.9808153890303768,0.13713996048663823,0.2441091824830038,-0.6522421664740595,-1.2221954490634444,-0.5365785031193822,1,original_13_9.png
0.055164383312410165,0.500140969444208,0.4621050029242508,0.9204829459434989,0.0723826348520477,0.337074239394184,-0.29758714600671793,-1.4448891197077305,-0.4545516759662718,0,forgeries_14_1.png
0.06522198731501057,0.5562317186615902,0.5026622768509618,0.909991438782735,0.09471235594180993,0.16001135897834942,-0.2509118254749564,-0.9710441985296261,-0.26730745038584747,0,forgeries_14_10.png
0.06216591070960003,0.5158076724646913,0.4762189781705609,0.9330128966410413,0.08314615754853201,0.24613252043707423,-0.1017046538987052,-1.2150129472956146,-0.2853671347388267,0,forgeries_14_11.png
0.05000815660685155,0.4482486543793835,0.45800844157589216,0.8982533677549193,0.0645174868592054,0.10971591781556743,-0.1421602252961558,-1.4955171282174031,-0.28128578456648556,0,forgeries_14_12.png
0.04974623655913978,0.4258314600265145,0.3954526024554729,0.9342663673375083,0.06976716129810592,0.46175606836216565,0.3029567437259918,-1.3419800440251386,-0.12958805579177968,0,forgeries_14_13.png
0.04465978788235448,0.4936275729311533,0.4392284186110099,0.9445724595726576,0.06266706630047161,0.2579799515023236,-0.32046818509896885,-1.5734317285248756,0.022932916082940125,0,forgeries_14_14.png
0.04766781852060642,0.48665435057207396,0.445642069789889,0.9230716044466841,0.06620090363605938,0.28734009980737807,-0.15480399019036944,-1.407063365494186,-0.22447927454832506,0,forgeries_14_15.png
0.05022478604701549,0.5175678889684988,0.4574076717353009,0.9160476748185008,0.06161470734813666,0.15467984603675852,-0.3585931944498064,-1.5941859468059416,-0.5310511885353515,0,forgeries_14_16.png
0.04448295110945713,0.4472458733243047,0.4271401947659921,0.8673106239024622,0.06018882769472856,0.2636925640745377,-0.039435174520987146,-1.4255687232309582,-0.05523144331362184,0,forgeries_14_17.png
0.05443474433277089,0.5146073222744875,0.468735157892691,0.956360227944232,0.0695533400735171,0.20062089199970964,-0.445274243852707,-1.6016731509449993,-0.24382298165617566,0,forgeries_14_18.png
0.054584082366399736,0.5369423592256922,0.47361904082112954,0.9414320861845761,0.06817507051313772,0.09531875585819953,-0.5353606736750909,-1.6473102091003806,-0.47994740002068914,0,forgeries_14_19.png
0.04177757726144823,0.5093275754722839,0.4956803455723542,0.905028065738263,0.05469984493834453,0.03656144522113703,-0.43045247065995507,-1.6287604692659727,-0.29749905685824674,0,forgeries_14_2.png
0.05183571813216401,0.5171672717876687,0.49445211082322027,0.9352141250208191,0.06365015733945767,0.03363167885446272,-0.5532933493537207,-1.675290637211274,-0.4541394194309545,0,forgeries_14_20.png
0.04748449886194176,0.5126389978082081,0.4665119968008531,0.892622272823315,0.06197595742610264,0.18208577036364174,-0.5573209863446905,-1.5420922488771598,-0.3598797039501642,0,forgeries_14_21.png
0.05000966794986728,0.5445638796928289,0.47114253434238373,0.8973476996311395,0.062877791652393,0.13686410168765215,-0.5679250201099508,-1.5849287938539511,-0.35144899526816786,0,forgeries_14_22.png
0.04687893736519529,0.5119671484319088,0.43812902079367755,0.9017520100719315,0.06004343521096712,0.39572124158757815,-0.5540779906270821,-1.3947443282183891,-0.3657421335397304,0,forgeries_14_23.png
0.051297277985380876,0.45257530471648116,0.42041051636088517,0.9523009003739902,0.06836666409286284,0.37469794337823087,0.1539065784136914,-1.5441847379653892,0.022261383658651823,0,forgeries_14_24.png
0.050071845962256924,0.49771497309806034,0.46401986190583855,0.9108634022403319,0.06756459806367385,0.0203389106262645,-0.16427855181195336,-1.5058145784610895,-0.5585613240651721,0,forgeries_14_3.png
0.04356622605880766,0.5223977594925037,0.4768456263124306,0.9553466277692675,0.06126319782512486,0.15253779412139085,-0.42682020583269387,-1.5945547600050647,0.1459292968003183,0,forgeries_14_4.png
0.05379570336707292,0.45930342994981604,0.4689996094882245,0.8729262067540885,0.07633179453359713,0.1875600124080435,-0.20382931706056262,-1.4733332690623058,-0.3464152084347929,0,forgeries_14_5.png
0.05014756793741894,0.533196707247577,0.46481915379564065,0.8917475195721397,0.07253484198320495,0.2027063665008246,-0.6263779666086157,-1.3499871830362242,-0.11446453196059458,0,forgeries_14_6.png
0.049531936572629436,0.5399606262648371,0.49397473661031294,0.9073298592315225,0.07175718063841564,0.14529223775114508,-0.7551975393281308,-1.2024335416277243,0.17220478587491295,0,forgeries_14_7.png
0.04243960310612597,0.5159113370040943,0.44840099707681513,0.9008041652731927,0.05350198961232019,0.10272380470339375,-0.041781029184191604,-1.229447104421098,0.10230754644337381,0,forgeries_14_8.png
0.05616263619452565,0.4841205080392453,0.5072218422965051,0.8840123818237717,0.09024219443875112,-0.15806381264341166,-0.2813715443672705,-1.1247502921873,-0.10291839054731078,0,forgeries_14_9.png
0.06877662811929397,0.45599490960610006,0.49642741107396005,0.9484156260631883,0.10388922939767092,0.0342691171530313,0.0067957888243828455,-1.3408577928255678,-0.36355477897894906,1,original_14_1.png
0.05403950697023521,0.3975832370714381,0.407199049137512,0.8628068423702027,0.08342921428754059,0.5335864191157069,0.487729040297146,-0.961212189153628,0.1091763245193964,1,original_14_10.png
0.06925234240550704,0.5066645508354889,0.4707969509855877,0.9348412190389427,0.09380935935071663,0.2541532428520454,-0.35790401948536593,-1.4743534819599005,-0.2968586274989309,1,original_14_11.png
0.07048243757934829,0.4492814034572402,0.507251546670905,0.9460512341958263,0.10797523474051583,0.059793729626713976,-0.15755714326875833,-1.4346774286285235,-0.036110442472364834,1,original_14_12.png
0.06323924731182795,0.4339771058190036,0.45248717739112576,0.9443568249177956,0.09380199826704393,0.35536139302545694,-0.02873432322123139,-1.334995471192934,-0.22516167413972932,1,original_14_13.png
0.06291056987691797,0.48307758379141813,0.464287510160967,0.9429576237539211,0.09240455622126237,0.4021000802835594,-0.264883313708864,-1.2263754829672953,-0.10459947946737636,1,original_14_14.png
0.06754083275822406,0.4948616993444695,0.45806247567146746,0.9610111889775995,0.09166621135368452,0.23438856595267815,-0.4184171400293552,-1.5649159009134213,-0.30879291833284794,1,original_14_15.png
0.06656941578310681,0.4616886394679019,0.44573402345443697,0.9530413819648438,0.0909702357317083,0.4569119113583147,-0.301399673285294,-1.2412861463694136,-0.09975109795242387,1,original_14_16.png
0.053165307635285396,0.5047181396615423,0.4309113087608406,0.9197486238015952,0.06980728051391863,0.5306578694898897,-0.09440356681227753,-1.0720675751577093,-0.08802338618809769,1,original_14_17.png
0.06149630319011427,0.539860242127939,0.4567849335799563,0.9364088332566306,0.07743035889824164,0.25032540537293624,-0.5476447132471807,-1.484372064613203,-0.32659415335658704,1,original_14_18.png
0.062017586392168686,0.43628928707763137,0.46122224846144877,0.9576840348733318,0.09093966179861646,0.32854275816165995,0.09465662090078047,-1.3730864565107042,0.4092188100641012,1,original_14_19.png
0.06957218027911233,0.45373434612696617,0.46100638938096905,0.9223838716799302,0.11947354635935045,0.26003746198735506,0.12810030606490339,-1.188699634399321,0.1620451135966734,1,original_14_2.png
0.06101922768589435,0.48778432280200856,0.4525551803638379,0.9518375212671124,0.08402826134954737,0.40072395869982713,-0.2717024921090157,-1.3926241208037824,0.06055799292118014,1,original_14_20.png
0.055197032048883904,0.46312825452428197,0.4328291861474578,0.9684655389087947,0.08152411649591343,0.2447886026744466,0.034537508881673736,-1.5400858197400513,0.03337021279593477,1,original_14_21.png
0.05992262063922555,0.4802940918397597,0.4478474897967225,0.9275933323317874,0.09611378555798687,0.2497552008719869,-0.08712504441536965,-1.3738038647861415,-0.38187934208906293,1,original_14_22.png
0.052952298744271126,0.6011718161420649,0.5224628081389745,0.9253178453640232,0.06390485580172504,0.0355887173967273,-0.9525958282681146,-1.5661844763503536,0.3328351433351373,1,original_14_23.png
0.05581090953366614,0.414800028750029,0.4781667476524821,0.9242110428312925,0.08553368165702556,0.1408627202081747,0.08330909843396725,-1.3951506962937117,-0.024060539678743886,1,original_14_24.png
0.060145095939132455,0.5395303453447547,0.441094422258712,0.9122438083871649,0.093213902612808,0.2275317248244398,-0.46251730808710567,-1.294278349229432,-0.43115314012207273,1,original_14_3.png
0.059830821165018054,0.4726726165625419,0.4744671846597452,0.907786128051938,0.08471879667905652,0.008601209821536145,-0.22744917729814523,-1.4074294932210292,-0.5706824453561326,1,original_14_4.png
0.0599326706597001,0.48892656368333354,0.4828765343854898,0.91200637863164,0.08179815343585581,0.2072677377187231,-0.014372396090956276,-1.3820415012454905,0.0063760085387940535,1,original_14_5.png
0.06586224233283057,0.4475555746634099,0.43194804152233685,0.9355269956336092,0.10025972757101799,0.31400704567794646,-0.008667673060333933,-1.2894294241799007,-0.3462008251984332,1,original_14_6.png
0.06262555501756482,0.5033559589793665,0.4582647671384486,0.8900066248910442,0.08315379827783136,0.2976770783888273,-0.3454987961832403,-1.2985204409166617,-0.33953580805123407,1,original_14_7.png
0.06107235486344086,0.4892496549720346,0.43710491275270547,0.8774735868878688,0.08505804575504919,0.25470516393635895,-0.18081997028361282,-1.2660687446732382,0.031056358956579988,1,original_14_8.png
0.05475988700564972,0.5681771925503974,0.454904851976041,0.916977355306578,0.0744141112340932,0.21413394989963852,-0.7014957674070705,-1.5263953168732045,-0.12550463650802213,1,original_14_9.png
0.08832425892316999,0.5166421374391487,0.45542068875112157,0.9839319722188453,0.11032114030568435,0.059271473577934365,-0.48489376083735364,-1.3760343294798796,-0.8887678198474123,0,forgeries_15_1.png
0.05277875992414258,0.44014432468457704,0.4338278930211422,0.9789377735987238,0.07703224141773102,0.1370039587514504,-0.3854222034182108,-1.346703671385439,0.053008669528579855,0,forgeries_15_10.png
0.08577159749034749,0.6015747152110789,0.47429091097490517,0.9757440945369876,0.11287761502123775,0.1625914505003451,-0.6907948357350222,-1.0956889026800645,0.13495450992273827,0,forgeries_15_11.png
0.0842758471832506,0.5854650200362933,0.4509355554120104,0.9755953680171706,0.10148807589836896,0.023984917952485075,-0.6462577361302804,-1.4290968090747056,-0.5660051758851745,0,forgeries_15_12.png
0.08221442062905478,0.5669582086006901,0.4570937241058355,0.9630398487800499,0.09828923469638211,-0.06958682611905982,-0.43705625104334533,-1.4244198505660655,-1.1784438618100765,0,forgeries_15_13.png
0.09314073023750444,0.5626149408261683,0.4714951643785423,0.9502846788584842,0.11180586747358219,0.10844184128593436,-0.442228673332839,-1.2355627291717899,-1.1350040903491323,0,forgeries_15_14.png
0.09075537345949988,0.5333654939741731,0.4990018655478529,0.9724416949235946,0.11804596080642887,-0.10612739066015732,-0.4489075956602214,-1.250684224562181,-0.9257147543511399,0,forgeries_15_15.png
0.10557872784150156,0.519089559530077,0.46918343617327923,0.9779633750249135,0.12505281632918386,-0.01661092188758337,-0.43073442989259814,-1.4197541249898322,-0.9987049041616096,0,forgeries_15_16.png
0.07767658926285427,0.5408592700304765,0.43569843710548434,0.964175799089212,0.09670358490185398,0.042956112334437836,-0.48326027078295913,-1.3632714717128651,-0.7302679579627802,0,forgeries_15_17.png
0.09564798915005086,0.5803586834065789,0.48579415330016945,0.9644202788626542,0.11659378166497787,-0.04742474283642911,-0.46483768724104485,-1.339087065621407,-0.8932070130586727,0,forgeries_15_18.png
0.09598948060486522,0.532154512029364,0.47226024895501534,0.9568230618437262,0.12560540402752995,0.05974448272197163,-0.41135816462045377,-1.322783409904168,-1.089586089755089,0,forgeries_15_19.png
0.0698683110367893,0.4974211543256046,0.4701439769730232,0.9691733252537126,0.0950958426686582,0.033727364732971436,-0.44875713958135793,-1.4020245901840833,-0.8136409910056734,0,forgeries_15_2.png
0.08520904704353595,0.5456310024045792,0.5093558341068071,0.9626827589773697,0.11286304057388395,-0.10955041809663003,-0.3506199764689244,-1.2934477119934975,-0.6866534740264179,0,forgeries_15_20.png
0.09254940758014746,0.5283451067773739,0.5030196569635372,0.9693807391453874,0.11624604278233083,-0.11163569330503449,-0.3920380352744656,-1.306357405401944,-0.8292507823986734,0,forgeries_15_21.png
0.08131161691881332,0.41422339535637964,0.4952427277199379,0.9654513839105822,0.11456049671152646,0.02559991945061119,0.3695510099362061,-1.3124135942900421,-0.4306046054653132,0,forgeries_15_22.png
0.08798877274487031,0.568880088976888,0.48693542681297924,0.9692364642355954,0.10577818114120822,-0.033179983167792075,-0.5519296292869592,-1.3625677611262343,-0.7233760272187779,0,forgeries_15_23.png
0.09281725399576353,0.4994705221300138,0.40889909353718257,0.9793517292269169,0.11408452787763132,0.20832528669757436,-0.3836769052149081,-1.3548446810651862,-1.06359722071958,0,forgeries_15_24.png
0.09164611309034439,0.5207990190417728,0.5140330442914461,0.9700247616725737,0.1088581155312021,0.0017946170036370753,-0.45258944292325465,-1.3606427074761303,-0.945455119280866,0,forgeries_15_3.png
0.09301231176231176,0.5221209945758695,0.5097272707692508,0.9730608626328713,0.11213162010487902,-0.0033184982526099018,-0.3615231793442576,-1.2248575533325965,-1.237013955435877,0,forgeries_15_4.png
0.0930879605707699,0.5207584572819968,0.4770455330608385,0.9802656471353872,0.11390496571178445,0.1279404892575188,-0.6247540491692709,-1.3695014935380228,-0.6018109145032304,0,forgeries_15_5.png
0.08235334809075816,0.39726090093582744,0.4784170143935251,0.9852862765593797,0.11498341972248156,0.15752022804139065,-0.12054388066043362,-1.2272596903926107,-0.029956039629386755,0,forgeries_15_6.png
0.06857582338038364,0.5678600225770037,0.46165213926875776,0.9808238394590922,0.0849292349757393,0.16497716561143178,-0.502402244219579,-1.2152892653876888,0.07075818570653958,0,forgeries_15_7.png
0.055270743931601536,0.48534023181060837,0.4623087850598876,0.9823867113882856,0.07591419862096892,0.13474580894839794,-0.40757232524850645,-1.3238075029338472,-0.11537743985058624,0,forgeries_15_8.png
0.05969137129719985,0.5139248695951598,0.4623851123657825,0.97628864554765,0.09103636157251505,0.11926470407360339,-0.4627189223555266,-1.2583671718081242,-0.11089059566025838,0,forgeries_15_9.png
0.10136178027860814,0.529796811600975,0.44104867802353,0.987238793098081,0.13027320208919244,0.23636940420801528,-0.46897320480218957,-1.2540641511308708,-0.5996138317519839,1,original_15_1.png
0.09722767740246138,0.5055058956936188,0.4572371478744972,0.9894788469325831,0.13350261791869847,0.09824194050013098,-0.3362878779502609,-1.3707054619951031,-0.4609509316604381,1,original_15_10.png
0.09218135554013417,0.5367791431608991,0.46400267575377363,0.9881791701591849,0.12793707486405684,0.1093344106362141,-0.5273921842860295,-1.3846963284125342,-0.3413342521618148,1,original_15_11.png
0.09694087615283267,0.5533508529765697,0.4415453714483325,0.9901603655039626,0.1325843962046344,-0.10397577846192854,-0.49314183329426275,-1.33750115167799,-0.15779618288746766,1,original_15_12.png
0.08822363203806503,0.5100916162489196,0.45703437713167816,0.9887535335454729,0.11461588653456506,0.1004955246966157,-0.32285635303574023,-1.3875534031157957,-0.18199762580749423,1,original_15_13.png
0.09416917601970982,0.540071004218291,0.4487839319705371,0.9907306135283195,0.13536497387578428,0.15967909426963853,-0.5986662678759291,-1.3404972898301857,-0.19404464681146028,1,original_15_14.png
0.08266335129161487,0.5548062550002105,0.46799183788347876,0.9889503584225184,0.11079840023700192,0.06126075576834398,-0.46280783470532416,-1.4768473420749944,-0.2953831508139193,1,original_15_15.png
0.05656447997740951,0.3572697363340078,0.449612209087294,0.9871720405602836,0.09369701222007835,0.03892550625213315,-0.45389772834200315,-1.3110763119764453,-0.033807932528191476,1,original_15_16.png
0.10174717368961973,0.5528056142242993,0.45399375686616483,0.9878162535277064,0.13948284435604177,0.02637189220127096,-0.4726001070713311,-1.3040130165546313,-0.258523819676586,1,original_15_17.png
0.0834060620356174,0.5537564292457436,0.47069811215785184,0.9877780777847462,0.11184564289103274,-0.028722797626340682,-0.5641032674569393,-1.3698100092953418,-0.17427539696460537,1,original_15_18.png
0.0809508747171464,0.5656480189071564,0.4596263095262882,0.9845436976314322,0.11898290537157571,0.016611648159332942,-0.6446603707771402,-1.2936900844950492,0.29670320833261066,1,original_15_19.png
0.11629054137378221,0.49233776225230286,0.4565825053930058,0.9853329351944287,0.15476353291939057,0.07152795304992086,-0.3006690849352723,-1.3053090938712093,-0.6825388273188358,1,original_15_2.png
0.08213460949890097,0.5247770095811194,0.4302769518419566,0.9897574472036207,0.13249253831826036,0.24320667689344283,-0.34197991633744584,-1.2089947560437568,-0.4604439796062718,1,original_15_20.png
0.08979741095589848,0.5097163642825506,0.44427056379710744,0.9878336940828838,0.11618752010901452,0.18134703339129246,-0.19629171385330108,-1.281348421673979,-0.33851179285305033,1,original_15_21.png
0.08340480274442538,0.5153963946808848,0.466197846927342,0.9872418661967921,0.12088462268874195,-0.048089446745727446,-0.4059116249412348,-1.330806399749445,-0.052408579666450184,1,original_15_22.png
0.09572922204501152,0.5146898455117633,0.4290931161875646,0.9892304956760838,0.13619059624353966,0.18259876429703045,-0.5723001200764332,-1.2669938374348662,-0.23279625059165587,1,original_15_23.png
0.06348687436660237,0.3203869868924406,0.4555356488732073,0.9856679697490209,0.09604035475256338,0.006035490957515906,-0.22463644415954587,-1.4103067117316321,-0.1596473348158569,1,original_15_24.png
0.10533498759305211,0.5549477515025218,0.4564995292796501,0.9862488910227267,0.13780603273366698,0.025888716548782637,-0.4204358842275539,-1.3656944198107641,-0.2952581491798192,1,original_15_3.png
0.0963365434669443,0.5067470030753781,0.45178714216182925,0.9918586505251905,0.14104701567189062,0.08553456143869273,-0.5092795441346994,-1.460794653652472,-0.4829525048668524,1,original_15_4.png
0.10291447682752031,0.5006149664257936,0.45418978009507255,0.9879611367541238,0.13503573368997368,-0.01274831870182808,-0.046634206798993875,-1.2858952328073898,-0.26423272090073624,1,original_15_5.png
0.10000663834306957,0.44964380541463184,0.45203406058258083,0.9894548473916387,0.13649851632047477,0.05328733217339284,-0.2305197936047224,-1.3059724989172916,-0.6099502290602818,1,original_15_6.png
0.11068637444784234,0.5244847810627556,0.4476291179898241,0.9874256167775362,0.13987590441634282,0.11558026109740142,-0.38564586612329227,-1.3332137443064607,-0.5091789000697569,1,original_15_7.png
0.09045748091947795,0.5245258833512816,0.438486774998401,0.9875825089706218,0.13006211986753533,0.20912882290710497,-0.48473756313877114,-1.2654022097116906,-0.6847983173125791,1,original_15_8.png
0.10553060127295746,0.5077578343497697,0.4660286769194446,0.9881082805193392,0.12774756996200112,0.06672285295575064,-0.3506835670582236,-1.3628573601348652,-0.8608574274684915,1,original_15_9.png
0.1119992564364718,0.6644158250476265,0.45705541815142614,0.9951097600953704,0.1569657627928182,0.21216993130643502,-0.6742349440986541,-1.3311574521225606,0.3082988459314868,0,forgeries_16_1.png
0.08850906527186288,0.551030510907178,0.5296282245138383,0.9906278257171799,0.13323198715006884,-0.2164779620402516,-0.7552026029514506,-1.407266836471656,0.6426720402201642,0,forgeries_16_10.png
0.0808982683982684,0.6628543557891384,0.49607981304409876,0.9912159165015585,0.11060760196060297,-0.10994968220026746,-0.9050516524597353,-1.4514985314712094,0.6814318833644042,0,forgeries_16_11.png
0.08419714263529778,0.7324865423304877,0.429795424627317,0.993498013052237,0.12186556156493643,0.2855113443171685,-1.1540200261874616,-1.155924772100866,2.858800452069346,0,forgeries_16_12.png
0.14392943719150675,0.5857453525456844,0.4916766788285971,0.9880833593844028,0.1654274157001628,-0.018741906077195048,-0.5090875020726159,-1.400581906796516,-0.9464430750447872,0,forgeries_16_13.png
0.07361632149647977,0.459790130874158,0.5079092057969111,0.9921517128022612,0.09719772017912878,-0.047533137917192214,-0.44516433819044376,-1.4085726326610883,-0.04488508059830476,0,forgeries_16_14.png
0.12089307048984468,0.6199266771603339,0.4707881522659163,0.9907556477694504,0.14083976106246013,0.03529698685861056,-0.6748940207982088,-1.4214721096668372,-0.6721142376075804,0,forgeries_16_15.png
0.14039168932377616,0.6122713072824426,0.4961386431762947,0.9917329733295597,0.16623913230610313,0.04830982085951874,-0.5576903847555011,-1.388080336871644,-0.8184061249204908,0,forgeries_16_16.png
0.14334281863112175,0.57133195923291,0.4676966405759298,0.9908826467736347,0.1520992912309697,0.06743214598234043,-0.5584662834064298,-1.4023946814351067,-0.8192630022101572,0,forgeries_16_17.png
0.14620510684650626,0.5666468406141902,0.4909051567631292,0.9939920851030183,0.16781275281312055,0.01966713397476695,-0.5293919621225204,-1.456406949235527,-0.7861791260741828,0,forgeries_16_18.png
0.1273642200242929,0.5843983345791838,0.4873664686885957,0.9915374230929901,0.1461278120645033,-0.07293295524447888,-0.6352435958197231,-1.4172188774189656,-0.5331043050888074,0,forgeries_16_19.png
0.09639600521059488,0.4040693371943372,0.47063138366329854,0.9960412519801861,0.153124568906056,0.16907029864862202,0.08421472703180279,-1.368666748901666,-0.1355420168367183,0,forgeries_16_2.png
0.08290454688648535,0.39488380974067405,0.4981681295981723,0.9918435121833266,0.12372022565816966,-0.08943229005034468,-0.6113268764763656,-1.419254085017536,-0.6502921112811846,0,forgeries_16_20.png
0.14032693321753156,0.5899002515172586,0.490165514134061,0.9910185991389435,0.15368674944371782,0.005601300968814082,-0.6539338165313315,-1.3743471800772549,-0.7562664287924163,0,forgeries_16_21.png
0.10771515575079872,0.6019824976827715,0.4769174788997088,0.9925032228587355,0.14409496143443853,0.062497477540584885,-0.6265473876827612,-1.4552286441793059,-0.5538623094200696,0,forgeries_16_22.png
0.1438099943534726,0.5923619631901841,0.46630487610548965,0.9941569935017449,0.16404001368677415,0.13342188434550148,-0.5861353433809366,-1.43545219353145,-0.762621047055489,0,forgeries_16_23.png
0.14455238964595424,0.6005357488056116,0.46500448177818515,0.9923163670851112,0.15576477200871214,0.07604822752404637,-0.5728300589584466,-1.3390195848496094,-0.8396542840534442,0,forgeries_16_24.png
0.0796946484600957,0.4349752927613166,0.4838633136219543,0.9942961196523699,0.11589935760171306,-0.034452299128997214,0.48991513896422656,-1.3747753655065553,1.9856415436111101,0,forgeries_16_3.png
0.15401433487328656,0.5341080099696389,0.4505652098266158,0.9960950505734757,0.20260097536576216,0.15466148706506155,-0.3618460232344171,-1.3067722225678695,-0.431980397655773,0,forgeries_16_4.png
0.08381459676665733,0.4424742696106512,0.5246747831509979,0.9937048713133538,0.11680666796900437,-0.03232002040130632,0.2833162247309789,-1.459208694530936,2.1218219539611356,0,forgeries_16_5.png
0.15813852813852813,0.5856154521634949,0.46043434619947077,0.9957449348162618,0.1868016670501905,0.1318179398386525,-0.5509220811423552,-1.3114106156456151,-0.5239254687770014,0,forgeries_16_6.png
0.07302437801591778,0.4342922358101504,0.5548519576527117,0.9882320038276471,0.09928428407106037,-0.2760125330128924,-0.30619016606839883,-1.370915645537692,0.42449287487926846,0,forgeries_16_7.png
0.06951080320645538,0.43243212369704015,0.48379119168680235,0.985998435467253,0.09835680751173709,-0.05165184474064042,0.17296243313535248,-1.3987473049863361,0.4712279717090926,0,forgeries_16_8.png
0.0743334897410741,0.5167411318987148,0.5263036880079703,0.9868338746460416,0.11306773942382559,-0.1906107738331852,-0.47885063757855617,-1.3829227841665213,-0.02361693563328826,0,forgeries_16_9.png
0.1025488097952883,0.6592024029603869,0.493140052945944,0.9944947543256618,0.15623914263570035,0.16001962421444388,-0.9449792581901183,-1.465570506962356,0.7288429986779454,1,original_16_1.png
0.14475408183833904,0.6713727737799571,0.503707859511325,0.9945236527379667,0.17937989821088457,0.05606807912826911,-0.8097250735657358,-1.4246705658985157,0.024861361192006548,1,original_16_10.png
0.12737286659700453,0.6773436901443314,0.4847565554709633,0.9943431533038499,0.1679150523748027,0.17503614910675103,-0.9610916146352944,-1.4048131576742087,0.30142340313752625,1,original_16_11.png
0.1283327408460718,0.686732257140128,0.46917782791215695,0.9933314990854906,0.16098344085382169,0.1961469303494984,-0.9013107583691126,-1.4463593147756084,-0.04509318285717967,1,original_16_12.png
0.1511706985329836,0.672819752086488,0.4805727998687305,0.9960795815592274,0.17185299721125438,0.15080142837652102,-0.7415293653204837,-1.4395317577505289,-0.4361726971813398,1,original_16_13.png
0.1269812091503268,0.7003949743534753,0.5003146022764904,0.9957103274576327,0.17008179903154325,0.07287542469277333,-0.8977754443174757,-1.3926407877207885,0.6742565944846843,1,original_16_14.png
0.1495615200637789,0.6205116269757851,0.4739396011854474,0.9958187506905168,0.17359119089479041,0.1997428084804007,-0.6906010801457527,-1.388201724232566,-0.42842978440180657,1,original_16_15.png
0.06386414374580054,0.3331813795727957,0.5025199078312942,0.9957557957911324,0.1075286475439749,0.06243575122013973,-0.49478409567116693,-1.4083052446812248,0.6882990704892227,1,original_16_16.png
0.12426840887437049,0.6385828189170591,0.4944611587893577,0.9948307612676681,0.17100123080216192,0.13494647309671087,-0.5255158099491196,-1.3617063325955778,-0.08281105172507797,1,original_16_17.png
0.16525999094757582,0.6534512374715508,0.4920982255840789,0.9950434919284298,0.17905668541756814,0.08326601575404072,-0.7460374233726701,-1.4040400998167928,-0.512998858993317,1,original_16_18.png
0.16135084427767354,0.6300925486473659,0.4720525079004943,0.9956346654087272,0.18150571351041697,0.1842717152088248,-0.63896630585627,-1.3486486657967698,-0.5901030854053309,1,original_16_19.png
0.09921756139969572,0.6658784671395864,0.48733128426319794,0.9951740884515258,0.1595828356687156,0.1496789228749213,-1.0094987336509307,-1.4309034404115568,1.1182736290523714,1,original_16_2.png
0.1578268876611418,0.6685495201581215,0.4882210264018834,0.995900401465802,0.17469423412929527,0.11087497420628692,-0.8238369574847823,-1.4049251258815811,-0.3246363518613977,1,original_16_20.png
0.14530538289251832,0.64615057459673,0.48711781958061123,0.9954181031110029,0.16886003392408025,0.12423296677755871,-0.7833324943527505,-1.4623739140962284,-0.08202076236820632,1,original_16_21.png
0.14937611408199644,0.6674651635442634,0.5016616193016586,0.9949507904759719,0.1772419627749577,0.05160524867636771,-0.8793306316588937,-1.381353489768189,-0.014548966319524403,1,original_16_22.png
0.12105181867325662,0.670920879273282,0.4992682740275523,0.9958033160403121,0.16360932077342588,0.045186101647468696,-0.9014280140392524,-1.430238070274306,0.560129584150264,1,original_16_23.png
0.0810690487132353,0.3335695305580159,0.46413169840566876,0.9947918146986156,0.11349699418943644,0.23659915425468056,-0.6210166319964272,-1.3954964720817853,0.22468920289455463,1,original_16_24.png
0.1470480966491908,0.6405756717619882,0.4754530558907769,0.9946714353906579,0.16535513803091278,0.1806717878781935,-0.77618605649555,-1.4117437551026273,-0.3159034327193111,1,original_16_3.png
0.06578835978835978,0.33366483604862246,0.4858961985952496,0.9946439463188697,0.08686236429938664,0.15134572854285186,-0.6027761097660519,-1.400478602713885,1.061803607808522,1,original_16_4.png
0.10409311562224184,0.6712011840509842,0.49043896838014484,0.9950476707712713,0.16440146366962885,0.13811196884160498,-0.9007209378872776,-1.4051049119358212,0.675157366356895,1,original_16_5.png
0.12969460688758935,0.6681622504267796,0.49088300056903933,0.9925997887933469,0.155314623644758,0.13554704507447193,-0.7972096688628169,-1.4409198696919117,-0.2073988310302437,1,original_16_6.png
0.1267695718915231,0.6763236553221417,0.4655785749039668,0.9949246724761667,0.15015151515151515,0.21406215571351397,-1.0114952686922845,-1.4028507628718474,0.3166966261326336,1,original_16_7.png
0.10413292847503373,0.6999323979115004,0.5234464746021866,0.9947883082309873,0.15003402683258799,-0.11154609334194193,-1.1816290243882228,-1.4649784502359797,0.9238252310592419,1,original_16_8.png
0.12237110086826027,0.698928558256187,0.47356766577654974,0.9934733596039032,0.15458780197161737,0.16750095985401406,-0.9018764853918526,-1.4462016087256806,0.38108980643644363,1,original_16_9.png
0.09250668947668553,0.40244926065497405,0.5096391766356237,0.9419074690254052,0.11146200144026533,-0.1552566402801898,0.38995379547765746,-1.32391851272542,-0.3545763499389807,0,forgeries_17_1.png
0.08405940792372711,0.41640141617015597,0.5296681544156848,0.9369842396962889,0.10726586112371325,-0.123285356406656,0.3497949258629001,-1.3076396874088183,-0.17244891988541067,0,forgeries_17_10.png
0.08016589269546423,0.45508963604025804,0.47878530730997704,0.9486038038159328,0.11874951328620502,-0.06747925838129451,-0.10970142960170771,-1.1000029922641918,0.0947144822642021,0,forgeries_17_11.png
0.09224100087796312,0.4583468877889799,0.461426138196584,0.9397883357572777,0.10971709538693605,0.0691214592537299,0.34625651878873676,-1.4089979730821425,-0.2002524043480216,0,forgeries_17_12.png
0.098582137860469,0.4372103921707071,0.5288747916487613,0.9445507714237762,0.1318558551010006,-0.2228340443778979,0.2303522671196528,-1.3063056212955493,-0.4220347910728992,0,forgeries_17_13.png
0.1037914691943128,0.4606081515305259,0.5004081295691155,0.9458917326477232,0.12483848901725317,-0.09228485868856674,0.10880469467601768,-1.3724015265356966,-0.3238671674211768,0,forgeries_17_14.png
0.1141826845680801,0.4376184623681843,0.49117988273585994,0.9485047851274044,0.13396897830899296,-0.033283811211801566,0.149094066447725,-1.39167721564638,-0.6114437315737851,0,forgeries_17_15.png
0.1145144281468699,0.4553970736804338,0.4953918052065984,0.9415149045137589,0.1397064352010426,-0.0224906452157781,0.3335566316977988,-1.3338337094497803,-0.28619187722528316,0,forgeries_17_16.png
0.09590402969247083,0.45274284708625195,0.5099929657419291,0.9385774326653733,0.11354935624723245,-0.06933070735588832,0.3206613030536185,-1.3376562974064137,-0.340451190751649,0,forgeries_17_17.png
0.10265119668180035,0.4450885048156046,0.5046877491372546,0.9431748634595014,0.11906046638625416,-0.08882186943586322,0.2534137315971172,-1.3569280007334503,-0.38315775993310686,0,forgeries_17_18.png
0.11440717555825469,0.4541223697236576,0.5078373163178186,0.9523003062269271,0.14246862228944573,-0.045938892968192695,0.3292319943079949,-1.4313921312733648,-0.3775379029986472,0,forgeries_17_19.png
0.09547476245029989,0.45259226673493114,0.4844676084819853,0.9443138636415155,0.11091756047913567,0.036501860537865784,0.20862378482169994,-1.3294558700920887,-0.5162652559387846,0,forgeries_17_2.png
0.11371320037986704,0.43969279117099397,0.5233414087598153,0.9480709507382569,0.13787412394162937,-0.1645435836658091,0.2186564603133609,-1.3572726675354212,-0.506863385333796,0,forgeries_17_20.png
0.101950552517022,0.4740370333845869,0.470792089621114,0.9273321315571795,0.12519167673237216,0.027884596193425728,0.08034734118108534,-1.4222322817935318,-0.6230417497103842,0,forgeries_17_21.png
0.09740259740259741,0.4298704882314154,0.5096903644576992,0.9352895599058211,0.12421168083356184,-0.08827300966463354,0.15858783454622358,-1.272694926984735,-0.3939790076075762,0,forgeries_17_22.png
0.10522282667207083,0.39346472205099753,0.5218585451355762,0.9486404851990282,0.13051025858547774,-0.07229078662659225,0.5353385935867543,-1.3472407963801036,-0.0724323565501428,0,forgeries_17_23.png
0.09465639290860114,0.4387766249491658,0.49374458401641413,0.9452125502191004,0.12243823054743368,-0.041929893168654385,0.1373183617588476,-1.3578670770007795,-0.20984399649577856,0,forgeries_17_24.png
0.10252630361891549,0.46670090353501825,0.4926390417264122,0.945652122557637,0.11604586870818406,-0.0007996597935493422,0.09783002241027515,-1.3481629645122393,-0.5027194306861529,0,forgeries_17_3.png
0.10272357723577236,0.4293122086345517,0.5042253660466957,0.9503820248549267,0.12028464669062522,-0.03370130822560831,0.23419252057341494,-1.3037402005159437,-0.5836528779735173,0,forgeries_17_4.png
0.09706257138895674,0.43387732841182275,0.4869486873723709,0.9404072790190664,0.12618884120171675,0.03845176060043014,0.3571122773260657,-1.3790964757489488,-0.6333638009345468,0,forgeries_17_5.png
0.09821500740940321,0.40917210489942124,0.5013348345392505,0.947235603509016,0.1194253560810202,-0.08717276277332069,0.16313183519367647,-1.2401011631799528,-0.46748014442958485,0,forgeries_17_6.png
0.09224623104219877,0.4490953279429673,0.5030153240773607,0.9379372710779229,0.1142087589198265,0.007038675361051635,0.2067783566149491,-1.2144741043991643,-0.23241466615056394,0,forgeries_17_7.png
0.08874688001426279,0.43006532509136053,0.49120364815069406,0.9465102174183524,0.11332446411166681,0.02850422841536592,0.061822843708723686,-1.1665860837803415,-0.4527366237458348,0,forgeries_17_8.png
0.08712649539321406,0.4429668783482237,0.48962479154037297,0.9517119488193065,0.10885560455209804,0.008879037862596023,-0.029458953005223883,-1.2468702267057945,-0.2652783503331788,0,forgeries_17_9.png
0.11390843498656797,0.4687974449094038,0.47701905804121714,0.9654904721300958,0.13581381846332494,0.1075868804532978,0.03364782692559108,-1.2774905197532211,-0.6086377004689227,1,original_17_1.png
0.12132391418105704,0.4546398178056578,0.5087541776349195,0.9763965256353924,0.14430647620825943,-0.00985134283040287,0.07183671746578552,-1.2756984035937795,-0.4684467011197575,1,original_17_10.png
0.07715471704391372,0.6906722118105592,0.4704377423245348,0.9466693607022183,0.09932214642922159,-0.06478807784621948,-0.4563729409340879,-1.2520079245438795,1.2422376851432064,1,original_17_11.png
0.11622615633960853,0.44415779648080533,0.4730211496644853,0.9689992965743369,0.1407289298147956,0.051262719677748474,0.07421334668806635,-1.2712567922355469,-0.6088516195984752,1,original_17_12.png
0.13411659991099242,0.5164655466646442,0.48472449299416887,0.9743253773478131,0.1587408609173848,0.023934830206271986,-0.21990863358641652,-1.3033751064066554,-0.8238072665726577,1,original_17_13.png
0.12086362062997577,0.5121902420785502,0.47622176617023615,0.9764226030137243,0.1565175489712672,0.06985424708097203,-0.23167285197944734,-1.2836236271751729,-0.5958349072781615,1,original_17_14.png
0.12554183576547795,0.562687496630684,0.5130218227629245,0.9739891188118442,0.163686924410619,0.0038976430853106376,-0.32848418014481956,-1.2728104644422606,-0.5982705050309112,1,original_17_15.png
0.11851727888879592,0.5890021905554241,0.5143505796319628,0.9768964019568153,0.16153644378043636,-0.0821454575104834,-0.5397124697016557,-1.3544967193954314,-0.5005126572068446,1,original_17_16.png
0.12809549745824256,0.5051527964787125,0.4781192116843903,0.9740195714178507,0.1661036102315398,0.06002998145615429,-0.1341303790625886,-1.2541477027606915,-0.677486269518373,1,original_17_17.png
0.13555176118486686,0.5358384923175826,0.49050265328926285,0.97750917312008,0.16181337241924218,0.08670878111953544,-0.20603743485486653,-1.2274204512163787,-0.7856406951801951,1,original_17_18.png
0.14392800467719036,0.47193036785739534,0.5084138608256217,0.9791917257765437,0.17236809202300576,-0.02826132147954441,-0.023543861440507376,-1.2904881473875356,-0.8528884674982873,1,original_17_19.png
0.11236151510816525,0.4968026609068113,0.4875421280965309,0.9676038290376068,0.1449605249666769,0.015167077148363744,-0.20128057202955357,-1.2211199994433513,-0.3922658096910019,1,original_17_2.png
0.1435429810725552,0.5274350147654694,0.4804114616698986,0.979763274952472,0.17629396452569768,0.06191784062456759,-0.2611338579233625,-1.2898839468195324,-0.7241744214758588,1,original_17_20.png
0.1281173471937628,0.4734930623134939,0.5004771837892809,0.9737212180148347,0.1531163827859795,-0.03641316276262276,0.09906648046235907,-1.3257290078147155,-0.6524223280265984,1,original_17_21.png
0.12215470679012345,0.4520314487651884,0.512285668679602,0.9751934771207436,0.15514654089976418,-0.10341456563958319,0.21021203396224616,-1.2712967996831424,-0.4219024241385507,1,original_17_22.png
0.11414794585785827,0.49963568991222873,0.4821658782475399,0.9701389351634642,0.15851692638366469,0.0541912920859559,-0.21356592255949858,-1.1289854410277502,-0.31554730572695444,1,original_17_23.png
0.09784784784784785,0.6220151321398125,0.548851216945846,0.9769971308871256,0.10922474177846372,-0.11409896124457324,-0.28272361041321753,-1.2776688116327437,-0.06230094938084596,1,original_17_24.png
0.13577856025039123,0.5085956634490707,0.4777322791541225,0.9770091057092404,0.1612667139089927,0.10715523692336704,-0.1502445886217384,-1.3089802199019462,-0.9022919740476025,1,original_17_3.png
0.12336403092705614,0.47310063992809226,0.4760996355513441,0.9721607154823457,0.14455472815448026,0.07541095751636596,-0.029161042163584814,-1.3186499761341632,-0.6910401806195496,1,original_17_4.png
0.11666735375355568,0.5007392744158511,0.469433237806405,0.971952371926689,0.1413431091488448,0.13714304658154455,-0.13896112575488892,-1.2505930699862144,-0.4997564756811008,1,original_17_5.png
0.12554552575627587,0.5033469688007024,0.48668981308477843,0.9807178769054694,0.1463942412248271,0.09114379930926009,-0.1193962612861264,-1.378048692292544,-0.6871402961073931,1,original_17_6.png
0.1346253123257687,0.5043690738883642,0.49215898546048387,0.9780761781810055,0.15871412225819803,0.0157840002599258,-0.20583610388767137,-1.2739142356885722,-0.7190330047411457,1,original_17_7.png
0.12468292852427117,0.48847123418862903,0.47942171929958327,0.9743169923360125,0.14507211659945218,0.06853235278703355,-0.11471806696877258,-1.2412870703970043,-0.5240152618961504,1,original_17_8.png
0.125380942706217,0.5030419517808444,0.49864839027825364,0.9754381792526047,0.14767730549489994,0.02746658906404798,-0.17002850039083622,-1.300979533238342,-0.7085538435036489,1,original_17_9.png
0.09097605893186003,0.5914680244567463,0.45758467567132877,0.9858708797679416,0.12434152568274573,-0.017929442571028752,-0.6029947742842312,-1.354157853628863,0.13078538627155423,0,forgeries_18_1.png
0.06707214940747874,0.5929732543653135,0.47696247875739056,0.9846986161267135,0.09119765422609388,-0.06722230984237533,-0.5524920850895706,-1.428447025870289,0.11407281565299732,0,forgeries_18_10.png
0.081342567678233,0.6290855235969538,0.49974332546517103,0.9824168381825693,0.11875725900116144,-0.2711690135649642,-1.1745295990633495,-1.2575579656585043,1.7454495617589316,0,forgeries_18_11.png
0.07908862625843759,0.5392197813673063,0.4701240598415082,0.9861211388104343,0.1125647583448095,-0.043373723623708886,-0.31677549474186584,-1.4179990495869188,-0.22357165556660652,0,forgeries_18_12.png
0.0689764612536366,0.5669451552239727,0.458475495999713,0.975951681139883,0.08989590275064917,-0.027712369491922646,-0.6133185962205449,-1.2818485487968778,0.31999128304143243,0,forgeries_18_13.png
0.07550375439596997,0.5622533061336021,0.4790878323529779,0.9763001586632678,0.10252149644280252,-0.04861513819346873,-0.4999539915630597,-1.388138760764939,-0.28421671253731695,0,forgeries_18_14.png
0.06831693531505129,0.611812471273173,0.49652688231256203,0.9789660944858122,0.09050947111517875,-0.17804231619168087,-0.7875828291605892,-1.3339859027201342,0.3233623719656036,0,forgeries_18_15.png
0.06777581641659311,0.6264146196220433,0.461907682108229,0.9760928564269482,0.09221919321716365,-0.043971496317791264,-0.7878247862990109,-1.3896438909069988,0.2772161372739732,0,forgeries_18_16.png
0.08222560213351113,0.5662398784931896,0.4571424492731124,0.9834928019780319,0.10681661321099428,0.04930666519523014,-0.2612091105386627,-1.4158647972358198,-0.6321772467804241,0,forgeries_18_17.png
0.06134964341991975,0.5776121045084222,0.44804901189609575,0.9799636037942558,0.10096108860996378,-0.011115482826771836,-0.36513561943584455,-1.3627930896414644,-0.3075821242535439,0,forgeries_18_18.png
0.06035855934830716,0.5884196583960942,0.47279355771347115,0.9868495890574197,0.07817129565530419,-0.03177789000290085,-0.6782201956271753,-1.4792118905808138,0.281529052167683,0,forgeries_18_19.png
0.11398611111111111,0.5256800292433288,0.5100961831363471,0.9881265853120612,0.1355207318482802,-0.1675205294941411,-0.28287199919439976,-1.3666964674009285,-0.5303757604877499,0,forgeries_18_2.png
0.08531808668607574,0.4985637395975246,0.49206366328407564,0.9869665558156323,0.11569134177857403,-0.10533727816696803,-0.0012707629165992337,-1.3668411225277863,-0.9571208350510001,0,forgeries_18_20.png
0.06645940931655217,0.5627559655626655,0.5425393335242653,0.9763159678126441,0.0907000615889961,-0.4192255145745948,-0.5407081649912352,-1.146075852416337,0.6670770350398079,0,forgeries_18_21.png
0.060712775231535426,0.6235811545734776,0.511900714358272,0.9773327992292867,0.08728021739400181,-0.03709394433430736,-0.7984716075247114,-1.4236153783929495,0.5627892103826575,0,forgeries_18_22.png
0.06475935828877005,0.5418593080952823,0.48580443159922926,0.9818248076843157,0.08677789588085655,-0.14965435215908626,-0.7621508989559852,-1.4486435868385534,0.3678837133295074,0,forgeries_18_23.png
0.0743324347192979,0.5479145442782888,0.48626012858419465,0.9799554625415889,0.08912140801207946,-0.12750606365574685,-0.7485899876879276,-1.4422696997838964,0.5143810203932722,0,forgeries_18_24.png
0.06841300445449106,0.5260899674445312,0.4874362363283178,0.9880876749729731,0.10535938917005529,-0.11697472077675956,-0.0707066211214271,-1.3765814208773686,-0.6009220673873084,0,forgeries_18_3.png
0.06933376700818561,0.5314464425332291,0.396858290172471,0.9760495240957066,0.10299399268815126,0.17842294096128292,-0.2121656190561741,-1.3191523436917945,-0.6804058200042427,0,forgeries_18_4.png
0.08379606259464917,0.579541379804934,0.4896026242780308,0.9854407076204215,0.11476802972906794,-0.17877035327224766,-0.48018604613882526,-1.391564948161073,0.3125509259427033,0,forgeries_18_5.png
0.08449763233156735,0.5210460229186821,0.474980882801432,0.9839321489162006,0.10809716599190283,-0.14073997087411166,-0.24645394118634986,-1.3390950856816863,-0.576200014274725,0,forgeries_18_6.png
0.06358821263482281,0.5816003056461939,0.48466233889577665,0.9829849189985449,0.08898202301700671,-0.14778984678293336,-0.23256534479340124,-1.3937160043866277,-0.6670990116518651,0,forgeries_18_7.png
0.09302697211473707,0.6527360419801674,0.4698553661496665,0.982453855834119,0.12250112731098753,-0.05087318138840158,-0.8370272513463566,-1.4366140835021508,0.6899923743891798,0,forgeries_18_8.png
0.07227091267838297,0.5878700128700128,0.47814482442665807,0.9855703355224897,0.09154847709834922,-0.08669303820310434,-0.5342695683841423,-1.4275791290079929,-0.29005259158406593,0,forgeries_18_9.png
0.1085270322332092,0.5101781309449042,0.48874242935164486,0.9921044215931027,0.15387276501219913,-0.20917622061296157,-0.7582512642207556,-1.195063262865519,1.1386583753049528,1,original_18_1.png
0.10235605241014545,0.5720239457786359,0.45749678289876444,0.9928833313713534,0.16894422261352646,-0.11896638666074852,-1.1163828302164067,-1.280370353503622,1.3955627872710945,1,original_18_10.png
0.08907357973048591,0.597088183005483,0.4842344239091283,0.9718094388716653,0.14557721139430285,-0.3578838688274818,-0.174568926998278,-0.9430723419355838,-1.3407959966979401,1,original_18_11.png
0.07288830715532287,0.3870102160994294,0.4521323676124347,0.9892892049587698,0.11808864070120874,-0.05906410772016329,-1.1314970934305473,-1.2787197265021824,0.9589977043141187,1,original_18_12.png
0.12503046180090166,0.6005005019721836,0.4769663736302524,0.99049712130221,0.16150864697896788,-0.11925839315997229,-1.0650352319928091,-1.3780097854831435,0.7564691724060735,1,original_18_13.png
0.1146710234824989,0.5375196456071036,0.45413062029670337,0.9919925134076789,0.1661717495987159,-0.11378575338266647,-0.7860354691932241,-1.2725344554371798,0.7151809863865428,1,original_18_14.png
0.11871635109793721,0.5324725905816018,0.48205631419371525,0.9903646440793415,0.1583459404942007,-0.19576690400816854,-0.8897931325134771,-1.383064480919032,0.6559746618903577,1,original_18_15.png
0.1283026113671275,0.5340131982155328,0.47767745073427886,0.9915987842195021,0.18702941752736027,-0.15863029942245174,-0.7695078987390263,-1.20120434189082,0.7252809109265765,1,original_18_16.png
0.1404479578392622,0.5485840266328071,0.4714091959648694,0.9936396146145721,0.18571859973518548,-0.14577635013769616,-0.7673958865570542,-1.2498170182904005,0.43006359824829365,1,original_18_17.png
0.09512012946595294,0.5550004738502362,0.46747642515651594,0.9887521899398154,0.14898802792185,-0.1221869152652462,-1.0598419222817235,-1.3686239876774888,0.8884581416019897,1,original_18_18.png
0.1119205746814855,0.5413679663509364,0.4751881591170352,0.993662387358389,0.16959334565619225,-0.15385561135243492,-0.8892842128823996,-1.3740762935110988,0.6537379715794045,1,original_18_19.png
0.1144041450777202,0.5899265700483092,0.4672968135966559,0.9913834748541028,0.17304436874333842,-0.11402940349247837,-1.1400768742637768,-1.244413444606239,1.0820153124530947,1,original_18_2.png
0.11758861665403722,0.5051444112019796,0.4793419532884268,0.9940036025360719,0.17279093361047188,-0.20578404572143366,-0.5575338092692799,-1.2868864347159084,1.1020384994509254,1,original_18_20.png
0.10247128543499512,0.5165725866553834,0.463715915301472,0.9910238711830547,0.16311298047701248,-0.1102097114843122,-0.7101138923292107,-1.4223856892480027,0.5207885758087691,1,original_18_21.png
0.11138306674020959,0.4953201684573551,0.5119743699130886,0.9935731430321955,0.16960629921259843,-0.27096227313654175,-0.6532489452721377,-1.3683754538798325,0.7849986296749898,1,original_18_22.png
0.10971084081855223,0.5550379934993632,0.45150014623183937,0.9934008824487636,0.16133559050207155,-0.11136256948903296,-0.8735157790113861,-1.2562687210110033,0.47442816026285684,1,original_18_23.png
0.10748528174936922,0.49181294664538955,0.46732563402092775,0.9901691149659918,0.14707526386742512,-0.06383420124974035,-0.9330048350181399,-1.2895511587404,0.576586737504126,1,original_18_24.png
0.10652516261554262,0.5139731135613448,0.4691688324753936,0.9915186283304366,0.15256830172396885,-0.11750072844915348,-0.8244801496500181,-1.3175064377875758,0.6529524812402494,1,original_18_3.png
0.1025182119436793,0.5664383593044419,0.45089494414201464,0.9922347654094895,0.15007061424156212,-0.005438774060221915,-1.0625840212099984,-1.387103505048512,0.7777107386535147,1,original_18_4.png
0.1241995455484404,0.594996938686259,0.4628244447393383,0.993551499320617,0.17490485079149595,-0.08316966335898454,-1.1734928697725593,-1.3190408144500374,1.0619021621548574,1,original_18_5.png
0.10692522484997145,0.6103003707861346,0.42334072616578106,0.9879196610036263,0.1661353340204703,0.037955213661829926,-1.0962694763110672,-1.254753094666547,0.7889021393920865,1,original_18_6.png
0.10142574257425743,0.5293484316022388,0.46074849577890237,0.9929887502215329,0.1507564311363146,-0.0753687775871674,-0.941679209873519,-1.269254526266558,1.0251430914063935,1,original_18_7.png
0.12196283134681107,0.5501767009240423,0.48563437076622473,0.9934540606960961,0.17022235933458316,-0.23049713093542845,-0.9430797152849906,-1.2492221007444089,0.7751342999666209,1,original_18_8.png
0.09919889469282883,0.4810821432690706,0.4873758799172939,0.9905346631914801,0.1521941242097434,-0.23410622541037776,-0.5527857907501339,-1.18967296849962,1.0084788431521519,1,original_18_9.png
0.07345238095238095,0.529827570682514,0.4241425162717707,0.7065797852770475,0.12504010943542804,0.5869479192493513,-0.2772246735054499,-0.8084192359086244,0.14267621477592662,0,forgeries_19_1.png
0.10434090740877804,0.5211018708603758,0.4104729171237838,0.8942015787453035,0.17845501439918984,0.3979300393372332,-0.08904601301910477,-1.1334693962513265,-0.7373259683187712,0,forgeries_19_10.png
0.09782904278462654,0.49634252024518816,0.4379270905721566,0.9161227528197379,0.16891653949994132,0.2730975296623951,-0.004854326592819685,-1.1678148797249945,-0.9336909654780698,0,forgeries_19_11.png
0.07999581502406361,0.5857093033394368,0.4873898837101043,0.6846420910730738,0.12759708292308464,0.3074836641658477,-0.6372087440721537,-1.2779579401081564,0.07752293472259231,0,forgeries_19_12.png
0.06816594832775517,0.544242317202402,0.49929910254762305,0.8483565940301458,0.10457105919290793,0.20491612480581464,-0.35929732955164434,-1.1339704029451145,-0.27531373184186103,0,forgeries_19_13.png
0.0731555333998006,0.5160989679079362,0.4866076785941836,0.8124973663418794,0.11535186357780737,0.25824569123525937,-0.2128145539931892,-1.0300229874758058,-0.1333636102284972,0,forgeries_19_14.png
0.0691306429846328,0.5041384523603137,0.5254559566371442,0.8688808185800975,0.09722945048216745,0.051947011137380594,-0.14821196957794422,-1.2394358673683132,-0.2781181591828532,0,forgeries_19_15.png
0.06301506424457244,0.4468185655953825,0.5009810302480368,0.8660588194653713,0.08875056551379853,0.183482235619493,0.1434723337175762,-1.1994225283718334,-0.3380400896321527,0,forgeries_19_16.png
0.06750938805733327,0.5411328192587985,0.48794984180679396,0.8405400664406534,0.09459719854739494,0.3019683586449309,-0.338851223809953,-1.0883987537055495,-0.06811009697491865,0,forgeries_19_17.png
0.052993908176910506,0.650989637744586,0.4423441942018624,0.8334923616159291,0.10427156082507714,0.114993848554414,-0.5373642103079045,-1.1053197524159486,-0.32667767720470353,0,forgeries_19_18.png
0.07353111869443091,0.5047162604641138,0.4862904955039213,0.8034477029320898,0.10005527915975677,0.07953208746994898,-0.3646310427618424,-1.2732402985023326,-0.5096876617408603,0,forgeries_19_19.png
0.07205898908026567,0.5323109975059305,0.55619732035917,0.7109903357598388,0.11471531747880787,0.031178199476401592,-0.25835689329263695,-1.1128279278400104,0.11663186759916444,0,forgeries_19_2.png
0.08198136787093842,0.5876801552106431,0.5006895038972698,0.7848806459411274,0.1381422773566123,0.37089981589546583,-0.6844100215060618,-0.8798196536992404,0.14784890805669448,0,forgeries_19_20.png
0.07843117138929355,0.5959559989588141,0.5019135165933065,0.7039677806005861,0.1163038352121461,0.40176499107169905,-0.716221813028437,-1.1243692606874824,-0.07765669628263305,0,forgeries_19_21.png
0.07311044075749958,0.5248154066563808,0.46941260744985674,0.7140823410484038,0.11601236578798657,0.45437036056784896,-0.6334812663075463,-1.1108087897976384,-0.06453239756291307,0,forgeries_19_22.png
0.07909662113320853,0.5341322810081908,0.45279062399892395,0.665036367813435,0.14533844189016604,0.4156474699641706,-0.21961099024229236,-0.7665215871469808,0.037501470185929975,0,forgeries_19_23.png
0.06740098429810171,0.5015279632513063,0.537038779350405,0.8142289878423602,0.1010931842947028,0.06440843360359864,-0.04169928258443415,-1.0301061925838613,-0.3065578205582704,0,forgeries_19_24.png
0.08293075684380032,0.5337737691733211,0.3713123572642357,0.8555686652276746,0.14273835920177383,0.42238392527829616,-0.38606301869404575,-1.10589655816229,-0.03502118301641577,0,forgeries_19_3.png
0.10284033613445379,0.49872855041673475,0.43316381953990946,0.8647935450779743,0.17320538949275363,0.32969632835334706,-0.09239569065793456,-1.22655700822697,-0.6071983101022607,0,forgeries_19_4.png
0.10318838566268408,0.5249623478940493,0.4444010682499131,0.8672401669924142,0.1629150330381378,0.3352814629124766,-0.2210233209022482,-1.1999151510750683,-0.7028213313836105,0,forgeries_19_5.png
0.0953556731334509,0.5474988586239499,0.4052001035149411,0.8891758721445625,0.1595514459964588,0.3694793077831622,-0.15533919890243422,-1.133536606406131,-0.7897826299490749,0,forgeries_19_6.png
0.09180645642287333,0.4938414404822851,0.41302200269420747,0.9139150307457308,0.16687898089171974,0.327991608393261,-0.028526123792150908,-1.2023293638418973,-0.709738617219136,0,forgeries_19_7.png
0.10322838476508202,0.48025980219634484,0.43472510265315356,0.8632379233550647,0.17017071494042163,0.2923807600012948,-0.011732675579091027,-1.308480185848035,-0.7251192467512761,0,forgeries_19_8.png
0.10442120711796,0.5149228616075268,0.42565232668275843,0.8456910478209896,0.17237515520426394,0.312040763217736,-0.1094863792520756,-1.192185194755732,-0.6611953619782955,0,forgeries_19_9.png
0.11180801745295882,0.5319480102695764,0.4715036437929146,0.735514100955442,0.143181421337524,0.19576965635704208,-0.47834999149949864,-1.4225269995250927,-0.5874781075171303,1,original_19_1.png
0.11426888181925297,0.5466965781227209,0.4456160590908231,0.6897350816378058,0.14479813664596272,0.22650942109503744,-0.5381836131816806,-1.3737441280285674,-0.5191865097352455,1,original_19_10.png
0.11726770881700459,0.537451280494228,0.4141160203632707,0.5586703554840222,0.14656478705226167,0.2536737356681507,-0.6117680010892005,-1.3703198360204525,-0.42479728159972163,1,original_19_11.png
0.12169546595776104,0.5146578617452404,0.4225876262224344,0.6969815757794219,0.1590631233511357,0.18882750952345195,-0.38799041309805093,-1.405002569705929,-0.704317598157417,1,original_19_12.png
0.10709400499976417,0.6212426397765097,0.4126665754060601,0.7845111268703819,0.14123977481260303,0.255521892603056,-0.6694807538353964,-1.3785007083188472,-0.29414873175342526,1,original_19_13.png
0.11304760613047606,0.5102869836991506,0.4369809206475537,0.6331426957686351,0.14652798124816876,0.3179795559434742,-0.47981480863307935,-1.355273574152648,-0.4052732525760723,1,original_19_14.png
0.1208288770053476,0.5612635538836026,0.431517313115272,0.7724770207802728,0.16622526300301627,0.23291964534475373,-0.6378732785199338,-1.3891684546030978,-0.18920938362104023,1,original_19_15.png
0.12821229050279329,0.5376753812636166,0.45226202212728667,0.6188104855391074,0.16573388698320995,0.3479856111332299,-0.6323372538480624,-1.3531543302433708,-0.2735163755697627,1,original_19_16.png
0.12292677577651671,0.5580995804010969,0.4429820709673543,0.8027384713821248,0.1766119185474024,0.32587728306961683,-0.4748509354606251,-1.3405366444223956,-0.4758021201169882,1,original_19_17.png
0.10976219381561093,0.5288661873887989,0.4447903339113146,0.7541355330303088,0.15397715888599478,0.2799264066225967,-0.4883188631363127,-1.4051751578215834,-0.546508195637077,1,original_19_18.png
0.10941970310391363,0.5349158159715633,0.46121569340222784,0.7194752192585767,0.1445430883873498,0.2613204542497287,-0.6056191090146297,-1.395469330743553,-0.2133352200607792,1,original_19_19.png
0.11485333644969031,0.5540354563610377,0.43625228298595137,0.6826473880643382,0.15076856993833032,0.32256962377779613,-0.47837346020209404,-1.3090330613721959,-0.6286516582687072,1,original_19_2.png
0.09693425108736962,0.5620829041745429,0.426768485656079,0.8112702843110547,0.13535186768477844,0.2669598393236648,-0.5955562913060751,-1.3572691225061975,-0.18830051208163434,1,original_19_20.png
0.11299892125134843,0.5323691300473745,0.4490840275175272,0.8130931795674754,0.1601236798221234,0.21058637964222662,-0.5341425827656057,-1.4432280701391427,-0.41155607182158693,1,original_19_21.png
0.1159294520023482,0.5235665805519584,0.44745872147806426,0.641423663291757,0.15281609582127717,0.33675657984125434,-0.5275264654894427,-1.3973974148916701,-0.4375608610729085,1,original_19_22.png
0.11800699300699301,0.5457988336894587,0.4386731902356902,0.7049526531937521,0.15399971481534294,0.26628218703826595,-0.5266701151929121,-1.4390749175822526,-0.37907525201671843,1,original_19_23.png
0.11603691534596057,0.5227712247153222,0.39020001109022107,0.5507056105883033,0.15076749223090685,0.25689251909540356,-0.4783495103677925,-1.412480794058243,-0.7758963322079251,1,original_19_24.png
0.11880762915245674,0.5531706519997193,0.3863109744462073,0.703197629258454,0.15676666666666667,0.3969863867976363,-0.5072158182159123,-1.1746109990760774,-0.5366844335650729,1,original_19_3.png
0.12266999895865875,0.5504096568400474,0.4421700243291968,0.6945574599850171,0.15750242337132733,0.28087600477368774,-0.4847218973628951,-1.3714518183884477,-0.6371648078504912,1,original_19_4.png
0.1043732011512632,0.5371050769560335,0.4240983357782387,0.7119280217374386,0.13933135889431414,0.2684638842541929,-0.4007103053370355,-1.4108733433345162,-0.617944431209474,1,original_19_5.png
0.11620022458322536,0.5129331234445088,0.3638745234292301,0.7193551202733947,0.15839514894619097,0.3632260777802589,-0.46153437208415193,-1.0583691063765905,-0.5848639190959539,1,original_19_6.png
0.11638246934089021,0.5749781436374181,0.37091177512226375,0.7741107508157473,0.16610299501412085,0.49465365575805836,-0.5055671788261615,-1.0484315771334076,-0.574159599763119,1,original_19_7.png
0.10313552733868878,0.5286999211578053,0.38603739197204257,0.6687547343007036,0.14789195369444047,0.39386767910481946,-0.4731881472590637,-0.9721591602747028,-0.5813405264171423,1,original_19_8.png
0.12237320670842594,0.526187317032076,0.4281927883190796,0.6968147042227459,0.15509955823036045,0.22306247423576311,-0.4578000194524703,-1.3374555543839521,-0.5486780612101922,1,original_19_9.png
0.09674895157050459,0.5416080532727721,0.4275672985594386,0.9943847500960279,0.15570335097695834,0.37509625846356637,-0.11989481964232054,-1.2008585627377486,0.7969373206016739,0,forgeries_2_1.png
0.13935048182714926,0.5724351614010582,0.46687824790022375,0.9957147709444831,0.1664137009265342,0.09534453170173686,-0.33449821875655394,-1.2728366669335283,-0.17256911574691047,0,forgeries_2_10.png
0.13036713286713286,0.4963980152876492,0.4854016172911171,0.9954915674165965,0.1618342810017796,0.07393115981877868,-0.3788190872366648,-1.3011205541102107,0.022373649407353202,0,forgeries_2_11.png
0.10780355097365407,0.5510680922654624,0.4531865104414135,0.9949111519252196,0.1603996676537634,0.16583308808041808,-0.3943410256226414,-1.3446172982746727,0.7780411484086693,0,forgeries_2_12.png
0.12018533784359987,0.5381260289483683,0.463386816103064,0.9930776816336329,0.16813807364988467,0.1584560730824095,-0.2791022264326061,-1.3431322630476743,-0.3105569603231313,0,forgeries_2_13.png
0.08564226891403064,0.5421683344935073,0.46236602947272487,0.9907209501767981,0.14400802381260516,0.1605517207621959,-0.2260422982292249,-1.395172637676324,0.3974826522696553,0,forgeries_2_14.png
0.1648135143570537,0.615127036730185,0.4763252349523446,0.9921329983517684,0.18817791042116752,0.15336759268865346,-0.8296202094736004,-1.3159506439596387,0.06664846122427415,0,forgeries_2_15.png
0.1218050712617218,0.6094351602062308,0.4441356309060589,0.9907102207648454,0.1472056296538745,0.2109821767467128,-0.8561054551203684,-1.333937766962195,0.06105905075063678,0,forgeries_2_16.png
0.10484449069256561,0.5003742333907253,0.48086678429642693,0.992455066704066,0.17559010901767907,0.027388303660310795,0.05202237264365788,-1.342952926858963,-0.039382278068771814,0,forgeries_2_17.png
0.07951229466380981,0.6474061803716622,0.45880421910192215,0.994912987974617,0.1225719184007298,0.0861648106726644,-0.2717333919469576,-1.4418706255920388,0.749718469430976,0,forgeries_2_18.png
0.0927041499330656,0.5008598039006259,0.45347594209105235,0.9901359149702476,0.1417298041916757,0.17799296174295245,-0.0811900589265529,-1.4517367068562819,0.8530517700068394,0,forgeries_2_19.png
0.10661328588374852,0.5877548400939475,0.46375857226485073,0.9946917425834655,0.17807047168749296,0.15339210014933793,-0.4900150132193929,-1.354955257329284,0.3619389380008382,0,forgeries_2_2.png
0.10004076536981833,0.564917779158015,0.46778539750308934,0.9935842270648735,0.18543093270365998,0.07535296777833694,-0.3799913607770042,-1.433665804613542,0.12085828667617582,0,forgeries_2_20.png
0.11600835073068894,0.578799884825799,0.4750472929554385,0.9901399460316277,0.165779612878589,0.0936455310783661,-0.6134722390654485,-1.2848445567279485,0.21081689059776387,0,forgeries_2_21.png
0.11473834325396826,0.5670701330721427,0.4619641087994236,0.9897171282173451,0.15359714469506755,0.13596055393396558,-0.45534764958720003,-1.4132842735765723,-0.01823518626158327,0,forgeries_2_22.png
0.10705361199454794,0.5609362967399675,0.4549779112339821,0.994640485183501,0.1573357260605555,0.19488654011645318,-0.29615137587838186,-1.296476981778306,0.14381841979809584,0,forgeries_2_23.png
0.08739495798319327,0.3769462323989073,0.47324810265986733,0.9945167065954431,0.12244541992499781,0.0886958595756606,-0.5434961921006394,-1.3274798094133942,0.8175223560787201,0,forgeries_2_24.png
0.13140394088669952,0.5808607550665199,0.4438915332800864,0.9940195194932745,0.16563179136914002,0.2514144366780736,-0.6469705168615231,-1.3946517509782705,-0.09092397511895456,0,forgeries_2_3.png
0.11502842472033743,0.5521094818885929,0.47035503777573784,0.9949089435743815,0.17002868824685446,0.24255436997853488,-0.49214532176008546,-1.2917582141864665,0.34520602693717706,0,forgeries_2_4.png
0.10748862897985705,0.5374341475571959,0.4786531884763712,0.9957952931320649,0.1435793950440481,0.029019172964276006,-0.3535722955917677,-1.3673553574134003,0.26200938163264764,0,forgeries_2_5.png
0.1087521101155694,0.5478680128767925,0.4392505189285361,0.9967050566529385,0.16932875050545895,0.2560156259265717,-0.20993015911741605,-1.3438257693933484,0.19979637262070282,0,forgeries_2_6.png
0.13733333333333334,0.5621386117311675,0.4768714869698518,0.9953789961989331,0.16376569037656905,0.09621874584379214,-0.5582461843963741,-1.2753963738798002,0.09218885170876101,0,forgeries_2_7.png
0.13531319854115195,0.5412691064162931,0.4788739671449749,0.9954026461205532,0.16314413665930413,0.11184872357459366,-0.473553220081496,-1.2390355199071232,0.008749803290545977,0,forgeries_2_8.png
0.14205023030629055,0.559061707523246,0.4837516937504265,0.9951124897066398,0.16345242470549548,0.08836792314115226,-0.42156782405587095,-1.328156688381388,-0.39078572753388263,0,forgeries_2_9.png
0.1303927166603223,0.5454094162280514,0.46243817362268735,0.9948739056871814,0.16405907004589904,0.15261389644627169,-0.15581274501227185,-1.3058871872771798,-0.22414332709612905,1,original_2_1.png
0.15361519607843138,0.561937685591455,0.4666214012529623,0.9958054448518964,0.1795202291442893,0.1864023559770862,-0.3237874739012068,-1.282390732477899,-0.17134954723199414,1,original_2_10.png
0.08779944046161917,0.6940097608420028,0.474957464609994,0.9933609820784004,0.132810950208292,0.16217586630430958,-0.4234787978141724,-1.2470708598050468,0.7200793738382218,1,original_2_11.png
0.16018395503321411,0.5192306400811266,0.4704717849484211,0.9947965779710582,0.1990045961250349,0.14852843258605358,-0.2215832371835579,-1.265478358462842,-0.13614114045483205,1,original_2_12.png
0.12266256252404771,0.5668954230538431,0.4685975061347309,0.9943009530504954,0.1647000475294993,0.1546814919692936,-0.3850277688121329,-1.2104994081293536,0.03181755577437961,1,original_2_13.png
0.13896495306983553,0.5576238278183997,0.46355809533371417,0.9943711180206835,0.17136728539268573,0.16545686382377495,-0.4244583384280561,-1.320653503608021,-0.2167275058769893,1,original_2_14.png
0.13756057183258893,0.529953227178624,0.46526102687321963,0.9947913915345798,0.16487195915920883,0.1512396583399184,-0.27530383497610866,-1.2820408687780915,-0.24280645752897456,1,original_2_15.png
0.15729107715525373,0.5339839163752509,0.4860000980096307,0.9949868020627236,0.18817422703678627,0.016165453288612033,-0.2385499512148286,-1.2900212045265806,-0.4944015733594962,1,original_2_16.png
0.16606287485408364,0.513440262319186,0.45789454758064624,0.9946163218134451,0.1928659919122975,0.1611053247700957,-0.2666114494438644,-1.333495652209229,-0.5506044029481441,1,original_2_17.png
0.1278958300047931,0.5495417636704333,0.4575525621618299,0.9944812281927821,0.1744959128065395,0.22659681024111042,-0.07158494424280355,-1.2363800284472606,-0.37356265556007484,1,original_2_18.png
0.15596779458165597,0.5490557576361553,0.4702926169840563,0.9954484966699665,0.18430187708922602,0.12385697973597838,-0.2809144103979578,-1.2265564604733354,-0.5437470048734538,1,original_2_19.png
0.11098959790432107,0.45801247098021636,0.4633473669586768,0.9949908485281768,0.13067237584776847,0.16126072908464792,-0.02395212468118496,-1.3415618960216473,-0.257019973770674,1,original_2_2.png
0.14739012627596668,0.5649299581362923,0.46387522240988127,0.9951219700246969,0.17942122186495177,0.17980829562799255,-0.3725799414865373,-1.302366846455621,-0.26354128233151686,1,original_2_20.png
0.12876175548589341,0.521739611575278,0.459437949923395,0.9946054330199107,0.15645235011807723,0.18389227762139324,-0.3587138120704205,-1.260574614502962,-0.2709138480522091,1,original_2_21.png
0.1436531007751938,0.5765231115146798,0.4642277420787589,0.9943904312793307,0.16702777657407808,0.15210997031765497,-0.5827073748915605,-1.2268086364078243,-0.10844553606157215,1,original_2_22.png
0.14500925627133612,0.5372102402117399,0.47065874317857215,0.9951237843313784,0.16848544647261965,0.14076667495498474,-0.4466188487282421,-1.3046947089471017,-0.10158683886153064,1,original_2_23.png
0.13509996450964154,0.5809088124504593,0.45473006201305594,0.9946430975401839,0.17542242703533026,0.23039433925998842,-0.331895771637208,-1.1531465084760237,-0.364757139779301,1,original_2_24.png
0.15060176037363032,0.5204863901165127,0.4655242880962926,0.9959992767637594,0.1879609909203004,0.15854957295625016,-0.2621924410206173,-1.2756200135267555,-0.4100203471496986,1,original_2_3.png
0.15372565704229438,0.5251978554294866,0.45960532820136285,0.9959604949196746,0.17571899109136327,0.22146454199628593,-0.19886072215460363,-1.30687125913076,-0.3302897305084991,1,original_2_4.png
0.0680684417895272,0.5403874847873564,0.4743376874930696,0.9928679955759899,0.11022497781093632,0.09168178777122457,0.02961969188810442,-1.26134505144194,2.761633268560291,1,original_2_5.png
0.1378654737178463,0.5501743591904676,0.47653832531450224,0.995157388071599,0.18851724815939527,0.12184809618988515,-0.14950774995650096,-1.2360461436887327,-0.30768184546677313,1,original_2_6.png
0.15848891924711597,0.5137849674767548,0.44250170690067614,0.9947237609414296,0.1947358604933091,0.2541799710391101,-0.2922407180543306,-1.2027309462917553,-0.38368935352923694,1,original_2_7.png
0.12140334715185015,0.5011440690332811,0.4806466490315183,0.9933813495999828,0.16653678468375493,0.11280042468056789,-0.4584778677804236,-1.2767929532143603,-0.05479399122083706,1,original_2_8.png
0.10064341595379103,0.3485954286705498,0.47503379630843207,0.9948037254846356,0.1416468005556794,0.16424964782072468,0.29032139422599346,-1.260072228038434,1.835777742500115,1,original_2_9.png
0.08193763616557734,0.5020589457220362,0.4555694040529936,0.806410968815714,0.10778014105003918,0.027293692032778722,0.5290863840553642,-1.3060449834162566,-1.1251980585942323,0,forgeries_20_1.png
0.055251932817915225,0.6625386555543371,0.4553618994725652,0.9344390872304781,0.08069225977262108,-0.04790143727726214,-0.16357247346819273,-1.4037629489161643,-0.3968742705112436,0,forgeries_20_10.png
0.08082721603915068,0.6120352396150914,0.4748171710659385,0.9376811434320521,0.10870199835460842,-0.18633150108824428,-0.3143872553627579,-1.3275197408704345,-0.20946135869433213,0,forgeries_20_11.png
0.12961456638718558,0.46949973559743,0.3851865481178999,0.9075374965569772,0.16455495094729317,0.2840913237121131,0.3413018715240429,-1.1822272013346928,-0.5076399168450578,0,forgeries_20_12.png
0.07252253486396888,0.5121593655866885,0.4658466094568184,0.9463388196800259,0.11122549740529865,-0.056770245499953444,0.24356707453054266,-1.2987663390175948,0.3480635737715523,0,forgeries_20_13.png
0.07778740698682127,0.5609256433120571,0.42920095955431026,0.9181087061751194,0.10584312609279063,0.13315987850538102,0.06856178443419429,-1.2840670388094682,-0.32101366661296193,0,forgeries_20_14.png
0.09262974852862493,0.625141825683342,0.45806392731107776,0.9594607018184337,0.13216594699048118,0.15063795319845877,-0.5961045592114146,-1.2448938550873587,-0.07485021608011122,0,forgeries_20_15.png
0.0697628989329231,0.5819728201021923,0.39387310274604637,0.9058228672995744,0.0895976416721548,0.19685530684928343,-0.12575494472821153,-1.3052864016382446,0.13949601749390883,0,forgeries_20_16.png
0.08226110825184423,0.585622461208037,0.49450936679731045,0.9298512558937295,0.11569270858466438,0.06371360424133903,-0.3448396125304388,-1.4057388327609548,-0.43840843926111317,0,forgeries_20_17.png
0.06557740238161174,0.5551456007638073,0.4560400617576175,0.9395310736776397,0.11676240723848032,0.053633366638421255,0.17898495782993593,-1.2315078101987926,-0.3892982372098408,0,forgeries_20_18.png
0.05979082280394172,0.5977897156491186,0.4394837139439531,0.9143198184800669,0.09879461907298881,0.048097955596290286,-0.3678963555443693,-1.331659355327041,0.37717851669673985,0,forgeries_20_19.png
0.10116474543707973,0.47669111990328605,0.4096620175191054,0.9351419091911669,0.1261983223487118,0.0711443337083046,0.17422390896047368,-1.2278691313445844,-1.0829283920845896,0,forgeries_20_2.png
0.09761171673462594,0.49637861471374395,0.4553310910172258,0.9001525027339489,0.12183426523793861,0.040751962977341995,0.159416207567668,-1.2004385662434933,-0.7335306524125986,0,forgeries_20_20.png
0.10739654610622353,0.5118610253015593,0.4814906794811567,0.9271687707833631,0.12758627363694428,-0.1528128870579679,0.1480337432067227,-1.222719087949789,-0.7777554048565336,0,forgeries_20_21.png
0.1282121678014496,0.5155348545397509,0.44865982426345713,0.845769261022222,0.1624234835837507,-0.02248114607948575,0.09422351524249986,-1.1637778227083106,-0.6515466705209159,0,forgeries_20_22.png
0.13680276605481262,0.5553329267558519,0.43352831898839145,0.8941017574875914,0.16735087391926354,0.12391724249114874,0.3188173285629551,-1.1317809725035683,-0.7726626982397304,0,forgeries_20_23.png
0.06787661215263928,0.5918678760521796,0.46139892532056176,0.9472391581940265,0.0902129414190204,0.04972972929501043,-0.20402502891040566,-1.3463796980225229,0.1508230393910952,0,forgeries_20_24.png
0.12315619603068996,0.5190740294188569,0.4988031085671739,0.8994998213121864,0.15910753474762254,-0.03491859201476236,0.5294152623667392,-1.346926394632713,-0.703564813451051,0,forgeries_20_3.png
0.07909800234242259,0.5724700754903124,0.47271693137652,0.9346168560110022,0.09180899134563836,-0.1068216535627847,-0.10927924041326494,-1.367583653056905,-0.47032392685126156,0,forgeries_20_4.png
0.07394896208912381,0.6281672173979866,0.4623735625767556,0.9481459461989039,0.09330624323667763,-0.1389443774013996,-0.3081827961425455,-1.332673181822042,-0.33699885664012363,0,forgeries_20_5.png
0.0823132199472791,0.5806183846646796,0.4899561186118405,0.9497042581200044,0.09144152275507952,-0.20237998942354662,-0.5125897361679179,-1.373269723620716,-0.12351676208825957,0,forgeries_20_6.png
0.07078134284016636,0.6010015156814738,0.46772926474796733,0.9357880590967702,0.08204059847454417,-0.19039734067624847,-0.6344670902274157,-1.390319000130027,-0.055758635390784406,0,forgeries_20_7.png
0.08002419248143038,0.5946748944697008,0.47852554353691823,0.9398442944387106,0.09332569211779228,-0.15526778124305102,-0.2212341329013142,-1.3490840269660143,-0.19209360787568075,0,forgeries_20_8.png
0.0783106114964522,0.6427964615162376,0.5009366100796513,0.9526236718127354,0.09561704509503298,-0.3049589737042587,-0.638999282917521,-1.247470902359809,0.23813673817633907,0,forgeries_20_9.png
0.07067539947974731,0.6960058009115719,0.40470211863573674,0.8853117972597149,0.09846621796531194,0.07722557705858667,-0.1847849350794841,-1.1716701125888875,-0.33280581827821587,1,original_20_1.png
0.1151285583103765,0.6196441539578794,0.3986786197880189,0.939162321021571,0.1419741436255544,0.10467363425303976,-0.31517518707929876,-1.2357506479584612,-0.5060373120022756,1,original_20_10.png
0.10470779220779221,0.562957579672696,0.43210709671465486,0.895921666031117,0.12426249247441301,0.006290094262883196,0.0002998819105658087,-1.2821817900216121,-0.9281285985041086,1,original_20_11.png
0.09199569478275647,0.6137036183860793,0.4508443718242116,0.9152219551704874,0.12170719826132574,-0.019518278616305357,-0.19221313212211982,-1.228899046628098,-0.6475513475105537,1,original_20_12.png
0.09580026455026455,0.6024404008525513,0.42201559084109996,0.9328369520032994,0.12992196609561396,0.011920553813665436,-0.21258748287781234,-1.197416672240077,-0.28976231378939765,1,original_20_13.png
0.09733193743853304,0.5931639725127682,0.4023828385016971,0.9124951299149232,0.12668263275249814,0.1267162104164125,-0.07067138274896989,-1.0906129293773366,-0.42836999111396734,1,original_20_14.png
0.09761959258411536,0.6497870836494035,0.4304879550772964,0.931569398914057,0.12097574812083392,0.08987049474167051,-0.6031684021598198,-1.2048386221006615,0.2444234480137819,1,original_20_15.png
0.10469135802469136,0.6013484276729559,0.44356704713098843,0.9334244912904546,0.1252116391699807,-0.011009657007468502,-0.26581015445241035,-1.3614282844266727,-0.43081222269615305,1,original_20_16.png
0.10710369197026928,0.6417681730806952,0.4335576486289833,0.9561447056133323,0.13206129807692307,0.01387049263054243,-0.361493519427242,-1.2534279993171584,-0.3977733038523672,1,original_20_17.png
0.08253297913402811,0.6273044215480177,0.43814697659636803,0.9190929106397544,0.1111111111111111,-0.010376819691850062,-0.4323520547477104,-1.4074319497084598,0.09632560525079548,1,original_20_18.png
0.09710407239819005,0.6125815470643057,0.42084193727195757,0.935627142181023,0.1257029053420806,0.0203496057227615,-0.3675873323678189,-1.3325353640750826,-0.31175777571009355,1,original_20_19.png
0.07235844287158746,0.6102287829884184,0.43926520203558894,0.9149442789369779,0.10758581809070408,0.08568153540821782,-0.32160190297040697,-1.174617361544231,-0.4839586443369184,1,original_20_2.png
0.11102831594634874,0.6085217479003924,0.4371059589180395,0.944346998903923,0.13378727225111303,0.0354014281408033,-0.1865636464889169,-1.3584998218338515,-0.4015841750320872,1,original_20_20.png
0.09236653645833333,0.6399677761461903,0.4275915473568282,0.9280262802612315,0.11682563645097098,-0.04663598306618204,-0.6288181819129796,-1.2868464263238726,0.4323983436424266,1,original_20_21.png
0.10545076020440351,0.614831039572018,0.43449340424220145,0.9492431778189145,0.13045344571919146,0.031171202655302568,-0.3969633451179421,-1.3827001884916783,0.08758518409245353,1,original_20_22.png
0.09696999975020608,0.5775818991063439,0.42958470904986124,0.9488017280947296,0.12233321778590112,-0.038129839664065815,0.04018195396791856,-1.2686435158320346,-0.524652245843579,1,original_20_23.png
0.11965845442795034,0.6138832154306042,0.45973425586211714,0.9280554178029908,0.15144004362266394,-0.09085421348500851,-0.21149277231330504,-1.3839243151360245,-0.20790482792642573,1,original_20_24.png
0.09813306379689636,0.6818971360324645,0.43837705078100553,0.9245340082527168,0.13338451592047842,-0.037054515365482855,-0.8288911413853334,-1.2773855663106857,0.7701718872057017,1,original_20_3.png
0.10419130206280383,0.6013983585183919,0.4020425818938972,0.9391260857173439,0.1317658787853612,0.11126574851686397,-0.40120666117752746,-1.0724943693489732,-0.27409361834670865,1,original_20_4.png
0.09785153963236155,0.5139895672413016,0.43172875583883663,0.9022127415773927,0.131046648373187,-0.015161466864914557,0.0035925204341545783,-1.1963350603928198,-0.3131755830275438,1,original_20_5.png
0.09273182957393483,0.6408377428785592,0.42212880674419134,0.9163392606912614,0.12011701330669616,-0.05629950496041022,-0.41189377466635696,-1.257052679777821,0.19680115761168793,1,original_20_6.png
0.09804376657824934,0.582795937168379,0.42344892172420073,0.9420051104791243,0.11888871019620456,0.04153758337082266,-0.1346773291262087,-1.1874541098193239,-0.5805963317433509,1,original_20_7.png
0.08616201316931243,0.5312467568409036,0.423881657442084,0.9421770427186986,0.11824454484956744,0.04381045177341989,-0.599664368437729,-1.2274890160004857,-0.40470349692655105,1,original_20_8.png
0.0712585647313379,0.5043630915620211,0.45200706348522696,0.9243897726576296,0.10161472796461997,-0.14578162045223866,-0.5869163409081715,-1.3838713913738176,-0.03326233598141748,1,original_20_9.png
0.09374286801065043,0.42554143312018106,0.45506672015345173,0.9396359776466988,0.1381271980832014,0.010143042275172306,0.43926560204965853,-1.309852113741451,-0.29466532727381045,0,forgeries_21_1.png
0.1108662258732385,0.5061326049539774,0.45747794043557743,0.9092478451110197,0.1803824978267169,-0.10423406398078268,-0.06610699685542384,-1.059109944226747,-1.020993248053527,0,forgeries_21_10.png
0.11425030978934325,0.49457103075718734,0.49069239109478124,0.928142921820265,0.18767579570688378,-0.08280040141775646,0.020717252872584996,-1.191002367511836,-0.9133802437788008,0,forgeries_21_11.png
0.08971946630174478,0.4170994008090218,0.4392333229320836,0.9363904575264143,0.14237886259783739,0.09318445148927475,0.498742352249863,-1.2173810731323345,0.05246103531451185,0,forgeries_21_12.png
0.07070413436692506,0.40314859933787905,0.46005467789971705,0.8898183265698918,0.09916194790486976,0.06399798639426568,0.7718002269356472,-0.8574365920802549,0.005065767156790191,0,forgeries_21_13.png
0.06427938407001219,0.40529968331398164,0.4766542230532566,0.9180165803842171,0.09376767486331439,-0.07168850121955872,0.802395811765125,-0.9162751966345257,0.46370569070088896,0,forgeries_21_14.png
0.06352455203468359,0.43907374277900807,0.5168633792511673,0.9388194064344236,0.09921390273317737,-0.30825329535185525,0.36663992784944427,-0.9738374868163655,-0.2072227366916124,0,forgeries_21_15.png
0.07004857184283021,0.3168803167509507,0.47663022957841505,0.8848421443752994,0.09871277519538234,-0.020369987438985864,0.9147295760081385,-1.0260985067330743,0.44288223643045566,0,forgeries_21_16.png
0.06073546256990769,0.4415905253571648,0.47005256131019874,0.910439102836275,0.10254404800841854,0.02789868008746743,0.5773194755415372,-1.102094212017196,-0.021303414647963592,0,forgeries_21_17.png
0.0603867050175775,0.3790590859259819,0.4792669722527591,0.8950218339142489,0.10400154117129018,-0.05981125913411593,1.0082107230933446,-1.10400407776391,0.4721120169387891,0,forgeries_21_18.png
0.059202738586556614,0.42951523090116656,0.5110822622368634,0.8808904140458516,0.08761733407511749,-0.17472988598853648,0.551959421851241,-1.0524832785912581,-0.35028150216500054,0,forgeries_21_19.png
0.1155279010779962,0.44489131634116735,0.47762645780377083,0.8935921107225075,0.15206844384161927,-0.032642591040649406,0.5799221129826597,-1.2514901564018206,-0.29211312712419923,0,forgeries_21_2.png
0.12637085137085138,0.44750451993529355,0.42914746543778803,0.9124650759999473,0.1546612508002384,0.1613910870285973,0.49964749569057115,-1.3492127895464083,-0.38694435106922764,0,forgeries_21_20.png
0.14067524115755628,0.5127065111758989,0.45941115996237725,0.9496958074756993,0.20579012207414044,-0.013365990676412268,0.13254797054669765,-1.2637891634060656,-0.041460367673127774,0,forgeries_21_21.png
0.14926517571884984,0.43802627900475255,0.45624964831221126,0.9244959786251267,0.1905605407295187,0.01366599962347187,0.509508197395643,-1.2834939887283001,-0.1899567597975218,0,forgeries_21_22.png
0.10849485727740733,0.40637260941411674,0.47115244344500296,0.9487887362812075,0.16868572569640897,-0.019330355229872687,0.6285059474637936,-1.3483454203985952,-0.08630276006490334,0,forgeries_21_23.png
0.07873996445425017,0.4356484130456733,0.47284771110602813,0.9214816864198158,0.1072919798242977,-0.022160597133874634,0.5933029338921332,-0.9808338870854025,-0.438721675281605,0,forgeries_21_24.png
0.10145045632333768,0.3885838754533874,0.48585487948654904,0.9266614102179948,0.1503337875834469,-0.04879074371303019,0.6345009944178671,-1.3189519972981727,0.062129579138620716,0,forgeries_21_3.png
0.1121078167115903,0.494558843733685,0.487550218293068,0.9127372955820164,0.18845150065245758,-0.1491500990746577,-0.015643552563100835,-1.087525382045209,-0.9390093637650301,0,forgeries_21_4.png
0.12124641966183128,0.508582707736977,0.43238684323604215,0.910987478231885,0.20295402698836176,-0.050544017005655216,-0.0023180256920123854,-1.0640321824568235,-0.8438140636711933,0,forgeries_21_5.png
0.11712312455346512,0.5174927636772481,0.46254690280931154,0.8973262761321191,0.19383572442062116,-0.17699942833289997,-0.13592570469059925,-0.9982671224185613,-0.956397503707735,0,forgeries_21_6.png
0.08648521452662954,0.5180343633187151,0.4272631306628446,0.9443153378723729,0.17132291245843562,0.056325713642899115,-0.1398984815147544,-1.0707594674350949,-1.0377374983374845,0,forgeries_21_7.png
0.10073470324876593,0.5282500587160085,0.4417684771184178,0.9218354499304461,0.17477178423236514,-0.049155617007140814,-0.219529643104675,-1.1574115927805204,-0.8006699638023318,0,forgeries_21_8.png
0.11069747539580659,0.505271432207944,0.4556724241992689,0.9231069962907629,0.18436431014823262,-0.10055198410275507,-0.09669341795465139,-1.1138586027173347,-0.9357250830189989,0,forgeries_21_9.png
0.10139015200727557,0.5506902347743171,0.4530747499791401,0.9073130966072344,0.19138709044536,0.03348400519490291,-0.34002197196789835,-0.824465259197023,-0.5998239905900444,1,original_21_1.png
0.12023627370743337,0.5540798072772444,0.4889747884154679,0.8910751722892273,0.2237155720338983,-0.1644415335043907,-0.3313450500906862,-0.9543263741212975,-0.7892532230634641,1,original_21_10.png
0.10825910672668645,0.563246403261315,0.46354264124054867,0.9230461082997806,0.17842672980794527,-0.06758770357529399,-0.3322305100253701,-0.949748196667827,-0.8741520204102287,1,original_21_11.png
0.11112280332526571,0.5784512090380549,0.4537163204442616,0.9109628460950682,0.19384149419485108,-0.05205459874194456,-0.3306587260034294,-1.0419307117166277,-0.6969706915605625,1,original_21_12.png
0.12073662416911844,0.5215111629332316,0.4939250955306437,0.9052797418229264,0.23249632790095826,-0.14993863526524245,-0.15523502187756127,-0.947665405179293,-0.7818920140964352,1,original_21_13.png
0.12377341659232828,0.5305140666982772,0.4696527035510087,0.8884748296941044,0.23647209203238176,-0.09923698969235403,-0.2536604021382076,-0.8805451541188081,-0.8245046079112406,1,original_21_14.png
0.1627755314986305,0.5406590924883607,0.47286353352529825,0.9179662573677154,0.2738043001316367,-0.13595582299704467,-0.21634487168784605,-1.0452065048524146,-0.7773477631185837,1,original_21_15.png
0.130582831802344,0.5590324513008623,0.49238814551125043,0.8893064893498205,0.24109949557716207,-0.11367096061759721,-0.35268213490783795,-0.984066135603975,-0.635464109952371,1,original_21_16.png
0.11169419947832568,0.5618788749660861,0.4704120558655695,0.898153144181153,0.20978653913449202,-0.057841464103469124,-0.3559820611551224,-1.0168916775010375,-0.45839472515934787,1,original_21_17.png
0.14728682170542637,0.525366183035448,0.48197466066931977,0.8798715351680886,0.244579945799458,-0.08033821609520894,-0.1347037419391322,-1.1315221596015994,-0.48934129006900173,1,original_21_18.png
0.1267605633802817,0.5570360293071561,0.503821955348944,0.9335512018820016,0.24670975780702437,-0.2278322846137447,-0.35156804965248545,-1.146265422673945,-0.8574488752137195,1,original_21_19.png
0.07533071345547131,0.6158069805235936,0.5225741885831542,0.918647686925515,0.13267693507506337,-0.02129873186175336,-0.2950024639689188,-0.8248573360004978,-0.8096947715644922,1,original_21_2.png
0.1153368133233905,0.5960446490561047,0.46360479057523396,0.9115366805379412,0.21545605306799337,-0.01530283754037383,-0.5023908365365986,-1.022486800151455,-0.48307998124446705,1,original_21_20.png
0.14095004095004096,0.592700684943567,0.45700802487554376,0.9184714445784137,0.2620080688132755,-0.013177205999011845,-0.45533919050124955,-0.8526704108716556,-0.3528355796094962,1,original_21_21.png
0.13083877448518333,0.54275722677834,0.44135975935214544,0.9146997431139517,0.2391005048187242,0.06926486475465718,-0.25691920507532034,-0.868437864411518,-0.7990995947264707,1,original_21_22.png
0.12085740346609912,0.5368650217706822,0.44501298878862455,0.8963560602626891,0.2217882549867485,0.09813152085426295,-0.27857180212485816,-0.7643429015826015,-0.8072130140224343,1,original_21_23.png
0.12951167728237792,0.5705099920171648,0.4631773027868284,0.8958965725478715,0.24507516848107827,-0.009110400254927757,-0.39883017043709695,-0.8057336258747103,-0.7681003250015275,1,original_21_24.png
0.1288258744855967,0.5672780966641711,0.45474123986726933,0.9253881130094938,0.2186510968023573,-0.03043988259242471,-0.32941516369798346,-1.122316679767286,-0.5054329873427674,1,original_21_3.png
0.11797823886639676,0.548707139833498,0.47871983914209115,0.9121147288380085,0.21196794908222993,-0.08826150323049291,-0.2490106163151456,-0.9958917319154854,-0.6208075592274462,1,original_21_4.png
0.1082471450118509,0.5668858180054995,0.4582194659401457,0.9316997842325851,0.2007793375630714,-0.06397036930011592,-0.32596519320367795,-0.9396771431772075,-0.8643184028273483,1,original_21_5.png
0.1291390728476821,0.5294171954623315,0.4565402863074651,0.8990284686127271,0.23983521404262942,-0.020343958000041264,-0.15863584008533513,-0.8341657960389814,-0.9135895890026529,1,original_21_6.png
0.11917544221901026,0.5376460477831515,0.4974060760552441,0.8722832748427657,0.21312080743430364,-0.23230991642268117,-0.2787218443227629,-0.9425279403773095,-0.8521837923014672,1,original_21_7.png
0.12421621621621622,0.5672178706121265,0.48947067171610253,0.9181383569108854,0.23249696479158236,-0.22458138413995907,-0.3438186707668177,-0.928074232946213,-0.9294608944503895,1,original_21_8.png
0.13262548262548263,0.5725953027263071,0.4861967144936577,0.9107579035214288,0.25399290150842946,-0.14981881063525793,-0.3905664747346889,-0.9874416518941973,-0.6720095889473892,1,original_21_9.png
0.08911698811611143,0.4812329645848627,0.42940983395445326,0.9372377743721148,0.17360056925996206,0.3331777882253656,0.19266573191307046,-0.8920774892114802,-0.23111277812173725,0,forgeries_22_1.png
0.09953953521836104,0.4919723927067109,0.41194860448785187,0.868350563023458,0.1495554414506932,0.3596921661397928,0.12264375438093754,-1.1429450583910181,-0.4380646027176778,0,forgeries_22_10.png
0.09608519114379836,0.47579451819180135,0.3863241263739799,0.8688839266230778,0.15858685481627596,0.421530800392117,0.20884212743239805,-1.0281908576194096,-0.5685958631888521,0,forgeries_22_11.png
0.07483462483462483,0.4700049540054591,0.44978627274371685,0.9545989260442163,0.1408723805457715,0.34061218455068887,0.24127523492751743,-0.8839239880828229,-0.3448216805164912,0,forgeries_22_12.png
0.10164131907845204,0.48209391341851315,0.4402419469277707,0.8922471273857784,0.13370087318224586,0.2677426815354142,-0.3321701237927433,-1.2358951197443202,-0.26361219108143485,0,forgeries_22_13.png
0.0894633809304468,0.40474023980910323,0.43773734549179416,0.85585772496561,0.12023523949547318,0.2387275725963013,0.3761939207321605,-1.3247874341016708,0.020241613205250975,0,forgeries_22_14.png
0.09725122377023927,0.46910891078690264,0.43198213246658723,0.8690237785536773,0.13669387820564224,0.33305518690636926,0.06833716011774175,-1.0000781644770862,-0.18431121756263114,0,forgeries_22_15.png
0.06767018045381454,0.40700580402867875,0.4202438482190188,0.7952901709635111,0.09185937935801511,0.3288391166092762,0.42949949599659865,-1.1908465363952565,-0.3302595379123838,0,forgeries_22_16.png
0.09528158295281583,0.4716923459538016,0.39846220348274203,0.8454831097124318,0.12004602403477371,0.42996379803503837,0.21675633273032563,-1.1669124125257504,-0.6209575600570969,0,forgeries_22_17.png
0.10076308841522313,0.4315468743876742,0.3829112698874031,0.7774265471937228,0.13189059339177342,0.4142719726459632,0.37819556762452844,-1.0525487515546426,-0.399450572645919,0,forgeries_22_18.png
0.08137092316196794,0.5497026804884595,0.43607511581584824,0.8862622602046225,0.11508991399530884,0.1760034434201841,-0.11522564856968565,-1.2845195607204671,-0.4722136900562286,0,forgeries_22_19.png
0.0822197633841178,0.48859457440058773,0.4660983327597415,0.9368485263689451,0.16791969058276476,0.19499240979262256,0.2638559576987617,-0.8814724089663648,0.19101546193149188,0,forgeries_22_2.png
0.08204171450440108,0.4762551673121274,0.3677275921357554,0.9213371169128114,0.14188563108081276,0.42883785494277304,0.3108640923891486,-0.9360886677865285,-0.398594638078829,0,forgeries_22_20.png
0.09829295154185022,0.5545354705758956,0.41059889865036925,0.9205172730846529,0.1396713615023474,0.3176463246833041,-0.06336527319240096,-1.077240288426186,-0.38894794998566606,0,forgeries_22_21.png
0.08889824167601945,0.42459391388902173,0.4102628246342081,0.905717664703597,0.14607121451952482,0.44633040919562483,0.6153796031045964,-0.7608135706583372,0.09165868166800806,0,forgeries_22_22.png
0.09996031468123351,0.49178836671170995,0.40454030598179996,0.8775980943577386,0.16295929823226077,0.40159644488719964,0.24529804118887322,-0.8430162089102065,-0.5176567219119388,0,forgeries_22_23.png
0.10226244343891402,0.48077087275421476,0.44375033123452845,0.7150620621590756,0.13137110167927663,0.331015398100337,0.10793149001118799,-1.2404423092192614,-0.33503510142085835,0,forgeries_22_24.png
0.0991380956624696,0.4741824213797152,0.43211175387251155,0.9152084187715717,0.17958120012914533,0.3755556869390964,0.33790014140625896,-0.9577367547686344,0.2532659966117614,0,forgeries_22_3.png
0.10448921529707556,0.5382025213726321,0.43393848249792527,0.871286836959776,0.1759512004902234,0.3209759293090722,-0.004779927670033426,-1.1300798414580937,-0.3463886970056209,0,forgeries_22_4.png
0.11605207954092335,0.518119826358987,0.41908004766663576,0.833378232107121,0.18478440898801965,0.42490610097325293,0.1124190255080234,-1.070311153796707,-0.458683605534572,0,forgeries_22_5.png
0.10742927155268434,0.5156386612814621,0.4234745788940213,0.8379442379683486,0.17615633989315557,0.3243094423347204,0.05151793704997755,-1.0156002284292827,-0.3891667966257031,0,forgeries_22_6.png
0.09573332932565863,0.5159902209591651,0.419015585175281,0.8638691313665683,0.1670162558993183,0.42147222234071774,0.020655160219063745,-1.0416958336739353,-0.3965117724303888,0,forgeries_22_7.png
0.09616073026669053,0.48599320586291267,0.3805794984473501,0.8175886000245324,0.15802245208098437,0.5002485355053083,0.18520889043473704,-0.8511773568543104,-0.5110624863682798,0,forgeries_22_8.png
0.09926702324995047,0.5076238065175369,0.4041958836798573,0.8655630423082109,0.16238510487862362,0.36284821069675055,-0.029771021512586055,-1.131562090235428,-0.5192245163833475,0,forgeries_22_9.png
0.11100676183320811,0.5066818605614835,0.4274417322409939,0.8804014519186614,0.15091380002188742,0.2547013906266489,0.09540596732168387,-1.1713793647104054,-0.33318530063480756,1,original_22_1.png
0.1353738553608768,0.45250004824485224,0.39791323012103264,0.8565165355977702,0.18487519078331938,0.42503297270703944,0.3513632170429646,-1.103000810469433,-0.3373176878864026,1,original_22_10.png
0.1245623862204173,0.4829941661729183,0.41455145960209355,0.8543061572138042,0.1765231196666005,0.27475013940292403,0.36534859040947487,-1.2632990585334543,-0.1374098170130882,1,original_22_11.png
0.09940984940984941,0.4509529620839754,0.4223210224041851,0.8618640161075207,0.16013112067199345,0.41181551397332067,0.192393473655637,-1.0369560153684705,-0.12329917427381343,1,original_22_12.png
0.12467532467532468,0.536173115079365,0.4029122240927796,0.8962680741139827,0.19397204916652636,0.3353201338945272,0.05705080486911854,-1.1526640577045484,-0.3968379205506509,1,original_22_13.png
0.10871394230769231,0.5399892896627971,0.39460682697622995,0.8623805914756741,0.1536762519644905,0.45705136940273156,-0.028150935185114,-0.9796102582808648,-0.2924296027651021,1,original_22_14.png
0.12558377583008126,0.4444446282194627,0.43531189066699455,0.8148395641068562,0.17564423765211168,0.36534317708519676,0.5753709040248204,-0.9439846813103658,-0.056224630701334544,1,original_22_15.png
0.12704225352112675,0.4439762187314575,0.41667682926829264,0.8481489603462722,0.16305870655759933,0.3990388730910369,0.44989346288440474,-1.0924039089108828,-0.34459712715784985,1,original_22_16.png
0.11144596651445966,0.5220034948157739,0.40114115754651125,0.8783842510538424,0.15746913845756808,0.42947230953828136,0.1173391917363868,-0.909655933494713,-0.3276806732023858,1,original_22_17.png
0.14293495175848117,0.46422090883168726,0.4266640515759924,0.8898130618927201,0.18737250101999184,0.2659938350543971,0.23422987137331916,-1.209168273440327,-0.3252022101642331,1,original_22_18.png
0.13826530612244897,0.4936701674709055,0.43584578310461286,0.8857116134262695,0.1896941632565152,0.23312726478293502,0.17746748154819775,-1.2066066656299228,-0.29473206915392147,1,original_22_19.png
0.1368753253513795,0.5153665459528237,0.42373435761299644,0.9056900637553373,0.20375841526614036,0.22929977817842134,0.0526806204725845,-1.1813757195871148,-0.444811266487378,1,original_22_2.png
0.1411955302621194,0.5465981812430458,0.4029735752634428,0.8742590857675214,0.1868609125893348,0.40906041592284004,0.008253141593650277,-1.2073092592938908,-0.214563789628464,1,original_22_20.png
0.13056007093246638,0.49077617008336927,0.42712658362610456,0.8856416053322516,0.1802693327892267,0.24398841846268735,0.2628502909974954,-1.251821576096449,-0.36870301115893245,1,original_22_21.png
0.11745099333377335,0.504506762670785,0.3988106132276101,0.8887778555859417,0.1673406056046643,0.4189676490716079,0.1333428680577419,-1.1092368212291186,-0.01872068307614816,1,original_22_22.png
0.12118603538976566,0.5127460437827679,0.44199921715081397,0.847478878878972,0.16665205191160995,0.20421492621472906,0.05283237604902762,-1.3668515413202378,-0.1180140549767228,1,original_22_23.png
0.15603252795371023,0.523314362076577,0.4245204419303038,0.90596554226708,0.219792928736645,0.33714036609736725,0.013556858960293001,-1.2539761015749695,-0.3433715500451755,1,original_22_24.png
0.13338788870703763,0.517168475696083,0.41104607753556976,0.9109873198992059,0.2,0.2637387036330226,0.14918195768594336,-1.1340054768845662,-0.36435961641606696,1,original_22_3.png
0.12273385975808121,0.4883392393101819,0.4414457831325301,0.8575341205462175,0.1813652652740145,0.2263355657510136,0.35627506709444773,-1.0918690110622666,-0.16236062331060497,1,original_22_4.png
0.10853863381858903,0.5267247464805941,0.4409759684774913,0.8786922721124449,0.16493661192886921,0.1988559830249828,0.21066322498933893,-1.1191141329964154,-0.20926252542486523,1,original_22_5.png
0.14030688005279657,0.518120478801051,0.4158538396791603,0.8656580233891529,0.19267717962660866,0.24556867801095483,0.18018388995337767,-1.2635722715597135,-0.15924125498642638,1,original_22_6.png
0.14101348888078746,0.4970964919258611,0.42184383224611227,0.8756341590140254,0.18747576580069794,0.2524453804562974,0.29111647522131895,-1.2769723792989203,-0.39243054601690686,1,original_22_7.png
0.12297872340425532,0.5358766760380622,0.4322314658028418,0.854936597301269,0.17632030505243088,0.30137064281329945,0.07669920421580616,-1.1744881804831944,-0.23989181628378953,1,original_22_8.png
0.13133135257498585,0.47432082569524686,0.40170737239003784,0.9207709514471972,0.18011156924569488,0.36509966107840297,0.40603044819947204,-1.0775717221676961,0.05714455978913424,1,original_22_9.png
0.05175575131813774,0.46989615325367334,0.4655234614054487,0.9188448523252273,0.12113062882645763,0.21732385508171098,0.4591476786676267,-1.034384971902172,0.37044201376981256,0,forgeries_23_1.png
0.07127204671712685,0.41570682811880916,0.3953108974209625,0.823930931446556,0.13138415180033627,0.4483324138526874,0.5785774159957983,-1.0527910289989735,-0.08905809616678972,0,forgeries_23_10.png
0.06397148822809418,0.38642851014760815,0.38723152679606926,0.8463458195337685,0.1216540015061272,0.4767080844818536,0.9430549789962097,-0.8914419458107434,1.1586540974844803,0,forgeries_23_11.png
0.05377393361425298,0.4852921109176265,0.44228315434020604,0.9602767947929568,0.11665276797741997,0.14401889735227433,0.26151090486572304,-1.223511853512462,-0.0418218244966293,0,forgeries_23_12.png
0.06702891404678317,0.48323815229006,0.4445023066379023,0.884354927046163,0.10264270613107822,0.231340782004749,0.3615341045160753,-1.2079847784046973,-0.4549078039021657,0,forgeries_23_13.png
0.06558312205722565,0.47407333251558176,0.40553794886598976,0.8307484341455905,0.10138010189799003,0.42434938886296797,0.29774822240863263,-0.8542639437607793,-0.7189613923066878,0,forgeries_23_14.png
0.05819848975188781,0.44031857413957237,0.4983540263689989,0.9069764760389222,0.08680711190796354,0.19776455384708755,0.304766121937673,-1.1029887324421257,-0.5268903217114591,0,forgeries_23_15.png
0.07239063417498531,0.43220135643727203,0.5186180778980208,0.8645839168257179,0.10533904754275644,0.10853646502620284,0.5004175882484123,-1.3458613458298727,-0.6528277447309434,0,forgeries_23_16.png
0.06492241132723112,0.4913194444444444,0.46753253300087494,0.8984797583243657,0.09315718591675752,0.17125897876696702,0.18008053839263216,-1.3022421933465218,-0.6752883646019812,0,forgeries_23_17.png
0.07293240007367839,0.5143786783809017,0.47521577318666103,0.9068077176723317,0.11232146149809227,0.13801746193794495,0.10015559282100893,-1.2261084000412485,-0.6172629445641125,0,forgeries_23_18.png
0.08017273364389661,0.48807864500932757,0.47706067281424214,0.8652899707065278,0.11946923041481732,0.31878808061929576,0.22003624775244632,-1.1793151796782113,-0.7146372223916981,0,forgeries_23_19.png
0.06434560699963543,0.505407496186533,0.42142032410080155,0.9405203592851334,0.1347173987711331,0.21643304673818392,0.22845746639407946,-1.2723901148489938,0.0024550651613060026,0,forgeries_23_2.png
0.05972329458901108,0.43999046386485935,0.46783781636728156,0.9324559021826369,0.12228678858314818,0.025269050082064214,0.7156528231520256,-1.140653627373016,0.24324167733513136,0,forgeries_23_20.png
0.0664794870720362,0.4959909228441755,0.42110790797756287,0.9609128394725888,0.14529069128475658,0.21855242451817145,0.40757402035071805,-1.0472310608560984,0.41445147336081156,0,forgeries_23_21.png
0.08026651164870545,0.44073620909587896,0.4188468766243286,0.9414931376491849,0.17079784956467958,0.36292889713129306,0.49647690012592643,-0.6500083568051753,0.4492985435824983,0,forgeries_23_22.png
0.0807049264492511,0.483878662080568,0.40954547886381326,0.9505968040698674,0.17278788023608688,0.34962985001791924,0.3686520217971077,-0.9092449525029345,0.16362207116292415,0,forgeries_23_23.png
0.07754711673699015,0.5109079770426259,0.4252183783068978,0.9017532021143038,0.12113542490552773,0.43657172453555415,0.07868179914642577,-0.9346124065510559,-0.6130954924208187,0,forgeries_23_24.png
0.07087716976554401,0.5046696454058849,0.4383916940045039,0.9141820071797248,0.13806362913793474,0.2580084882703008,0.12207632201483677,-1.1694220018131851,-0.07109249366411685,0,forgeries_23_3.png
0.05851321092700403,0.4430174081237911,0.34997123357806786,0.909979860986749,0.12441676664952675,0.6122170808512876,0.6455550393303029,-0.5038469380521544,0.03695419680150547,0,forgeries_23_4.png
0.0720922190201729,0.4705807483210745,0.37837824138372766,0.8472171339813684,0.13233178163351672,0.530961002942053,0.3335478638227153,-0.6799185878595715,-0.2228471886516048,0,forgeries_23_5.png
0.06890551790019561,0.46350695889876403,0.38389358573280347,0.8718370366597042,0.1356482414310341,0.5762511281738516,0.35192203193923594,-0.6282582810190034,-0.16926948556351995,0,forgeries_23_6.png
0.0638368768407249,0.48991334075421783,0.38274576053598325,0.9033101766990085,0.13693797555914228,0.47904911322814003,0.26118631803684944,-0.7495864552346685,-0.06122999143424801,0,forgeries_23_7.png
0.0672736133262449,0.4440374272856986,0.4103392467558975,0.7827697320555985,0.12425587627600597,0.4670686130055461,0.49949343689169856,-0.8235244678450688,-0.2781422236524538,0,forgeries_23_8.png
0.06439125033277132,0.4492686024613498,0.37282537621025386,0.880432417781175,0.1312131280938496,0.6804612349962244,0.5485963292435071,-0.2980198044545421,0.10505323462410976,0,forgeries_23_9.png
0.05175388806902032,0.48432436556453073,0.39339509775230125,0.8703677325205362,0.10118743757629564,0.6968423930930006,0.25987784805246783,-0.4535601966703844,-0.21340140266470176,1,original_23_1.png
0.06326312576312576,0.4738280082067778,0.37943795833572674,0.8044096756623264,0.12226237003170858,0.5609054972574604,0.28872071315836983,-0.5762568621124289,-0.34988818682856415,1,original_23_10.png
0.055680503493914575,0.49682275835866263,0.3798008786848073,0.8807599745522247,0.11094309003061262,0.6633503618579472,0.050655550949747,-0.2237866054947415,-0.23674287854555587,1,original_23_11.png
0.06370120863879532,0.46871461142399856,0.3782100900156299,0.8803407428566746,0.11951355513661348,0.6097553649936799,0.27565388918942535,-0.6079109721615312,-0.1794334524251151,1,original_23_12.png
0.08030997446034356,0.48984237347716475,0.4136453793064168,0.8525569952337798,0.14547355746379798,0.3946074902015498,0.0825254181362361,-0.8072761863578126,-0.3957919629894384,1,original_23_13.png
0.058466460022254016,0.45123449812391286,0.3923707479782246,0.9033295005048925,0.1146793460256835,0.5886375162252739,0.4442775674742015,-0.6459635838458713,-0.23304693836362356,1,original_23_14.png
0.0804118310767247,0.5146606460280311,0.40767484415692884,0.8301817895662029,0.1408256880733945,0.5083028481211002,-0.15766855121402282,-0.8640261393221338,-0.24783744874115188,1,original_23_15.png
0.07082814685046025,0.5133685350161525,0.42090432029342933,0.8671459236724582,0.13085571517801375,0.5503061804789798,0.007057916123066539,-0.5993406319701444,-0.6479080190662123,1,original_23_16.png
0.06737579281183932,0.4980210437979175,0.4346813769188254,0.8733147202712664,0.13063305408244305,0.4154730368805545,0.22426953778487158,-0.6472653317290007,-0.22656062662921972,1,original_23_17.png
0.09884976525821597,0.5321859917519842,0.4168970157523945,0.9128675658372594,0.15543333825483538,0.4687775612831529,-0.18082974145714123,-0.9071337674631534,-0.3349265096520928,1,original_23_18.png
0.06987743557510999,0.5407015965819654,0.38532141316040575,0.9000387185319823,0.13433421942967616,0.6905240436419162,-0.07658727995162636,-0.3360596617218592,-0.4611629029040629,1,original_23_19.png
0.06282687586722169,0.5058713417175936,0.3798312508453064,0.8952377560432121,0.1241955902521363,0.7017966811553681,0.17567313065350357,-0.4718527673718147,-0.1872638429160869,1,original_23_2.png
0.07689126423617738,0.5670981721354084,0.3716417312851175,0.9277573020854353,0.13439724199288255,0.7165470125595418,-0.1957533328952931,-0.2601954535913831,-0.5627871879185395,1,original_23_20.png
0.07290475101044765,0.5304162730013048,0.396284014362444,0.886436756722544,0.13404844533249202,0.4564525295306011,-0.019420019770826837,-0.7277688453717022,-0.24283847352967403,1,original_23_21.png
0.07367614451545584,0.5116306314515184,0.36950963142072224,0.8612442316330272,0.13710142289372287,0.6603961827837741,-0.009096111537392402,-0.22954097137187057,-0.4806298888843399,1,original_23_22.png
0.06716886377903326,0.6053835669781932,0.44370505306510377,0.9003263600129209,0.12391788992153797,0.5831422649712799,-0.4514662820458954,-0.38477537799787154,-0.29853928161983934,1,original_23_23.png
0.07231548785028573,0.47023664320613245,0.40004154008658765,0.8069642166510056,0.13484875928273862,0.5013701937439098,0.29304332455512877,-0.7853823263035484,-0.5115743573249385,1,original_23_24.png
0.05675420366521821,0.47981313241978346,0.36266536823207535,0.8379990433912865,0.09090175509380674,0.6927332369802754,0.3485378985256136,-0.5453117957381899,-0.05541397797943892,1,original_23_3.png
0.06684057475196716,0.5040837382488054,0.41113189770834513,0.8996315742058328,0.13537546554262783,0.5401172012511664,0.08839149549244932,-0.7240422238082949,-0.13998113530906942,1,original_23_4.png
0.05782011519716438,0.5078047787407393,0.38031082038996117,0.8678858468644753,0.11043723554301833,0.5584307295680132,0.24305857378576531,-0.717592924192012,-0.11453481788445741,1,original_23_5.png
0.06495187781148656,0.49963644350232195,0.4699975534731761,0.8655725914180499,0.12750282369853166,0.27163955575496207,0.02221644383076622,-1.0671322650466153,-0.47229847140094305,1,original_23_6.png
0.061716032465479076,0.4551961716320513,0.3831495785009231,0.8664076288083596,0.11813724501119832,0.5230976149632002,0.45025417263277545,-0.8246624379122611,-0.00965212606380117,1,original_23_7.png
0.05522594420525745,0.4871910824510085,0.4082258095566708,0.8727103310377848,0.10778085186323735,0.5591762189552796,0.18835313078884108,-0.5392907695216325,-0.07083860048064583,1,original_23_8.png
0.06154231461032308,0.47428853168356805,0.38307569101530564,0.8273923786386373,0.1083431869651482,0.6164956726302673,0.32695781588588635,-0.5260041753056677,-0.0378546583821584,1,original_23_9.png
0.0506433007985803,0.39682625835571045,0.5638788695504483,0.9129602210750436,0.07271974390418703,-0.24915217267788467,0.6544607303185018,-1.0120962545194518,0.24188636301686728,0,forgeries_24_1.png
0.0843976590967647,0.4453135457462013,0.5406473881232197,0.8057298658963741,0.10788049870618678,-0.04950620924678976,-0.042546304076281634,-0.9937462238824741,-0.5902699765201636,0,forgeries_24_10.png
0.09311224489795919,0.5226740867579909,0.5608835771751624,0.9224779227342996,0.11262535356132682,-0.2597305977127197,-0.030037747594979135,-1.1299425177699451,-0.3741559354410442,0,forgeries_24_11.png
0.0590707004988072,0.48492796970032653,0.527943080173526,0.9496831892699131,0.0828674652975851,-0.17648015529533598,0.3237444622008007,-1.0862396668471577,-0.2726325687419586,0,forgeries_24_12.png
0.07183103520683139,0.5339332955770887,0.5095313943060593,0.9385606261505692,0.10104864119732178,0.007940007239199813,-0.23585760291784608,-1.0738583876401069,-0.647800363270775,0,forgeries_24_13.png
0.06412166356300435,0.5476712918145639,0.5217048299956194,0.9326023347237153,0.09227127576427503,0.033864588431736516,-0.1690445213035744,-1.1636342550458263,-0.6602285590301555,0,forgeries_24_14.png
0.057789994502473886,0.4671083514701489,0.5200949055421256,0.93175987639069,0.08383443655793923,-0.14445222277256264,-0.08859889159704762,-0.9857425884193929,-0.33917954617718626,0,forgeries_24_15.png
0.06330397313224764,0.48954815280396674,0.4926654174610578,0.8765794007990445,0.08561585135922663,0.08806476828654668,-0.3441121258736767,-1.1014603721932978,-0.8801239750647238,0,forgeries_24_16.png
0.0609544792132833,0.5736005616669576,0.5443199460550039,0.9417343797186448,0.08171176298666338,-0.11556168007478838,-0.20941757391638047,-1.1630615666736452,-0.36840639500350836,0,forgeries_24_17.png
0.06552920763447079,0.4513912760719097,0.5142230342473061,0.917652104379567,0.08468337163891848,-0.03436863460705155,-0.22878900535848176,-1.124956054180125,-0.6937309700556296,0,forgeries_24_18.png
0.0669833729216152,0.533019218982576,0.5232625610904279,0.9360196978297155,0.08280722360886801,-0.07083409819286184,-0.32499486753208995,-1.1859123403146836,-0.748797838696357,0,forgeries_24_19.png
0.05748427672955975,0.48015255356921677,0.5317292487235594,0.9315604555311868,0.0807391964948235,-0.1836347170680687,0.27289548888204973,-1.1212957925711877,-0.05331909403896029,0,forgeries_24_2.png
0.07022404815363302,0.4897592177526116,0.5537864732669927,0.9272925375296447,0.09091471334034264,-0.2849698096603361,0.2515854880788633,-1.0691389753822294,-0.47854145459416975,0,forgeries_24_20.png
0.06662505427702996,0.4178644166424207,0.49484064219785934,0.9131490394627702,0.09638601519404802,-0.037648566733138725,0.538756544781166,-1.0885301313476947,0.02041903943627199,0,forgeries_24_21.png
0.07917324388318864,0.48217185016895864,0.5460552341393463,0.9075524459518295,0.1032685626045554,-0.28821451529725844,0.07564712970427323,-1.0664596177485461,-0.5095306988087778,0,forgeries_24_22.png
0.06798994350983922,0.5047664967979708,0.5626140503757435,0.9448757725744313,0.09437742352434296,-0.3154424471562232,0.11610446353658498,-1.1266385814806275,-0.2854552110998698,0,forgeries_24_23.png
0.06549873737373738,0.5421238673703077,0.5067194397424408,0.9273813791470109,0.08678542233037395,-0.01988829350111558,-0.5005307502285485,-0.9439637316463516,-0.2761332088424,0,forgeries_24_24.png
0.05032701945128684,0.43543612091028566,0.5555415272949871,0.9184778208475213,0.0759457164372807,-0.2735765996238525,0.4623732399108893,-0.9941822665240512,0.44005301498639593,0,forgeries_24_3.png
0.06556782686300759,0.6114931392472864,0.5379958797333101,0.9059374540801092,0.09288451661333018,-0.20909373251316316,-0.3602381485560133,-1.164053744632442,-0.5336544918299833,0,forgeries_24_4.png
0.09258814102564103,0.49726714625703156,0.5440625381397775,0.9129786947149814,0.10994291151284491,-0.13515294806551006,-0.2622542093022519,-1.2012038740453714,-0.7237427537006806,0,forgeries_24_5.png
0.08255903987611304,0.4972049867040288,0.5466458251921323,0.9169487195679656,0.10061572577791408,-0.12987001816956625,-0.3844381339431502,-1.1501637294161595,-0.5075951947193786,0,forgeries_24_6.png
0.09068325531740166,0.47349072596453834,0.5653684227376778,0.92251814820856,0.10932356508180086,-0.20979496690742344,0.1304907897458392,-1.1519396478270527,-0.3877482701118491,0,forgeries_24_7.png
0.08683759969933603,0.489840527349544,0.5773138330154494,0.9314667798180554,0.10254956110070026,-0.314165849006083,-0.03607426795516834,-1.1191401897470448,-0.5591496376633089,0,forgeries_24_8.png
0.09367965750099307,0.49120943441219184,0.5820135411105745,0.8699610229393906,0.10804550892107205,-0.31936598670711674,-0.1355739541079966,-1.1501351072899018,-0.698718857517417,0,forgeries_24_9.png
0.06974087344861608,0.46763515532795397,0.5757745846430175,0.9193408865173786,0.09735764253869296,-0.37261425451250313,0.10396535431736835,-0.9326531834163618,-0.03754899189846439,1,original_24_1.png
0.07007888460832874,0.4094813481675392,0.5345919764950184,0.8694525914682044,0.10151137684769972,-0.10050109200858338,0.2520675618401833,-1.1016305299529736,0.049302960364157045,1,original_24_10.png
0.07488164856585909,0.49111529288077016,0.5211065658443865,0.9433679041072639,0.10011914513366595,-0.02582583668483425,-0.39391870538754614,-1.2436274974246007,-0.20901219911201263,1,original_24_11.png
0.049507765575576644,0.27383599412994175,0.5475931003266475,0.8993634276252035,0.07296249738110203,-0.20345392037050034,0.16552738540460069,-1.0156929473598297,-0.19956385832129753,1,original_24_12.png
0.08933352120614343,0.5188626820147492,0.5895563460634942,0.9152189269250386,0.1261791983441468,-0.470174786085844,-0.129206270554014,-1.1053807303940204,-0.31069137101701605,1,original_24_13.png
0.09298480157613284,0.47295853642251456,0.5420040659899672,0.8767719936245708,0.11538461538461539,-0.08340136606794583,-0.2557359428545096,-1.191855572534814,-0.8479850591573372,1,original_24_14.png
0.08295716055939105,0.4477003391380559,0.5390870031264843,0.8713116250021531,0.11041408965070389,-0.19507800492332109,0.006898014910845124,-1.109478403569337,-0.7056465360078454,1,original_24_15.png
0.07939151676660004,0.4879724705674073,0.5950619555882714,0.8693758593759849,0.11140108284968644,-0.4609701580660486,-0.021216641244623743,-0.9433129608919426,-0.3044073440421209,1,original_24_16.png
0.08215767634854772,0.4032236755185626,0.5539989969808256,0.9131249067021467,0.1137660485021398,-0.2754590237110916,0.31553968678099403,-1.0678266671562122,-0.1974783572112382,1,original_24_17.png
0.0747327302631579,0.48359561644827337,0.5385695172799174,0.9112858004374649,0.10588021117786274,-0.2487328061190101,-0.08080794530652517,-0.9766569149886157,-0.2552884024801161,1,original_24_18.png
0.09073711676451403,0.4673975557153128,0.5192283072196016,0.9093111987870122,0.12278765944299774,-0.07994569560521957,-0.12489549736234631,-1.250034393659936,-0.3417910151396262,1,original_24_19.png
0.08103013407672906,0.4200864035726421,0.5575743269587602,0.9407142974376113,0.10419938545578696,-0.25133854012442136,0.20358067968401855,-1.1230070767222367,-0.2605997107179614,1,original_24_2.png
0.07694639825369877,0.4552875243664718,0.4909214047855091,0.902732489896644,0.10893638938964718,0.10686728036133729,-0.3080324909902355,-1.1353652830360073,-0.2876279552498482,1,original_24_20.png
0.08349598785512904,0.46049783549783546,0.5423685983827493,0.8525228883180427,0.12589413447782546,-0.2665428560469315,0.16327331361088654,-0.9884952920843162,0.0663366245922119,1,original_24_21.png
0.07969564604762576,0.5073250466011596,0.5260254596888261,0.8685828682960967,0.1131516824710919,-0.24994710332041378,-0.015562037550879095,-0.8852119426470728,-0.35316581423473004,1,original_24_22.png
0.08438112086940039,0.5144990231210418,0.5235599294004386,0.9533220692251346,0.11049975177891776,-0.243680133329217,-0.36801797731249075,-1.1866345586767237,-0.40216313039379026,1,original_24_23.png
0.09704629905882992,0.41990216262945745,0.5702448978595541,0.8676005622236496,0.12179596282806276,-0.22888504121017056,0.39254121813545323,-1.1582649066599748,-0.33331805214959287,1,original_24_24.png
0.07522013207924755,0.4239056237200917,0.5466231518092765,0.9229738029317417,0.10322691383453485,-0.20746216616224794,0.14735470972471282,-1.1531533915353804,-0.18408717947710018,1,original_24_3.png
0.0785961581416127,0.4478757620853535,0.5255435021945598,0.9120644608870246,0.11092284656001261,-0.2257738881631605,0.34716713985835906,-1.0603463379941667,-0.1692819614586134,1,original_24_4.png
0.07057731001392974,0.4342491351618483,0.4919724524987683,0.9317366704356567,0.09756445458759762,-0.038351158024773874,0.03531979624389246,-1.1157335082503514,-0.3921210176706649,1,original_24_5.png
0.06751695035797259,0.47514873682741293,0.533786934985848,0.9390138208313306,0.10533323470670908,-0.24456620669956997,-0.019461500129820463,-1.199594059899604,0.2075731818908082,1,original_24_6.png
0.0717208182912154,0.41873154362416104,0.5348084704286096,0.933285277543309,0.0963621665319321,-0.10529299789829624,0.1961679080687044,-1.214670888494804,-0.4093609473142852,1,original_24_7.png
0.07114443403103198,0.46004364487971044,0.5081786136797122,0.9384734199071325,0.10204630321135176,-0.1358592450093176,-0.15843223359910757,-1.2076168893433321,-0.1366120024048847,1,original_24_8.png
0.08591589861751152,0.43844164551506154,0.5175618829279898,0.922477781340102,0.11785389751491446,-0.10690489093126378,0.04095929648213496,-1.1963952833306615,-0.42366131964386033,1,original_24_9.png
0.0648508430609598,0.3026085925925926,0.5205935149156938,0.6863259190040322,0.10856977417486971,0.032149232648119634,1.2891793711379906,-1.3358731430867574,1.079742945060449,0,forgeries_25_1.png
0.07329331967013127,0.522122766352682,0.4988421235454177,0.9726240041826077,0.16741904921139164,0.1915456202645677,-0.02480978337867616,-1.3799731913831357,-0.774851844271967,0,forgeries_25_10.png
0.08111391174952169,0.48157314833194714,0.5447618208646244,0.9672786952307231,0.1675448500815456,0.016082672392936058,-0.00893767614037223,-1.396646259921845,-0.5436747595078892,0,forgeries_25_11.png
0.056123839009287926,0.29258947040515465,0.4734377758164166,0.44929455006438085,0.10369522937878961,0.24159644864765709,1.4283516133124912,-1.0439247560236515,1.3640214179357404,0,forgeries_25_12.png
0.08515803615622128,0.514476753744311,0.5447248572075586,0.9565684449719296,0.1306785300925926,-0.0029960746084870837,0.10824530975072287,-1.2090360582196829,-0.42557430534301366,0,forgeries_25_13.png
0.08523021726131154,0.5223218605851424,0.5409247473463936,0.9446105681678617,0.13222424935835989,-0.02092682221230214,-0.1634001275145619,-1.0891283732861452,-0.370638378186781,0,forgeries_25_14.png
0.09132860678776691,0.5283239122759731,0.5371022386789439,0.9760179004022468,0.15734884897546167,-0.05445274677242652,-0.17740832329623357,-1.061650704295419,-0.197575728132811,0,forgeries_25_15.png
0.08949220713926596,0.4649552431929723,0.5539113463555922,0.9625576412989425,0.1254963078407362,-0.04744696973346022,0.3596135738220853,-1.2764748825946513,-0.6420992728107993,0,forgeries_25_16.png
0.09419802867383513,0.49367688235971,0.5261857576958647,0.9708932985987891,0.13417786145058871,0.10146259305376533,-0.04293027661877902,-1.3552938199433449,-0.8266860108794956,0,forgeries_25_17.png
0.06364305234391424,0.2791985571728476,0.49544149934933945,0.5039675798461427,0.11596654749744638,0.08104927764212172,1.40523956577058,-1.1384278762114926,1.4438848238614828,0,forgeries_25_18.png
0.06259739450227514,0.2975301735684179,0.5100505229822435,0.6393501220306699,0.11022390516957524,0.009503535004357942,1.243898603371281,-1.2870304520510643,1.1700468677263043,0,forgeries_25_19.png
0.064,0.3065152573957605,0.5256803528341443,0.7475889806210979,0.10997752031817395,-0.07428721684375689,1.347846084096737,-1.3110163133734734,1.4717747412566196,0,forgeries_25_2.png
0.0642936557570704,0.33101139441548433,0.5519125115180236,0.5184896520832408,0.11201573849878935,-0.12737631483866246,1.1458107845529122,-1.1616167722385111,0.9362547351276631,0,forgeries_25_20.png
0.06952918153562795,0.3246986099771185,0.5172252675904799,0.7063661921923586,0.12410533885825828,-0.03105849395759204,1.1530872570306747,-1.1740032141416554,0.9424463524745139,0,forgeries_25_21.png
0.06841392649903288,0.28166194454971455,0.5577608142493639,0.5998361257652596,0.11244992687734469,-0.049483102002294416,1.39742823153213,-1.3957181106072554,1.4517927131625799,0,forgeries_25_22.png
0.06684027777777778,0.2963062981966574,0.5478984330886505,0.7955570436097271,0.11285286433441662,-0.05033945061006788,1.3728487515128707,-1.284612212910648,1.6777196879890655,0,forgeries_25_23.png
0.07910476557978005,0.45483461409956566,0.5471885949845414,0.9669252247809249,0.1306772908366534,-0.08721079937468582,-0.0367554650511959,-1.16690652575647,-0.3929724580562559,0,forgeries_25_24.png
0.08811630847029077,0.31772576347612214,0.5174083620065769,0.7825443058708887,0.15265002190100746,0.03490734880926518,1.2010960338997532,-1.2552775465767674,1.0962231776338873,0,forgeries_25_3.png
0.07536577931314774,0.506091125184042,0.5152767963688085,0.9648766952365184,0.13852834064805303,0.06058740624316858,0.025036425837106333,-1.4666010117114763,-0.8638618988520617,0,forgeries_25_4.png
0.07626490066225165,0.507488573341093,0.4840597429663077,0.9783166412821698,0.16785214552238806,0.2655517187255067,0.045876979538524584,-1.378989009048588,-0.7238350538828033,0,forgeries_25_5.png
0.0836627140974967,0.4642708661417323,0.576131461828141,0.9047392302833229,0.11596902622543648,-0.07574389622301982,0.28760862298005757,-1.4413778951854725,-0.7129388646438746,0,forgeries_25_6.png
0.09374413512668127,0.5034698967552685,0.5361158259708985,0.9415208408679366,0.14112162734849554,0.09808066140653761,0.01617436998782359,-1.4784222338049533,-0.8493656144943849,0,forgeries_25_7.png
0.0939141281512605,0.4399166593848305,0.5212639407388261,0.9455282251704136,0.16449146208244697,0.12004724038499076,0.2019920027273942,-1.086767102649632,-0.6239782330499826,0,forgeries_25_8.png
0.07712710630330767,0.47304095538914714,0.525931572312293,0.9658601733147982,0.1470792422890013,-0.002264491155113138,0.1692905207916268,-1.505176671020779,-0.7301656571106703,0,forgeries_25_9.png
0.10777310924369748,0.5247301259685161,0.45617543859649123,0.9716491975092697,0.22844674029212683,0.3212783855330546,0.06245017351889289,-1.3776948560292952,-0.8428610917541435,1,original_25_1.png
0.15220139035180114,0.4696790105278657,0.46044571585186195,0.9526399486943153,0.20949619427328742,0.30410117836232403,0.11136944782388224,-1.4241769644123068,-0.841565397339187,1,original_25_10.png
0.17477584388185655,0.4671463837386417,0.4776185087388407,0.967983478005518,0.28241184617023546,0.15527263539352706,0.2117237789605757,-1.3766643330814667,-0.8577862863792136,1,original_25_11.png
0.11148909850007732,0.49334915586589506,0.46273859798610545,0.972762639882814,0.21601378173919555,0.2204236463697072,0.054778114622512045,-1.3896376589804469,-0.9005164122438334,1,original_25_12.png
0.13432194283258114,0.4685212121212121,0.4515446808510638,0.9680239516160795,0.24054652169729626,0.20453833084136128,0.20549671614067705,-1.4285164370585746,-0.8023011956786803,1,original_25_13.png
0.15001807446680324,0.4365415148967965,0.4351395218178413,0.9637474599992449,0.26449968132568513,0.40271571021003927,0.47812243216096895,-1.1662659523796275,-0.5493705949045387,1,original_25_14.png
0.1364097877957153,0.43587036601019274,0.43308207751714073,0.9673142449607234,0.2324595553248551,0.31244960646839587,0.2598187639771465,-1.3892631166789884,-0.7391615982946971,1,original_25_15.png
0.1358695652173913,0.3974451345755694,0.46009977324263035,0.9624971247297507,0.22232573896840857,0.3490232883975426,0.5082414524798823,-1.2595970907209693,-0.6337467235282834,1,original_25_16.png
0.14615944666909356,0.46218449108525955,0.46126362789621833,0.9640637251699867,0.25384615384615383,0.3736276897772581,0.34449713252206043,-1.235840418344975,-0.5547795930441786,1,original_25_17.png
0.12195548559184922,0.46877161721191835,0.44486456533785323,0.9604212206634426,0.21384756939119767,0.46196920559850085,0.23421473676029222,-1.1687111232412155,-0.8467497223206171,1,original_25_18.png
0.12936616507067944,0.4780664468818899,0.4515267519735062,0.95577962243285,0.20344209394048046,0.3966538704819162,0.10135408454490749,-1.3092769432300586,-0.8271551275754638,1,original_25_19.png
0.15670553935860057,0.40935308231819856,0.43886054421768705,0.9723517100248188,0.26310422190495614,0.34922904210615213,0.42074862906121446,-1.3000616609111644,-0.7650498846904217,1,original_25_2.png
0.1436210847975554,0.46368774177949706,0.48947763946003936,0.9735507367205307,0.23608821913507574,0.29561994538932057,0.31303194677635443,-1.275398540492626,-0.6782627382548752,1,original_25_20.png
0.148274231678487,0.518776460052106,0.488015873015873,0.9512934924156372,0.20537000654878848,0.28733305387012986,0.09850582251386665,-1.3292696161732929,-0.9605263216906206,1,original_25_21.png
0.17079255421224332,0.4886808156471078,0.4863713104733073,0.954437789205364,0.23877660525845107,0.21219211477128044,0.0245810410247865,-1.3795693414461683,-0.9834541840943603,1,original_25_22.png
0.14547520252914445,0.411852211173094,0.49581046713960647,0.9789682427118,0.25797126839523477,0.16885939704674913,0.49380244393935957,-1.3864518340412693,-0.5707399452121429,1,original_25_23.png
0.0950501253132832,0.5401038233355308,0.5814899807197624,0.9506253021160513,0.15234747677629928,0.10374025380427444,0.27860647479563766,-1.2245627178658913,-1.0311966881853811,1,original_25_24.png
0.11278931245745405,0.40930622273111167,0.46616661346951804,0.9678176602813212,0.22788618585059744,0.29394536594440157,0.2769529082059496,-1.2943261516988886,-0.9397675803566097,1,original_25_3.png
0.11610841519706475,0.4846081143976449,0.4464640373672548,0.9693337547300189,0.23944349524041983,0.27858287599111564,0.13932628155785556,-1.3394537283275538,-0.7438275895701612,1,original_25_4.png
0.10837950138504156,0.44730302860452514,0.4465805977492542,0.9801334125303397,0.23152790334511383,0.36241734474670756,0.25837830078216983,-1.3142445856189022,-0.8363850314781018,1,original_25_5.png
0.12130832130832131,0.4640148511282532,0.448929840682418,0.9640200213420136,0.2306566672763856,0.26101489564903174,0.13954599941618342,-1.3702297096378693,-0.8581033662309263,1,original_25_6.png
0.1284660504799147,0.5271323608344565,0.5022412249890346,0.9543614004265581,0.22662067884298817,0.13634696916900826,-0.001716581111182543,-1.4706515446746473,-0.8312487729594347,1,original_25_7.png
0.12317485754985755,0.45879679824385283,0.4710565455505824,0.9718388252405066,0.23847280875635612,0.18648737432695617,0.04542856110254871,-1.3952082294275745,-0.8256783485991583,1,original_25_8.png
0.12693653173413294,0.43938365462937823,0.4570526963115118,0.9487208216988423,0.1981279251170047,0.1821492881624223,0.15089251074940455,-1.4495423713906466,-0.8391248948365035,1,original_25_9.png
0.03483315523934479,0.42626046897476855,0.5100388295926015,0.9764365985673457,0.07366960601314482,-0.06013426757407056,0.21766614029990786,-1.298185179746111,-0.9371442076098226,0,forgeries_26_1.png
0.031481760627072655,0.530316991280978,0.4591628835254923,0.97387602905733,0.0881223628691983,0.17977531019773632,-0.23942885440516973,-1.1734826923034662,-1.0446426786015413,0,forgeries_26_10.png
0.029541137269556553,0.4987815737552641,0.4383807521119749,0.9752291843527986,0.0760954577358869,0.25721989813682655,-0.103707768483401,-1.1990553644010016,-1.0024287065826119,0,forgeries_26_11.png
0.03700493604047184,0.412605032511602,0.46125539932715065,0.9026485656077387,0.0580095590502621,0.19513910557469089,0.16836256018806714,-1.2783029073506418,-1.0358384216537389,0,forgeries_26_12.png
0.054568295645518225,0.4889768264941492,0.4697716788339033,0.98816234059975,0.11195125281627637,0.13760300717277255,0.17849846308232892,-1.322507050167033,-0.7226381306847611,0,forgeries_26_13.png
0.0460239651416122,0.46380493506784043,0.5545388852736876,0.9697329059262184,0.061444830856781534,-0.06699834435382807,-0.0434366915351682,-1.4352001416941929,-0.46207264492201494,0,forgeries_26_14.png
0.05085152116402116,0.5214901177508884,0.4584369185678932,0.9825629507280966,0.08791915611331866,0.25702048438755287,0.10983292928018358,-1.1864829699162465,-0.6762817063920799,0,forgeries_26_15.png
0.04119719558766153,0.5013642010959568,0.4740326047627152,0.9815685995046813,0.08649406741796158,0.2282661117623741,-0.09073336144318193,-1.2064026819639277,-0.9022990495820058,0,forgeries_26_16.png
0.04010457225497831,0.5528064491738539,0.5138548760100236,0.9846990634919802,0.08949974483814463,0.01769407093118733,-0.24447946876022025,-1.2694731841014357,-0.7720528849414232,0,forgeries_26_17.png
0.048835341365461846,0.5320788081314397,0.504348219947459,0.9849698015718428,0.09489409141583055,-0.016023727863868385,-0.017563922770765617,-1.222115719587415,-0.6592079590480369,0,forgeries_26_18.png
0.048794769924098674,0.5142797973948048,0.5138737839198834,0.9766316255367725,0.10217448664421301,-0.07308590191437946,-0.0070057210616221765,-1.0842762598105584,-0.8293388599126574,0,forgeries_26_19.png
0.042960521375527125,0.4559009218578625,0.5198486430145557,0.9734282033982966,0.06513545418047374,-0.052445267887623166,0.08652410361480821,-1.2684938709577656,-0.9383907870452393,0,forgeries_26_2.png
0.04741387146623034,0.4553158476111765,0.48968575099558714,0.9713876925002872,0.09119279688797588,0.049967514160378375,0.12009622849805375,-1.3022397277483964,-0.7876975669351793,0,forgeries_26_20.png
0.040712979602131216,0.46597685419939455,0.48711864102336383,0.9818164942418914,0.09875162499044124,0.02686882505400841,0.10693254055467669,-1.324982729463007,-0.9281786084354842,0,forgeries_26_21.png
0.04280511454112602,0.45238056548586286,0.4856226859427237,0.9800315965385906,0.10629239216607453,0.11008890462185078,0.03725875254915094,-1.273146749285108,-0.9210407343668581,0,forgeries_26_22.png
0.04207217887568581,0.4528587409603272,0.5098549170335285,0.971533017267581,0.09206160422645672,0.0009034867349075306,0.15268544245599008,-1.2883859624979062,-0.8444681485120937,0,forgeries_26_23.png
0.05582365885120267,0.5101287741340693,0.45522719277457974,0.9781386699486522,0.08949359543591179,0.301394398844459,-0.07790464259093804,-1.189008499130919,-0.8594264891985559,0,forgeries_26_24.png
0.04050728953936918,0.4289572239112333,0.495328227571116,0.8694379984310415,0.059156431870430584,0.17309391267514668,0.04236528715195033,-1.1804442574301501,-1.083263634434683,0,forgeries_26_3.png
0.029919920629296295,0.485490702883187,0.48813220288582226,0.9831932899804995,0.06296558666716379,0.03229879192730821,0.041592991113369095,-1.2634508943215437,-1.0420316072053524,0,forgeries_26_4.png
0.035282208286010565,0.5077706486033988,0.46904737197345236,0.9757061423831562,0.09177611508943194,0.11806332650000982,-0.1460700373782084,-1.2649437367390433,-1.1094855486192958,0,forgeries_26_5.png
0.02998234393429892,0.5037321354327563,0.50012511726065,0.986837034113668,0.09460677793702899,0.017594548416338708,-0.1069953115306039,-1.2940109616462137,-1.2619354287719853,0,forgeries_26_6.png
0.030115181570948647,0.5102294368624791,0.46684115667655196,0.9788161302055137,0.07991000838365293,0.1592633304379612,-0.14945655578221811,-1.2538172007531212,-1.1409693946587198,0,forgeries_26_7.png
0.032806634062075,0.5195599050294584,0.46936985117241564,0.9752840986639565,0.09051381746728542,0.11280948972688644,-0.19978986108456767,-1.2939887954874463,-1.0463361760574594,0,forgeries_26_8.png
0.02941816204458945,0.5123298566486262,0.5615590918750228,0.8544393691785772,0.040181852297781186,-0.07862680895744868,-0.1552365052651175,-1.3902701961328077,-1.2398782600836598,0,forgeries_26_9.png
0.026422037483984386,0.5111636157690282,0.43365403874284614,0.97697706167211,0.06666228140240751,0.2457388707223165,-0.19265790112484227,-1.0645058292069733,-1.1136205841480975,1,original_26_1.png
0.02682206669134224,0.5075006834572808,0.41107210978617903,0.9706923742687416,0.03533512123764351,0.2808194117455585,-0.2604458795516569,-1.1655381709733452,-0.9480400272091063,1,original_26_10.png
0.027895992820245585,0.5183631769859602,0.44577259976030303,0.9740967825527763,0.06783325790717554,0.16673662141955836,-0.2462802816025593,-1.1757144710073053,-1.0750396387920595,1,original_26_11.png
0.027567963401790414,0.5057270224222034,0.41813955006715414,0.9678177458824686,0.06198144533959838,0.3945623382354066,-0.2674789003613285,-1.068270773939114,-1.0369268706549557,1,original_26_12.png
0.040945813892673794,0.5056013040667772,0.4438766123733444,0.9639026803384123,0.08286677251330046,0.18608412054728612,-0.07718975507416452,-1.2032808580376635,-0.8807369647225509,1,original_26_13.png
0.02954917816183077,0.4981951285253862,0.3882337854300881,0.9697718012447858,0.04495276381909548,0.17597969112706077,-0.16847127380376886,-1.1361791783938655,-1.1659660001006231,1,original_26_14.png
0.03886938326772352,0.49306855283132656,0.4558447163582397,0.9497106287739148,0.07576124148895724,0.11570326469021505,-0.016542846599184736,-1.1746721693953466,-0.8757367289827891,1,original_26_15.png
0.03776106934001671,0.4705383480825959,0.46596585721309175,0.9756943346701321,0.07407508569711703,0.10331306322241833,0.015241963825315489,-1.2984541252959945,-0.9672921076727117,1,original_26_16.png
0.0325920245398773,0.5252757352941176,0.4397900878142668,0.9631777989141349,0.07048417561155387,0.2520018169982146,-0.2824902157051949,-1.2158105871784552,-1.007904627452218,1,original_26_17.png
0.033181112965077135,0.4955058121230095,0.49449042213897737,0.9655452241186031,0.06077639363014066,0.10541525373019056,-0.0507799235384107,-1.2213362651319806,-0.9114458538867454,1,original_26_18.png
0.0339755674132771,0.46909020661556156,0.46190864989212965,0.9705459954830545,0.07407407407407407,0.19498524078446425,-0.19922773190632762,-1.2307529592661224,-0.9958373551605342,1,original_26_19.png
0.02413341044919992,0.5411646350134927,0.4219610778023506,0.9802380666026135,0.0486328565101516,0.2927768721941039,-0.32123693791598423,-1.0196376524454462,-1.1213340822886395,1,original_26_2.png
0.0380109410535374,0.46335319785714574,0.43082781624939753,0.9615917177554822,0.052542142468733004,0.26161199199980595,0.048293125589116845,-1.0657214881786288,-0.8578612746457033,1,original_26_20.png
0.03678363482437499,0.49408033998723516,0.46403520333351317,0.9691110204939068,0.07239608718814822,0.172881342815769,-0.1119053910810023,-1.2878236251706567,-0.9450041593622451,1,original_26_21.png
0.029837367140478934,0.4210660772101929,0.43452110567606633,0.9597694339295302,0.0387636510558401,0.2712894681846123,-0.17657166064880286,-1.2079015151447534,-0.9571629608673513,1,original_26_22.png
0.028828937574184723,0.3248166794049558,0.4338428248854407,0.9683659096345404,0.042538033395176256,0.22878524579945914,-0.01954018391057046,-1.1102550499566606,-0.7722178081137407,1,original_26_23.png
0.040760719225449514,0.4888259246691551,0.43751364000523774,0.9641245022498252,0.07406569654929754,0.20763678521925905,-0.05511939633780797,-1.1762594223345046,-0.9538455289935062,1,original_26_24.png
0.024911569638909357,0.5303626356546394,0.4227123592470885,0.9736722763545177,0.06197350932673358,0.2703740765913116,-0.3061530794933919,-1.0884648201224607,-1.1052779125073389,1,original_26_3.png
0.024874594497176498,0.5252726089785296,0.41523397541253043,0.9727790914978484,0.06520605112154408,0.3230397688672177,-0.25788741879431765,-0.990885766804507,-0.988532279946257,1,original_26_4.png
0.023879232430810245,0.5395291590477068,0.4336113527222721,0.9743501865762555,0.038907209460996135,0.2835722598499701,-0.31576137384647945,-1.0421109001072126,-1.1000270485077495,1,original_26_5.png
0.02859903381642512,0.5409473196942047,0.4381480167616345,0.9657057492018857,0.057502272527343634,0.23106205947603758,-0.28857713099239735,-1.154097001495518,-1.0847104199910516,1,original_26_6.png
0.02755536082662431,0.5198337016346308,0.4093392780454708,0.9638440901911148,0.05000795144318694,0.3291683261574685,-0.30456532004508524,-1.0673455651866937,-0.995191888931295,1,original_26_7.png
0.022608403361344537,0.5401254831995241,0.42346144523822016,0.985615449885146,0.06400898371701291,0.359766029119802,-0.29026060208928756,-1.0943079076843858,-1.0805542678403195,1,original_26_8.png
0.02982388848991317,0.5202699824718556,0.4249870165284209,0.969360533001975,0.06364230049196744,0.3057014951927306,-0.2366471462943727,-1.1732506388949464,-1.0861557789664775,1,original_26_9.png
0.10979779958370503,0.46185465269729065,0.4151259665752058,0.6345364398015076,0.1777205563844636,0.377717100117008,-0.042303966788937365,1.1452050868439319,-1.0228746512404487,0,forgeries_27_1.png
0.1275031011873117,0.5121945655302153,0.5214299647659802,0.6047727671017213,0.19593559587432344,-0.4735594363695546,-0.19405603475196262,0.21662842693643913,-1.022970179008874,0,forgeries_27_10.png
0.1099745247893396,0.5116629331704171,0.49482370229578587,0.7201006970048104,0.1773984510826616,-0.16581063472233515,-0.17259325004627352,0.7166849528049677,-1.0731742169428569,0,forgeries_27_11.png
0.10647329798060956,0.5175830901278202,0.37514213332169744,0.6640929370075005,0.1743678589442751,0.47552621217756486,-0.26257146702880546,1.2217763156103478,-1.0742073681678614,0,forgeries_27_12.png
0.07216052363324213,0.4896143021172863,0.5301330863004564,0.7155453286765223,0.11503873316878864,-0.07091888904308574,-0.19028238744216566,-0.11784521250528579,-1.017465084080046,0,forgeries_27_13.png
0.07575085849971071,0.4475850427402066,0.4904120128287134,0.6990898808619034,0.11011950276363795,0.05012754776097573,-0.12453679770948624,-0.7539012427720495,-0.8719390085893677,0,forgeries_27_14.png
0.0802015877746769,0.5254761591681503,0.5385626222942399,0.8251538279066112,0.13098069583494662,-0.08236319031140622,-0.4160243360131876,-0.4701206336858297,-0.5184206774192437,0,forgeries_27_15.png
0.08072874926537373,0.49086234702703935,0.4549664118901477,0.7748265247338394,0.11890771732857668,0.2577540152554317,-0.12845663043550135,-0.454761266191805,-0.9785210155691808,0,forgeries_27_16.png
0.06623616749151977,0.4722903810338897,0.5168133367314813,0.7815990202757187,0.11563899372595658,-0.09377655506937844,-0.21733875519142393,-0.6338420710380333,-0.8296706143216199,0,forgeries_27_17.png
0.06943136590204277,0.47571172945286533,0.5226167709593628,0.7752262537035054,0.11592805333109722,-0.057319418299439664,-0.06489878026623375,0.13450344117794621,-0.9499923052820494,0,forgeries_27_18.png
0.08411107836395193,0.48774790888798125,0.5004830604402338,0.6781828822053875,0.11797939896420656,-0.10506903947765232,-0.16642134266936914,-0.6291316919202874,-0.7576803026319214,0,forgeries_27_19.png
0.10206230484351173,0.4841356945401088,0.4791727121105975,0.7281823469703269,0.16428988895382818,-0.04539914907307188,-0.20590238879914405,0.4880758845397395,-1.2615263421068466,0,forgeries_27_2.png
0.08836917281431486,0.4032881744867226,0.5468315597298419,0.6230554326729376,0.13604667219000277,-0.14209356337200807,0.03335902715502852,-0.32859214687375493,-0.771984123566845,0,forgeries_27_20.png
0.11226359338061466,0.46446935962680236,0.5140652915380868,0.7475932218201091,0.20471507476761416,-0.2778846921453164,-0.3224601080383125,0.31229491145551336,-0.8509142872383904,0,forgeries_27_21.png
0.11382534012312838,0.46591472910328846,0.511155666704994,0.7532536521859363,0.1994353592926011,-0.060016852389408515,-0.307631011833276,0.2479914635913092,-0.7825819991304477,0,forgeries_27_22.png
0.07776035699210035,0.45863465305410517,0.5582279070402205,0.5609454975911844,0.13166224218909536,-0.1835308305406621,-0.08404890779499027,0.365174772329631,-0.5913131667717986,0,forgeries_27_23.png
0.07055814451764958,0.45715045839934,0.4966938797672117,0.7658756962878148,0.10973311257588537,0.14106161660950214,-0.11063565609404984,-0.3761175254938536,-0.8880055999264549,0,forgeries_27_24.png
0.09118667748332432,0.5081489697767331,0.42379503964091847,0.6315773308188662,0.16546380159882235,0.3495805055786351,-0.2817562083504303,1.5354121869256883,-1.0123633643206336,0,forgeries_27_3.png
0.13385212490004486,0.5230426891022355,0.5757413370550096,0.814531696862582,0.18513123465781878,-0.6492436223760076,-0.22333646405428018,-0.044067171342800915,-1.1251766240738137,0,forgeries_27_4.png
0.10961793624332324,0.5159494406407079,0.5244760989913799,0.8338152877941828,0.1785585635512206,-0.4844834673511479,-0.22348964269543953,0.051836388449030935,-1.0202630893627007,0,forgeries_27_5.png
0.11041980894922071,0.5181432881917707,0.5596776508131089,0.8261488790801521,0.1702890649608684,-0.7390979301610361,-0.20480658413241656,0.3944230648420084,-0.990016294732647,0,forgeries_27_6.png
0.1058787483181691,0.528031482615339,0.4828901698679795,0.7774242895914777,0.1548804489740242,-0.3382819796181488,-0.2594416828650831,-0.16035604030058215,-1.090076621194149,0,forgeries_27_7.png
0.1014618223105308,0.5187675522127894,0.4715448035722489,0.7535605502929776,0.14798178430966674,-0.21144696332452312,-0.2756975045272071,-0.13192165890336938,-1.0979979145644874,0,forgeries_27_8.png
0.10710449593371182,0.5003479328694228,0.4689230238921085,0.7446045124530127,0.156484699024773,-0.10061974348420678,-0.2562883199914533,0.4055737135646429,-1.1558759967864756,0,forgeries_27_9.png
0.1339159604519774,0.47902025630425793,0.47311373873873874,0.8002244859927315,0.1934517167724041,-0.18507090109333243,-0.21003045746360485,-0.09888651383801728,-1.0287404223835375,1,original_27_1.png
0.11781801922646994,0.5144279037779986,0.400352038437668,0.8252260774006691,0.17745103541163926,0.3762127759338603,-0.19431553449151925,0.5171132472170541,-1.1396057607656018,1,original_27_10.png
0.12780088270242743,0.4832188290385639,0.5367061921548792,0.8504247129124125,0.19277918253688825,-0.3108974951329414,-0.26549743178952745,-0.9105553440445036,-0.8262794961258613,1,original_27_11.png
0.12035573122529644,0.4442585849932177,0.4389274518584863,0.7370858175632983,0.18546717017907174,-0.13107519690941818,-0.18205415048046006,0.04241414711046021,-1.0558330757572618,1,original_27_12.png
0.12409462089444433,0.5256488827681404,0.5041951011330015,0.8347298062175915,0.15807094663667962,-0.26792075119206216,-0.1832415592378415,-0.3443972612099202,-1.0352769989020245,1,original_27_13.png
0.0930658946787979,0.529656830343467,0.38639232934152207,0.8119842327607075,0.14997556315812857,0.5689676240784537,-0.22069369164429847,0.9655714970441363,-1.0355006352833946,1,original_27_14.png
0.13015921086787227,0.5515776167001893,0.4035945772691659,0.8346681307229303,0.1689836268149521,0.11348261798032466,-0.21503825217049075,-0.4638593928087653,-1.1536070379362964,1,original_27_15.png
0.1159636534334764,0.49021432702038453,0.4441591625037771,0.7679714991040877,0.1651268829525651,0.2287965613569006,-0.18512283885986422,-0.0524317486655721,-1.066350216779938,1,original_27_16.png
0.11451786961213738,0.5343571713296296,0.4634686572212409,0.7925148211183577,0.1555809490955348,0.05607572863766148,-0.23809362422453859,-0.0861501342513602,-1.0640365483542638,1,original_27_17.png
0.11649282920469362,0.47102567507326926,0.4583799664241746,0.843466174128864,0.1675613586816381,-0.24213375370474224,-0.1543062619608258,-0.5149112568851288,-1.0717888662261568,1,original_27_18.png
0.10799598527935765,0.5128557498933513,0.5159067344409883,0.9025645653366213,0.1476771050163552,-0.10252963748709966,-0.18817299114016986,-0.26998726194094,-1.0476517698103303,1,original_27_19.png
0.11309514173317577,0.5203674485421836,0.4018589008858356,0.58686436862051,0.1617991060055122,0.12232807023127536,-0.3380817496528917,0.2940314473130363,-1.214273650521696,1,original_27_2.png
0.08771608778928619,0.49495634997938687,0.4512952342256463,0.7738696367832717,0.12471596329638689,-0.0801414486166448,-0.14307664008830298,-0.20238586083777488,-1.0734055862397551,1,original_27_20.png
0.08599214333620772,0.49324275671271295,0.4119321079681431,0.7694559231459236,0.1273975762522401,0.43108442974263306,-0.31229761282363083,1.027077873820728,-1.1452892257952292,1,original_27_21.png
0.10740740740740741,0.4895531315974666,0.44776090129538404,0.7107587379588334,0.15147840686503125,0.09300111116480654,-0.1357705931905975,-0.11996738769255266,-1.1415248492162127,1,original_27_22.png
0.0989353153877059,0.5073017932794277,0.49750732082657523,0.7304336170706658,0.1524531806221947,-0.09479592544309204,-0.33170618914865235,0.42526012129864643,-1.1036714086532486,1,original_27_23.png
0.12252217425853146,0.4857100619832529,0.5124588150932431,0.8617034100170152,0.17619444701812903,-0.5047064736612172,-0.15438852350084553,-0.4169916977284407,-1.1451880277689586,1,original_27_24.png
0.13087896916705016,0.47927530318711353,0.45806661864086995,0.7546949100321524,0.181684607276328,0.049624347946131304,-0.2679058674861017,-0.07547605750737585,-1.259589990690108,1,original_27_3.png
0.10073336679493615,0.5208249732394015,0.5338086424720366,0.7758756821956719,0.14962929213436607,-0.2899438708577195,-0.30930536052594676,-0.16233451807119836,-1.0909770571456678,1,original_27_4.png
0.10834299807683838,0.5044704983729373,0.4208450544581491,0.7206597912231598,0.1395111438779561,0.22463862689075276,-0.1670888293183166,0.049125798614253924,-1.3403288243648286,1,original_27_5.png
0.14161139769098502,0.48892902817998735,0.4803334576327524,0.7958729856289994,0.1853250823756329,-0.2402759550167324,-0.13314695511243155,-0.2758926967056947,-1.2575355347423496,1,original_27_6.png
0.12691537346729415,0.5045060484145184,0.45862763392376743,0.8363582931627992,0.16755885198323123,-0.20577065030070094,-0.17520587207955687,-0.09353295797291228,-1.1522035206636132,1,original_27_7.png
0.12844765476344425,0.5155603508832332,0.47408746491308357,0.8457658127917366,0.18217308145780386,-0.19538582857603545,-0.1440220345326223,-0.08379820982749031,-1.187320409936997,1,original_27_8.png
0.11393732791398978,0.5032725372524188,0.5439167056053007,0.8003965387336729,0.14677991458147335,-0.3734245176674653,-0.2357445146620512,-0.8290022478046444,-1.1969932239691086,1,original_27_9.png
0.07500994826900119,0.5787355677397901,0.468524415743703,0.8931866148294086,0.12088868529546495,0.09098632322163851,-0.2558471094137154,-0.6444809107328009,-0.504338737226337,0,forgeries_28_1.png
0.05622086247086247,0.5745506372352706,0.4380137009056418,0.8045970462267484,0.10649336313712504,0.24503126991659538,-0.36211587500160713,-0.2909150291362286,-0.19992269394148598,0,forgeries_28_10.png
0.06638525024608162,0.6094604104860188,0.47112282806019884,0.79919549599296,0.1112909367859863,0.2355786966663473,-0.8412551670651476,-0.3959086008818118,0.6730782649364548,0,forgeries_28_11.png
0.07132213214485898,0.5378202587992027,0.4859261102454276,0.9148807555369141,0.11981535069587984,0.22517255190747604,-0.12471907633502576,-0.7422058018585078,-0.6799922928063511,0,forgeries_28_12.png
0.07028852056476366,0.5043419766034234,0.4026079992747163,0.8759730792271027,0.1185336296927808,0.7397946949163107,-0.06974459702691939,0.18917017565994465,-0.18291146795743174,0,forgeries_28_13.png
0.07099245547172746,0.5022835413043893,0.39233673094556953,0.8799724945034386,0.11815533980582524,0.6534682261919844,0.011531758140487207,0.026586659363939447,-0.18688964214577286,0,forgeries_28_14.png
0.07597965297464664,0.49665038579243304,0.4238227929398182,0.8641149625945596,0.12022396844081061,0.597748192121798,-0.003143661914778746,-0.04109541447279641,-0.14012507366757543,0,forgeries_28_15.png
0.07475283337352302,0.5309881349647757,0.40958248740506803,0.8535129186715946,0.11494608040045731,0.5779126574318577,-0.07870750311392441,-0.2460298609812619,-0.20707136894875555,0,forgeries_28_16.png
0.0689390359168242,0.5488167976851335,0.39294880551726424,0.82842933847685,0.11310696862985817,0.8234074598581872,-0.20599732682747646,0.16654712809101424,-0.030031758228303396,0,forgeries_28_17.png
0.07237477310470011,0.46663476252590447,0.3969893432214943,0.7927997390379945,0.11678923096098716,0.7321722733889056,0.2578820915877706,0.259864600441416,-0.505169300641009,0,forgeries_28_18.png
0.07851377018043684,0.5388439038776706,0.40189923472354677,0.8549488859792744,0.12253140168216681,0.6092737063314333,-0.006799865446196527,-0.03734212007564075,-0.6367134937661323,0,forgeries_28_19.png
0.076801124721437,0.46202202371712553,0.46536698008265986,0.9022881242366313,0.1276220300228651,-0.03775845204092293,0.5352430241907776,-0.8562958553466045,-0.35754134250768477,0,forgeries_28_2.png
0.07422695136756409,0.6224726631945371,0.48337933193375054,0.8373110845875297,0.1300257699717281,-0.012736318528316012,-0.5461979201123331,-0.6670977563670992,-0.33764511502908867,0,forgeries_28_20.png
0.0623157429245283,0.5425177820487549,0.4955043162283491,0.9278556149829434,0.10203958484190201,0.22833439086333548,-0.27667499329332423,-0.7787874093534968,-0.8545849814661479,0,forgeries_28_21.png
0.0545269237302531,0.5915648889268889,0.4671335179253783,0.8972648172766833,0.10608063450099141,0.17215283442647777,-0.35399449764791724,-0.5954482687679321,-0.5790781231232938,0,forgeries_28_22.png
0.07257676524692232,0.6347889375576106,0.4308020635179925,0.8879705900955901,0.11925688244047619,0.26564978556669,-0.5751125683258034,-0.5052603693480693,-0.19589331773303487,0,forgeries_28_23.png
0.07054643000226446,0.5066059285667128,0.3844500743957856,0.8779739409928129,0.10774428689244193,0.7803616337172108,0.03702025693877119,-0.15896581278074695,-0.2658833188802254,0,forgeries_28_24.png
0.0835362047440699,0.5044772401768479,0.4466942825298006,0.927955108989357,0.1285079822350258,0.34139991201010195,0.1383343242774272,-0.5458910335781306,-0.6891379520092911,0,forgeries_28_3.png
0.03906335485282854,0.5011461040872806,0.5420659491866922,0.8571603058104509,0.06417016177351707,-0.27021710100891244,-0.43008068381152575,-0.5851377508011613,0.48607276237345687,0,forgeries_28_4.png
0.0767405570637652,0.5410923321427961,0.49152795706230046,0.8763907419347866,0.12005885893920139,0.03731643006340587,-0.12986771078777215,-0.9947331996783939,-0.5824961169031191,0,forgeries_28_5.png
0.06678058783321941,0.608103485428002,0.45464431934493343,0.8100768969409363,0.11957286662791053,0.3106383434844653,-0.8948314157525938,-0.8012578869604798,0.37307204859227205,0,forgeries_28_6.png
0.05297322540473225,0.5797772019341223,0.49302388303632166,0.5607974060892429,0.10657354921549592,0.1994117566827319,-0.6232205426308053,-0.26605079482535965,-0.10943272407578242,0,forgeries_28_7.png
0.07132587039129096,0.6346041767208074,0.4848815833051113,0.8581725386747999,0.11626674107142858,0.2361265556747234,-0.6749743793293007,-0.6440689601414777,0.17847330774764192,0,forgeries_28_8.png
0.07768084980119874,0.5514973076158134,0.3856243655382823,0.938178025758768,0.12162413280475719,0.7928271753892343,-0.20587388294562453,-0.24425360622130476,-0.6668486716492943,0,forgeries_28_9.png
0.06322820037105752,0.49847585513078474,0.45421296719712206,0.8958172181589857,0.11620294599018004,0.1933134794584977,0.14205122090444225,-0.24251624825024587,-0.2485932305647247,1,original_28_1.png
0.07734274711168164,0.5490379215674039,0.45637680231489414,0.8649065142307377,0.12859211830169984,0.23595356534163112,-0.111317894963626,-0.28854364924017206,-0.42209987907674407,1,original_28_10.png
0.09156468531468531,0.5596742159987983,0.45282783599343673,0.8628019812242524,0.14105369466419795,0.24983111907121883,-0.16638461873843127,-0.3217108741679011,-0.2713076929035645,1,original_28_11.png
0.08914728682170543,0.5954192546583851,0.41631157012855696,0.8029444741336624,0.14790996784565916,0.4945396011622033,-0.6171549578651544,0.2836062660856036,0.05949136475028238,1,original_28_12.png
0.0777553780590502,0.5272079699913877,0.41415916172611345,0.8264030714000056,0.13988614452300063,0.63101737895015,0.019484282470096315,0.11412166664622081,-0.3669218515071959,1,original_28_13.png
0.07851663544732852,0.5774350038763557,0.4232399099040832,0.8592429252678204,0.1279386650194397,0.34743724712137247,-0.3100640645675467,-0.1719659497688566,-0.30418502137156356,1,original_28_14.png
0.07545492142266336,0.5853535566470617,0.4186467348544453,0.8538580789012634,0.12351069591118331,0.4966373610398479,-0.3575407930051147,0.11747871139601473,-0.14338554095812084,1,original_28_15.png
0.08594075928243639,0.6044852676777291,0.4003831087852984,0.8629747421039865,0.1467875381022129,0.5332079443480738,-0.5386110186401443,0.06281729026860416,0.11416827123378193,1,original_28_16.png
0.07861136999068033,0.5550112946378507,0.3746918627230546,0.8870733389108287,0.13778739739453588,0.880160786618069,-0.16390014949354775,0.3252280103490133,-0.1057755259319455,1,original_28_17.png
0.07485186476124085,0.5953403387582974,0.4395305511304454,0.8554412201800988,0.1269817805536051,0.4792198590575326,-0.39670611300428527,0.0963356749805282,-0.3103165326985269,1,original_28_18.png
0.08310210876803552,0.549477069625847,0.4236582984218981,0.917728998198784,0.13952296655175628,0.3969030608829445,0.03055202861823764,-0.3144281500208024,-0.3813914097866604,1,original_28_19.png
0.08073356365431072,0.5427223365179569,0.423575710942259,0.893425136979115,0.1422490731841274,0.42007473962522207,-0.08053899414690925,-0.11408562980890213,-0.2530127853760211,1,original_28_2.png
0.08994946659180236,0.5522840974329534,0.42870930567559784,0.8849030421581012,0.1457158450063671,0.5790318115348808,-0.41352661334258417,-0.3748712690463707,0.10883801185875619,1,original_28_20.png
0.08819449896626626,0.5703453500852327,0.4340633109595191,0.8820312135994082,0.14843199436222693,0.5317147396631506,-0.2912450612769649,-0.2887599992800487,-0.33490694673318533,1,original_28_21.png
0.07328997739956644,0.5456154038466512,0.41899909521054896,0.913136495982506,0.1213254943880278,0.4282298716175222,-0.05720632738945602,-0.2830011255959204,-0.35715735465007103,1,original_28_22.png
0.08008775325848497,0.5521466680989723,0.4331864970507354,0.891591438979578,0.13569773035378493,0.36834428382210904,-0.162891264192788,-0.23195747365343733,-0.09787613172353637,1,original_28_23.png
0.07263703064307293,0.4659197012138188,0.414711357398402,0.9456358693565353,0.12832634388105224,0.6698040334608594,0.40567198473825394,-0.35466948433859447,-0.7125186830730788,1,original_28_24.png
0.09081319524357499,0.5936743357545892,0.44795987625442396,0.8494341064949296,0.1476918278228322,0.35343454311252515,-0.49449769692476697,-0.1764267425229762,0.17949874716540615,1,original_28_3.png
0.07773715109692038,0.5157909679797373,0.4568837998611534,0.9181385666719131,0.12396829959347924,0.24555490050201761,0.14564303367788964,-0.6077299491235117,-0.3339799405507069,1,original_28_4.png
0.07836952269170579,0.4723478939157566,0.4471600272461603,0.9082163726047063,0.140084793915818,0.24298767158168172,0.4180275218287961,-0.5585223197818419,-0.08375258466220226,1,original_28_5.png
0.10229168794905846,0.5196376341516155,0.4398955443207198,0.9141501210283905,0.15126642831965356,0.4163081753971233,0.004450540620000397,-0.5404705845120104,-0.5282341717291983,1,original_28_6.png
0.07357955170365808,0.5424222322463095,0.46009635421007883,0.8325172737438813,0.13393393393393394,0.1572616666310561,-0.08701403580205042,-0.21635377777947307,-0.15956919916597911,1,original_28_7.png
0.07698244260081034,0.5352796604186523,0.4366974800013733,0.8954584185530031,0.12302474369845062,0.38137689434229827,0.05586605602913407,-0.24535919556999986,-0.569331666478476,1,original_28_8.png
0.084610967556704,0.5917303893329966,0.42088753157636766,0.8927504975960432,0.14211313111829096,0.365146181493226,-0.4075137153976509,-0.27631715622290853,-0.02227883759612137,1,original_28_9.png
0.03360159783821888,0.4589246428326888,0.5080747853320255,0.987381126429665,0.05944229547947578,-0.08613855835575501,1.3799932841707891,-1.4960376074594397,3.3772741710766967,0,forgeries_29_1.png
0.037694395704923445,0.4537214522748705,0.5741900547081602,0.9866020538131726,0.04944719861504564,-0.31514552501783427,0.1330276585220927,-1.3860361985505876,1.1646005968807192,0,forgeries_29_10.png
0.059189222593004576,0.35642702699061696,0.47455495472142817,0.9902830520717038,0.08903803963856766,0.06062210224188849,1.7159512002797508,-1.358514231228548,3.6075633542615275,0,forgeries_29_11.png
0.04392532451747776,0.5292583384497912,0.4469147308061844,0.9913647425697653,0.06543150271575136,0.16594378885981798,1.1166824433753053,-1.4926565791212283,2.5853715194126394,0,forgeries_29_12.png
0.07730844275694775,0.3780269440654843,0.44485472679294547,0.9863299391286852,0.13392102678877293,0.13295873551189985,1.1806578279064155,-1.3619786555001974,2.1530511542424247,0,forgeries_29_13.png
0.06739725614125065,0.3825467533592696,0.4465779201655123,0.990092961414774,0.12025623082306078,0.12230101675292561,1.085713839758247,-1.4006962371111042,1.4532355737918854,0,forgeries_29_14.png
0.07635154951608172,0.3527775750646655,0.4469414372860205,0.982726835022207,0.13043478260869565,0.12626438825917305,1.3121172248895177,-1.3711318071936451,2.0799469645514623,0,forgeries_29_15.png
0.06975555555555556,0.3003477752999894,0.44194552405224596,0.9914719007784192,0.10796216680997421,0.2279556311783027,1.3327698880939407,-1.3346870444859003,2.340126160914367,0,forgeries_29_16.png
0.07966403162055335,0.36861672580975696,0.44124579959856564,0.9885119427398176,0.13698537032946495,0.17197003158436247,1.6252022102857204,-1.4524815640152873,3.6234647453243376,0,forgeries_29_17.png
0.06301520424986261,0.3652362604212374,0.44772945360126437,0.9874261952239181,0.12364760432766615,0.12632637412613074,0.9865828956980432,-1.3808872030527395,0.906883652259256,0,forgeries_29_18.png
0.07756598240469208,0.3961788251131351,0.46243842781741434,0.9898584374956819,0.14487197042311378,0.11606494337507636,0.6506520087488452,-1.3699649523341062,1.1003682871598368,0,forgeries_29_19.png
0.04213231095521658,0.4709597903336245,0.4651626751967675,0.9895793145323392,0.057446335224113,0.15920026571472756,0.9874810919433614,-1.438735041554944,2.3392359267869605,0,forgeries_29_2.png
0.059085574050362785,0.422915384089199,0.5324498060598353,0.9807229013383245,0.07521286258796764,-0.06662522255983355,0.9870325899829454,-1.4924008868537968,2.087304532473458,0,forgeries_29_20.png
0.06549330204361005,0.3662443657666112,0.4352103634478526,0.9838837273530769,0.11944077891508256,0.22301464721999453,1.16017919335757,-1.3450347837656964,1.5441527850094632,0,forgeries_29_21.png
0.08193525931082492,0.38161327402668804,0.4612150370597531,0.9899549402739443,0.1407922805478578,0.10400208352093895,0.9360209027175723,-1.3769042981055344,1.328748940152427,0,forgeries_29_22.png
0.07858337872539102,0.33718548668911075,0.464079625668356,0.9878878444378042,0.13495139144088464,0.061457101550429064,1.4567980943854737,-1.3801638922835329,2.969692491575862,0,forgeries_29_23.png
0.06713507490404853,0.4096806328834469,0.45859337224077634,0.9868208216519189,0.11247277629895945,0.09977364088820895,1.1905705428850415,-1.4148349224681591,2.1375388983640633,0,forgeries_29_24.png
0.028245542297064545,0.4051946288495657,0.6465047818702452,0.9583346080859868,0.03692365008787488,-0.46549706196156493,1.0169175595401891,-1.3278966214005186,1.2914675128392679,0,forgeries_29_3.png
0.03510076597010486,0.4139937330864549,0.5679091045447727,0.9882310955052925,0.0469558296856347,-0.21888212875272253,0.6405768553821304,-1.3958484890578973,3.777307135212544,0,forgeries_29_4.png
0.046896646477599294,0.34638437967814373,0.45662185931524857,0.9864397310229039,0.07567807257408912,0.13692762032622743,1.6620715798070242,-1.444216909025225,2.870316671275843,0,forgeries_29_5.png
0.055781330582774624,0.4230346576500423,0.5152351510264243,0.9885731880230177,0.08219594491898957,-0.14036935450106464,1.0940001203289114,-1.3506094043189674,1.9840536771334563,0,forgeries_29_6.png
0.04018177469504903,0.5331788172496137,0.486969826969827,0.9884051350484485,0.0677037156443943,0.033626818868793075,0.09517464461725389,-1.3610546326360966,2.5478468442316577,0,forgeries_29_7.png
0.03811747400109469,0.48284593560138417,0.48661009211477574,0.9895614092394807,0.04977107761027359,0.07907183417444377,0.736814892984876,-1.4939503954652393,1.694751201567894,0,forgeries_29_8.png
0.04711547115471155,0.4826578972571005,0.571036734722648,0.9779171181570107,0.059266387410845695,-0.20966015623345083,0.4985140293336051,-1.5514260773769135,1.2861118820382433,0,forgeries_29_9.png
0.06725000654947473,0.3958322959717174,0.4354725414636861,0.9928676947460995,0.09594289024686513,0.1337468046448225,0.7354281697235108,-1.396905277422593,2.044575841451767,1,original_29_1.png
0.053893459652621954,0.37683229614127844,0.44015455185210606,0.9915157803213928,0.08642777416829094,0.11139322860939416,1.114018158781176,-1.4656182791932892,2.316123197531021,1,original_29_10.png
0.03615085900787235,0.6225002623737753,0.45162326040502865,0.9923738825003507,0.06275245239469128,0.0459977711947934,0.8076822828859445,-1.495506511650023,2.504267294289619,1,original_29_11.png
0.0528870057718498,0.363945315989725,0.44161887497131763,0.9887488091898984,0.0805803497908501,0.11040148583146141,1.329187421842356,-1.4451250024342723,2.8147945994850243,1,original_29_12.png
0.06311797372341867,0.3553912421471668,0.41386827644298263,0.9912141096597409,0.0953706356677991,0.22396858120477442,1.2284976811256936,-1.41087790146935,2.6283724447208368,1,original_29_13.png
0.06859913348462966,0.39447528308229685,0.41690298553886096,0.9908927387001436,0.10154886561954625,0.23238097290611845,0.9865177786152156,-1.4245075906507358,2.0043899769580893,1,original_29_14.png
0.06670144991212654,0.4098941179497736,0.46721223702175163,0.9938424245262449,0.09713280281521174,-0.02041609654887936,0.5880290108186572,-1.4760173986136418,1.8107513992251407,1,original_29_15.png
0.06913268304148548,0.3972350318107719,0.4410335607751538,0.9912427955739106,0.10197846013825385,0.10267544142426516,0.8354004858580871,-1.3933694305121382,1.881436247765719,1,original_29_16.png
0.0732174688057041,0.40024560885790345,0.42483580569578205,0.990336112017815,0.10430642260078299,0.144293573139341,0.8662479919949119,-1.4081376334904525,1.8665518068627804,1,original_29_17.png
0.07175417175417176,0.4324138848623628,0.43481113957574535,0.99157405906053,0.10122875516766192,0.1121669421496725,0.27106111528574606,-1.4229030586104725,1.3857193248195383,1,original_29_18.png
0.06423317140874393,0.3684509160965118,0.44432937848668186,0.9927382302167541,0.09840318088069572,0.10866379728531024,1.1048498984562574,-1.4194383270140145,2.1942664462844466,1,original_29_19.png
0.05868753762793498,0.3539296225138388,0.42909463945984255,0.9895141722948162,0.09067906976744186,0.11083488533373406,1.2863674685826414,-1.4249048168695264,2.5538292892387817,1,original_29_2.png
0.07041872902087956,0.4119818667384816,0.4384842423492159,0.9930836276587114,0.10193954867402405,0.08292702481113648,0.655392430532253,-1.472706179644349,1.7265988302502997,1,original_29_20.png
0.06350512770265856,0.40300502106714825,0.441090535584124,0.9920025067122863,0.09829733883361644,0.10933831268493328,0.8037133633446595,-1.3731146367235607,2.0781508075423005,1,original_29_21.png
0.04406226462465478,0.26284854601181135,0.45656862177073076,0.9936327721481372,0.057777777777777775,0.0239285759036241,1.0740272131900885,-1.4456705890459471,3.724563044400675,1,original_29_22.png
0.0531960677720395,0.5664403902108821,0.4258751733118877,0.993900043322295,0.08053978977691661,0.20126116147068082,0.19384953702480706,-1.4708745082915997,1.247664193344245,1,original_29_23.png
0.060026476706801994,0.3564275833097944,0.4522193768918471,0.9923621477049203,0.08901727619474983,0.08358256203587883,0.8152916507696516,-1.4521484304445582,2.5942199990192476,1,original_29_24.png
0.06297841420177648,0.3990844000221931,0.44855496708199294,0.9913807732470614,0.09422680412371134,0.07076119834898172,0.9019067728799541,-1.3978618243674343,2.146445339988664,1,original_29_3.png
0.06032258064516129,0.370023106885852,0.44530199031569473,0.9900550252989939,0.08827849075077805,0.1080947747985752,1.007576129395309,-1.4586047963507218,2.0568694101933716,1,original_29_4.png
0.06715328467153285,0.3731182020137907,0.4389148401006108,0.991158521132028,0.09746513598890516,0.08477432060093215,0.8853516394834153,-1.4282774736741037,2.101607053617645,1,original_29_5.png
0.06301534036433365,0.39390535610804633,0.44004068630114657,0.9906027745004652,0.0919439732806407,0.11186066023462675,0.8621792900632246,-1.419772264875782,1.9574341783700184,1,original_29_6.png
0.04236874852857095,0.5688179370719707,0.4341561842583287,0.9901091221636802,0.06864374455100261,0.11334629480143864,0.7743123617870368,-1.434456915484294,2.2750669872999127,1,original_29_7.png
0.06235850480454797,0.3740122061286026,0.43665743292608966,0.9923539202648672,0.0907061836809367,0.13533825536973945,1.0223348471073002,-1.3783180161528898,2.9295336927277216,1,original_29_8.png
0.05356172360248447,0.3044581170186786,0.4462431729350555,0.9906686855289187,0.07344174162985043,0.10130552859993688,0.8020208537601601,-1.4207209498575484,2.073915271279879,1,original_29_9.png
0.07695935301967631,0.46381435031885354,0.41914400682843556,0.950596928492282,0.13190933168231692,-0.003303511214536209,0.315346379550874,-1.2035600174815082,0.09313334555250119,0,forgeries_3_1.png
0.08578865750996899,0.4597274614834331,0.44985104086189925,0.9731918242624382,0.12299507702080356,0.17836815888557242,0.15929848405921793,-1.014407433955386,-0.0037500417824198884,0,forgeries_3_10.png
0.0727891156462585,0.37865385139369495,0.4375428825735902,0.9771950954142143,0.10649490985611101,0.24757726216601586,0.5397854021436811,-1.1265052498695924,0.5296207463724598,0,forgeries_3_11.png
0.05787836607035452,0.4188987055629853,0.4715444044513744,0.968758349844426,0.10291511336551977,-0.11457802968259827,0.48338346468670396,-1.2128496234459754,-0.15179324976879505,0,forgeries_3_12.png
0.056860212727112905,0.4076272388794686,0.4412837217400504,0.9667233411511105,0.08879807387695622,0.0469537048587332,0.4465564861811635,-1.1463114143560766,0.19867923426720457,0,forgeries_3_13.png
0.05411819296675616,0.4102421886899093,0.36591185996800113,0.9463442927569697,0.08320932792465907,0.4093903228367806,0.5982257269178426,-0.9906841799274342,0.4429651247420039,0,forgeries_3_14.png
0.05688528973604798,0.40630754196169866,0.3884960344040226,0.964647874701802,0.08429084075755346,0.4805039110956249,0.6911470112330675,-0.8928781130042869,0.5734057204448737,0,forgeries_3_15.png
0.0685578160990007,0.40230315213207307,0.4524556798199053,0.9687099736618963,0.10419273259683216,0.13766415878512,0.4925140459425855,-1.2183710650569757,0.3853564589126979,0,forgeries_3_16.png
0.052090960292875244,0.3955642452691267,0.4286344151555412,0.9604680799146859,0.07733230209661573,0.1531292043490018,0.5161526605949194,-1.2588115278668395,0.683581762488271,0,forgeries_3_17.png
0.06741446770255499,0.421833098486956,0.40439827700855674,0.9740485766125208,0.10233546306060418,0.28267954196175815,0.13147569431129855,-1.052401828605651,-0.3138537860707058,0,forgeries_3_18.png
0.06868325472976636,0.4025491267480218,0.3724838183787175,0.9648584447882631,0.09509441892581584,0.44014144172957753,0.4410131981405537,-0.9285403399242846,0.1874110628244976,0,forgeries_3_19.png
0.055136459734768405,0.4840667018771594,0.41106121252040084,0.9751469632957231,0.10931694769934266,-0.03860218989250492,0.2651062545940459,-1.3927993942362278,-0.4591325403337305,0,forgeries_3_2.png
0.07544671864847304,0.4410328524778412,0.431407372152226,0.9538156431544567,0.11166273981824301,0.03788689724604637,0.09561650853081345,-1.2187009710617434,0.09417003939022273,0,forgeries_3_20.png
0.07681211684096646,0.4821587402632998,0.46494555988412745,0.9760674360426802,0.12151292144446346,-0.02108103753500065,0.2866756346487932,-1.2216602913196708,0.16005376277418693,0,forgeries_3_21.png
0.08696586599241467,0.4921197017838972,0.4389526544169957,0.9637102757886264,0.12840183671183783,0.08750338863468868,-0.20534410738467973,-1.0100842906515524,-0.40685829282282526,0,forgeries_3_22.png
0.08397058285463394,0.4318331547884143,0.4406774172345743,0.9741108688387432,0.11971622819982264,0.17804340394160587,0.13332999606020707,-1.250853618711534,-0.06936373087976655,0,forgeries_3_23.png
0.04591018988889191,0.4004832698098507,0.41941144586476353,0.9677509717091298,0.068662901718604,0.2231351089240468,0.39581227368277194,-1.1348453900056974,0.25435001125838363,0,forgeries_3_24.png
0.055166699997143104,0.46250711154550295,0.499468477903492,0.979959458643946,0.11172505568895189,-0.14157401639385533,0.5547853029637559,-1.386075005356193,0.07982993985536568,0,forgeries_3_3.png
0.08649750997138157,0.4517138432835603,0.490798070068985,0.9705492460192735,0.1382172370955836,-0.19823447815828016,0.3288119289399386,-1.4733610683900582,-0.05673531059770154,0,forgeries_3_4.png
0.06816094832623758,0.4437549660160026,0.4448840053938033,0.9648734149241153,0.12113344707365922,0.17630747344384218,0.06661101591564401,-1.2122423101193633,-0.6205398123143966,0,forgeries_3_5.png
0.07212694657993297,0.4532608016967039,0.4366874757267588,0.9699517097047643,0.1498883722835549,-0.030713420053519576,0.24377742918477108,-1.3901918861785216,-0.4982133520412293,0,forgeries_3_6.png
0.08151314579886008,0.43245581530232485,0.42784577582141586,0.968092090543375,0.11828344271917186,0.17845202451289852,0.2928943057148613,-1.1481599228373347,0.2215362956322422,0,forgeries_3_7.png
0.08550085940745689,0.4393152278562259,0.4805180166364038,0.9564766755309858,0.1288263740579817,-0.043655080815538,0.2602012023396227,-1.1771623023364757,0.3950434269894605,0,forgeries_3_8.png
0.09045045045045046,0.42508177167871725,0.4985529354055251,0.9750656474569918,0.12037727805605883,-0.16085441211582296,0.10066155880735964,-1.2179540270842053,-0.21256726770066825,0,forgeries_3_9.png
0.0773186409550046,0.45225832530733534,0.4067293022441828,0.9665727088940377,0.12086260470143205,0.23573186144791858,0.3057209552793511,-0.9533744872348882,0.4828627713073299,1,original_3_1.png
0.07011673867083372,0.3899086596504921,0.4335949725475728,0.9674183708047689,0.11865909621218014,0.17934631073337848,0.6728077275205321,-1.1365649597684975,0.5333516714678352,1,original_3_10.png
0.05523302693114014,0.4200966997317362,0.4076160308497452,0.9731003863673962,0.09642590689621194,0.29388515597922493,0.966724332623318,-1.161478865685244,0.6545156429722314,1,original_3_11.png
0.08089791914080653,0.3771443331596621,0.410303413966348,0.9680738758084364,0.12304883077104317,0.30433942730967695,0.9077576259391805,-1.1303415336005653,1.2793501305395534,1,original_3_12.png
0.06963695477920978,0.4119274225362427,0.4226746398838404,0.9636451493033898,0.11492271105826397,0.16732814711314722,0.5784447421516132,-1.0458086740364292,0.7732428728495964,1,original_3_13.png
0.06449885904862208,0.43034000821596774,0.4053272554088992,0.9673165326607791,0.09923839360466687,0.24039240504781473,0.5303055875836863,-1.0792930802603533,1.0171196223196146,1,original_3_14.png
0.06621467938063162,0.38160172787169633,0.43964035235325283,0.9692009040203515,0.10784509289866637,0.20141698248625958,0.669715925020398,-1.2289557314769042,0.8266828373768669,1,original_3_15.png
0.07304940251969072,0.4318613547486948,0.42148482705978774,0.9624746753877039,0.12429655754044315,0.26004625367804246,0.4751235243490759,-1.0513435731676626,0.30686503131289156,1,original_3_16.png
0.06716417910447761,0.3877465986394558,0.4083929236228962,0.9336907951184743,0.11007388178913738,0.22595973449279894,0.839413762940127,-1.1301850261632065,0.8867279653172448,1,original_3_17.png
0.053374042920306265,0.3087200136227791,0.43117301107880995,0.9608818676539033,0.08595556230937056,0.07946908949695218,1.4132433057871336,-1.0738046280810662,2.3616888715425954,1,original_3_18.png
0.0632792570724297,0.40171273693308973,0.4414997692392022,0.9442232152760914,0.11165478177312498,0.1608708233352811,0.9006402595825616,-1.1745870040672008,1.0879720302324865,1,original_3_19.png
0.07970074291095532,0.393966404787076,0.44468204557609053,0.9762273161624871,0.12819994950770008,0.13750607234191276,0.5670198576986243,-1.0707494435230038,0.2843114464901437,1,original_3_2.png
0.07013694987368702,0.42187672755958333,0.4118543687823367,0.9583370692001049,0.12010082940315499,0.26783585674392263,0.616882626072217,-1.0293387094252324,0.7624574661753103,1,original_3_20.png
0.062332477499083036,0.4355267624759534,0.43660472925637245,0.9444508818945576,0.10085827113150266,0.295702216191613,0.41936855565242614,-1.0153253754259808,0.5717754260830645,1,original_3_21.png
0.06752523494604942,0.4764647485569256,0.43376960807571435,0.9477613219085489,0.11081352102664348,0.20666592693354138,0.11089448494625281,-1.155106491356254,0.5099237265378709,1,original_3_22.png
0.060461211622807015,0.38812371677280477,0.38426807346273734,0.9634252104890324,0.0957913166216528,0.5098126320488803,0.8275066660850787,-1.0070573921234178,0.6381911402955991,1,original_3_23.png
0.05455500590990676,0.4450377449332764,0.3968429687502909,0.9469069587785978,0.10303771931275114,0.2674728351931136,0.8959498681564367,-1.1127911371650219,1.3183527761999096,1,original_3_24.png
0.06429624170965365,0.4241240104900199,0.43718668244674225,0.9506418893968083,0.10515373838111451,0.11068182171840661,0.6014831367799957,-1.0278945595136006,1.1299269577274575,1,original_3_3.png
0.07829886252521877,0.4036727012098329,0.4133360090705998,0.9658069867447546,0.12187650515364608,0.3105073124944655,0.7103506071343348,-1.0344175885564164,0.6932354937064189,1,original_3_4.png
0.08314350797266515,0.48963402745407425,0.4342514528873096,0.9576545629620183,0.12708527000760586,0.16915752351539387,0.20935331416957173,-1.1064121023083957,0.4938390961084447,1,original_3_5.png
0.058369716950310374,0.3613400652427889,0.3840931928695187,0.9532090390005709,0.09849396080789856,0.43840244135820233,1.1968461158483925,-1.0345871954743802,1.5265581667726744,1,original_3_6.png
0.07355225407963745,0.42311510268032004,0.43300467413352145,0.9607027764801462,0.1240159603148927,0.08030220607352728,0.5133800124595213,-1.0392828412360027,0.6603323524981906,1,original_3_7.png
0.054898341583466174,0.37972949762171043,0.4080361226485604,0.9648020153150829,0.09556264148187815,0.35487742141497874,1.0790953104323708,-1.0783305719908762,1.1890315874165438,1,original_3_8.png
0.054017071258450566,0.4087118162155818,0.389511107333731,0.9515350548211552,0.09002823013104205,0.45419815281181775,0.9269330182575143,-0.8154453368306247,1.200802984824536,1,original_3_9.png
0.06804029304029303,0.4164982662936353,0.5371215594634169,0.982227715491483,0.1527624120071667,-0.16880903724629676,0.19303631463311152,-1.2310613036458227,-0.6492743388665962,0,forgeries_30_1.png
0.056348713704393406,0.5409675472596219,0.45669023474627846,0.9725520670206904,0.08774214334617605,0.10097386247717877,-0.5483225374352776,-1.2664308978275816,0.019914425281462922,0,forgeries_30_10.png
0.06532828282828283,0.4606758865552835,0.5182563165477738,0.978336711096175,0.08176445179574163,0.04513397665233215,-0.14090628708001024,-1.2277317151060503,-0.34521785592888055,0,forgeries_30_11.png
0.07485971309417236,0.43108864694049964,0.539911943891205,0.9757393033903946,0.13807059581579847,-0.18745454182916574,0.0759538796212821,-1.2317543571703813,-0.773475336334684,0,forgeries_30_12.png
0.07094663667961562,0.47362204413564407,0.5289424781052685,0.9639486088559681,0.13793455916591899,-0.2424635251602002,0.09991096136379632,-1.2049062597651337,-1.137039403918048,0,forgeries_30_13.png
0.07835754332313966,0.47576330140960216,0.5363827004905547,0.9685183667991407,0.15783529894896245,-0.256978927805773,-0.06591269290167015,-1.1585022169834476,-1.1555708473816475,0,forgeries_30_14.png
0.07912457912457913,0.4807701546124575,0.5287342656897738,0.9669872903416474,0.15612787244020634,-0.27742941409052196,-0.02114491008287984,-1.1434353722504595,-1.178615868067213,0,forgeries_30_15.png
0.07720558882235529,0.45400176895433536,0.5387397066145774,0.9620924802365287,0.14949177434523273,-0.263714077148469,0.08848440465001851,-1.1687369731046715,-1.064292397203806,0,forgeries_30_16.png
0.07093513266352773,0.4703497923010118,0.5489857114179607,0.9680675632265666,0.14594271621260854,-0.31648309695550103,0.05820644818208332,-1.174613474129012,-1.1975909288623594,0,forgeries_30_17.png
0.07567248220329094,0.4990323398858592,0.5214083829775866,0.9618814096047241,0.13910303680364686,-0.238386710118268,0.026567942872376474,-1.1618651841430594,-1.1885673788550244,0,forgeries_30_18.png
0.09479665071770335,0.5002399047466483,0.5244689391423785,0.9558487731564077,0.15976061107173795,-0.1938046608429381,-0.10780101347468171,-1.0951127812208912,-1.0338201784184606,0,forgeries_30_19.png
0.07384429250724515,0.40115648327054565,0.565848467956806,0.9866025872307101,0.16854509841697973,-0.29592981576836913,0.34787069078013033,-1.1066394837748794,-0.6422953433045118,0,forgeries_30_2.png
0.06932213802989966,0.40614265435458,0.5220363547887127,0.9780658484623079,0.13382679171517056,-0.12898578190746404,0.3016557965597862,-1.2808920549080893,-0.46936074567111774,0,forgeries_30_20.png
0.06132275132275132,0.4407059804076937,0.566970705452155,0.9464202708450663,0.08274012278948334,-0.2334922803671528,0.18583925678723517,-1.2019618501846092,-0.38582238969942706,0,forgeries_30_21.png
0.09293219168437922,0.4079903018065562,0.5158041515726525,0.9758493069227493,0.17153889947770984,-0.09146230945789788,0.047431186306717305,-1.2902911552885106,-0.7869509675657538,0,forgeries_30_22.png
0.0603784342372519,0.4632993714449382,0.5802813513954859,0.9531062496773223,0.08459986818717422,-0.26773759797289964,0.2227422689086362,-1.2394726746099902,-0.6869918819028649,0,forgeries_30_23.png
0.07052785425376432,0.471098786681116,0.5134869241419641,0.9774402332120022,0.1627365889365262,-0.12483198618254009,0.057983210232159965,-1.3309990751310485,-1.1863109259569082,0,forgeries_30_24.png
0.08740689278148561,0.49615684413652134,0.5556337922290101,0.9829752867785527,0.1712981563323066,-0.2028171751431121,0.07748117078516448,-1.2800938568797011,-0.9509694922155059,0,forgeries_30_3.png
0.043406088860634316,0.5334041651816634,0.46936220817425045,0.9837826805691089,0.07070614090600513,0.07382959122903415,0.08333966374128379,-1.2286921832364206,-0.45815956748326503,0,forgeries_30_4.png
0.04349539608039841,0.46609061622501313,0.4781038328643699,0.9814674670269953,0.07669079836763573,-0.04528309508914377,-0.08734685026564627,-1.1701214999615637,-0.09321725658240876,0,forgeries_30_5.png
0.03454415954415954,0.41032219869562364,0.533368888218935,0.9650703288284773,0.048410147831676055,-0.11057840908015215,0.3867630315112745,-1.3153658539843305,0.8099990728829334,0,forgeries_30_6.png
0.06278227345954351,0.49891423953658637,0.4367848416859245,0.9803249374513093,0.0901831217646036,0.21415988267238975,-0.19388442274337053,-1.198089323161169,-0.005147101127692455,0,forgeries_30_7.png
0.059816797262995255,0.4951353934005751,0.45051920933410516,0.9783654523972262,0.09309515630367571,0.10678731956192195,-0.09491927140219444,-1.058998162432529,-0.2195692104817999,0,forgeries_30_8.png
0.05776510455409538,0.45893160294362184,0.48046563341345055,0.9810289688546885,0.0915377663684824,-0.07330947572003675,-0.12383351414873656,-1.265140187558591,-0.588436709354037,0,forgeries_30_9.png
0.0978496583143508,0.49061327870378996,0.5088985476689503,0.9761519707739384,0.18443017105172768,-0.10374263809278253,-0.14414477128231967,-1.235172161313341,-0.9888658639599828,1,original_30_1.png
0.10902328381312751,0.4567085150203214,0.4922675724913482,0.9748276674854344,0.21084800731793518,-0.07684476126424938,0.09940892166917259,-1.2717098130128872,-0.796186679992755,1,original_30_10.png
0.09876855929231129,0.4585687659551915,0.501400258675706,0.9796217178128886,0.2040660225442834,-0.0966170315026815,0.06498173874029133,-1.2866458147818087,-1.066169534006968,1,original_30_11.png
0.10445182724252491,0.48005066803166196,0.5145507341939084,0.975903736205296,0.19946707270650932,-0.16293636660269495,-0.07974897138871519,-1.2672708116950302,-1.069672579718849,1,original_30_12.png
0.136580390859726,0.4690403284735029,0.49727281746751945,0.977972019608573,0.20451121612976453,-0.08508943247543213,-0.01799680453548743,-1.2561282409678285,-0.730713175311589,1,original_30_13.png
0.14521398477344963,0.4971611011842121,0.5254871465910471,0.9738499514677137,0.19914446742083283,-0.16156967253594703,-0.11917498490867472,-1.2620188967661532,-0.8867918070661305,1,original_30_14.png
0.1130525845129255,0.48895433382978976,0.5101633141972333,0.977233952188129,0.20098736507405238,-0.09639461603381777,-0.062263325246979646,-1.2928504167932153,-0.8256153919772955,1,original_30_15.png
0.10410463397957609,0.43291598419028626,0.5251985186173762,0.9787787900826209,0.20921985815602837,-0.2191834716325829,0.13696759564242839,-1.2330837054851211,-0.8913271864129579,1,original_30_16.png
0.12207979368932038,0.4765422750336543,0.4980925853875301,0.9763784031317837,0.19568785588360454,-0.10884450404013178,0.005002209335820055,-1.321743089602396,-0.8931256202458493,1,original_30_17.png
0.1218453157012479,0.49396868179112374,0.49557689785330167,0.9734418077144503,0.1983814108638793,-0.06158750622227038,-0.009196669042546835,-1.281891018301769,-0.7386398573252348,1,original_30_18.png
0.09448990415577528,0.399514120572555,0.506043853129501,0.9802720266230277,0.14422423637914336,-0.09851126067852868,-0.0019007551796823485,-1.3104940578284607,-0.8333922192862233,1,original_30_19.png
0.11930804770602772,0.4908950538917594,0.5139600319814438,0.9715483911134865,0.1988040247788878,-0.09901459607781989,-0.12263379286917116,-1.2768833690945376,-1.0074674808018602,1,original_30_2.png
0.13782506555944055,0.5199328159205773,0.515801876005275,0.9766947850957869,0.21145383680482796,-0.09754105245537359,-0.1935232854661896,-1.3104503601237372,-1.003695557069544,1,original_30_20.png
0.1362686177162268,0.4964318331711439,0.5192334001969297,0.973596668617203,0.210877476748888,-0.14352161979188496,-0.16499801525430133,-1.3013212220919288,-0.9858630580590071,1,original_30_21.png
0.12545324549308004,0.4644892161867867,0.5003397908657368,0.97593647148232,0.20058792308006368,-0.0977022328762138,-0.005108750178896396,-1.2347812578532504,-0.8510630493923146,1,original_30_22.png
0.13380116959064328,0.486893223735329,0.5155812637294118,0.9743682334705653,0.20318111852231913,-0.08835725556446056,-0.11421126716603086,-1.316373659946287,-0.8305451326595494,1,original_30_23.png
0.09868640984799323,0.476896746858757,0.4893632366215153,0.976707205055629,0.1928671624296228,-0.05135601628520997,-0.022398967899279927,-1.262352513497243,-0.9117204201263882,1,original_30_24.png
0.11101462896371363,0.4922525108782816,0.5147682221425309,0.9736574311974046,0.18906364174118792,-0.14654488314484193,-0.08231295557457098,-1.2496356185605126,-0.9447402713879955,1,original_30_3.png
0.11024481358279904,0.446498179254201,0.5112921851153166,0.9773838254839459,0.21043143852902296,-0.1303342009393929,0.09647961998692588,-1.216637357146266,-0.7423223171609421,1,original_30_4.png
0.14619568465722313,0.5079617166698116,0.5142342666872511,0.9777642681602239,0.195176444772487,-0.13961066712632794,-0.11448829739940099,-1.2619563943880239,-0.649367854838967,1,original_30_5.png
0.12464706859325693,0.48661942646819695,0.5077778835273838,0.9739415747034282,0.2199175335412437,-0.16118389123614243,-0.06386650689950418,-1.2210623527884041,-0.9170586023541061,1,original_30_6.png
0.10758980428255199,0.48522492625699626,0.5130253701952653,0.9758160576985568,0.19984937000020356,-0.07490486084631116,-0.08412300122786519,-1.2781764078097069,-0.9713543112786573,1,original_30_7.png
0.12406340233189976,0.4890969197338004,0.5154747806654925,0.9769228242204717,0.22529259496891524,-0.14680014959022453,-0.074797940091846,-1.2139409015564873,-1.0186160106042514,1,original_30_8.png
0.12262329262080485,0.5040765000999481,0.5248971883793998,0.9770421489372844,0.21769580213678807,-0.13509448336217933,-0.10682203247701784,-1.331902573623267,-1.0312278078376875,1,original_30_9.png
0.1003823765384681,0.480170882803348,0.4118227072445695,0.819990461973581,0.15507852160497898,0.5447606526169821,0.09711255880824442,-0.45268366384752357,-0.9308227093099171,0,forgeries_31_1.png
0.09109183292887901,0.5016019804135816,0.4991431830004993,0.8084585438677729,0.10952378179107433,0.09009623805343998,0.023287942884840176,-1.0636259816719564,-1.4450759570790745,0,forgeries_31_10.png
0.08676826662868538,0.5356210989539173,0.4908167978009504,0.8049998313666846,0.12034214147905734,0.19004500463962454,0.07550915294722618,-0.7865903240044165,-1.029522137763797,0,forgeries_31_11.png
0.08063433572415608,0.4874031111923371,0.41767514352792634,0.8355641012476713,0.1315696232431794,0.3941400053431931,-0.0766891029565944,-0.7688601461518139,-0.7082944985536654,0,forgeries_31_12.png
0.11097855742398623,0.503680634382236,0.40562790192866205,0.6957285290294473,0.1674361823673955,0.3618216234357653,-0.18427581243351898,-0.8669389413957695,-0.8605520875109245,0,forgeries_31_13.png
0.0929951690821256,0.476668644734886,0.39923806257933714,0.8305396379304482,0.13818110303968928,0.5414826769978248,-0.08633432922860697,-0.5760857341178776,-0.7578845260218463,0,forgeries_31_14.png
0.0897694493243976,0.49864260771030344,0.41909579846587963,0.7860798217759923,0.13772030035159327,0.34737297506005527,-0.08044204655885553,-1.0082342436213145,-0.7994875841473306,0,forgeries_31_15.png
0.09176484176484176,0.4898613213591187,0.36811768559084085,0.6780513112670419,0.12245094544999181,0.661006519301219,0.07976721433199982,-0.5480431580904925,-1.1451408335485314,0,forgeries_31_16.png
0.09511227533576609,0.5009919335621947,0.4041028477138728,0.785173990756226,0.13521978731648512,0.45508424344504345,-0.026136498002925737,-0.8753217308130314,-0.9814526593004333,0,forgeries_31_17.png
0.09821832466965597,0.49472966181891137,0.44785211065925884,0.7933984974891269,0.15485873019845342,0.30078499361883854,0.06752804837829873,-1.0882624667539682,-0.7871331967832602,0,forgeries_31_18.png
0.09713614873498594,0.48788862688241097,0.43079935048918855,0.844985489752795,0.1565319228343822,0.36599942913504474,-0.019520598339677623,-0.8693368126019205,-0.7709783046778833,0,forgeries_31_19.png
0.09279866332497912,0.5069001320369704,0.4437730534474465,0.7289519934282004,0.1483975258172685,0.27231582680487626,0.07885102938031349,-0.8352196784345343,-1.0360801029313318,0,forgeries_31_2.png
0.0926894995769749,0.5062131235472912,0.44618429490530664,0.801046732470917,0.14209540279579191,0.4080889438145241,-0.05516539978404573,-0.8704885296626994,-0.7036230519414985,0,forgeries_31_20.png
0.11320975961755288,0.4908129218752403,0.40226436550186295,0.8010380097664227,0.15658216477868156,0.5464919755762964,-0.060999281630315025,-0.7795492778900894,-0.8824417209468698,0,forgeries_31_21.png
0.10206246817178748,0.4875936689075375,0.41973466131605663,0.8848096333673915,0.16583919459384913,0.34473355010333046,-0.03706447676556409,-0.9509832169523058,-0.6992810836270276,0,forgeries_31_22.png
0.10784101814786315,0.516122769432846,0.4156018190358171,0.8223868697860511,0.1605359349258649,0.38873399799218306,-0.04739591102788727,-0.7536250595117782,-0.8588447259213248,0,forgeries_31_23.png
0.09622563581198075,0.5124305632102291,0.3881438853780849,0.7622550630508892,0.15231138658050566,0.5231694912399063,-0.18020297269655772,-0.4903203179337594,-0.9806930551954269,0,forgeries_31_24.png
0.08904065666281903,0.5057830105473011,0.43390715772097604,0.8299790877485783,0.15010323989492233,0.34871366364876866,0.08205826737728315,-0.800724531494704,-0.8000417677474347,0,forgeries_31_3.png
0.08878574388727725,0.5317450178845171,0.4852603306028121,0.8232031660614622,0.1107040434052448,0.20384591004531477,-0.08834800838353893,-1.1676519986085432,-1.2012359563490276,0,forgeries_31_4.png
0.0959524768425292,0.5095497318104488,0.44085906460480173,0.7622400216482049,0.11783738111675546,0.40371219665868036,0.10291442018993174,-0.837277485784127,-1.2758418904595132,0,forgeries_31_5.png
0.087350227799666,0.4385217605287211,0.5051254129222794,0.851475556963461,0.12115726268918524,0.20107184497721955,-0.040740207259359555,-1.05923598560647,-1.0005422853715955,0,forgeries_31_6.png
0.10059715622553571,0.45396955467799455,0.45425812468986626,0.8228030692013554,0.12470167401079897,0.38385870290097696,0.20068418822290826,-0.8104295583921997,-1.2046913866908868,0,forgeries_31_7.png
0.1052205299762303,0.4389788885270813,0.49079331713389934,0.8282520267891652,0.13885080973070935,0.15480130099387115,0.2245723237434006,-1.029096268004974,-1.21965396776444,0,forgeries_31_8.png
0.10923193931179734,0.5326948426829082,0.5173122729599281,0.8743259189093083,0.12736409475138277,0.09692785359042531,0.03562643508790041,-1.272295840666362,-1.4048048563640794,0,forgeries_31_9.png
0.07332093665232102,0.5225875208833558,0.4372505745337857,0.823523340101638,0.10854665682824384,0.32773637713050724,0.06967326155340499,-0.7930487353863103,-1.0430931314322,1,original_31_1.png
0.06779190568082688,0.517646630800934,0.4161895053596342,0.7148692117314485,0.09950593013179508,0.4390285622737161,0.02662334224820377,-0.7611818107940325,-1.2974851981975397,1,original_31_10.png
0.07516353335050219,0.5046798602845984,0.4792678930745127,0.7419044508035205,0.1016530019434789,0.11009380514381387,0.04205880403398683,-1.002170863941687,-1.5023539710106322,1,original_31_11.png
0.07543952436533412,0.5331107544710662,0.45844481157675526,0.8236447770751575,0.1093278182671151,0.34160992509894805,-0.009359642826335446,-0.8494785894214583,-1.0465517876982666,1,original_31_12.png
0.07173001782936915,0.5452992251808253,0.4199690148164681,0.812594258466218,0.10506320322266982,0.536504949118125,-0.03978616298488734,-0.6509220377057403,-1.2663253157883665,1,original_31_13.png
0.07549073831494581,0.5185299259906803,0.38417432681571495,0.7815100947616651,0.10581003155260581,0.6987889694652688,0.1177926261149627,-0.3825356448807695,-1.5051952833170823,1,original_31_14.png
0.06812973484848485,0.4987802393242313,0.4459311511108023,0.8392514935341452,0.09626230122359962,0.4695272256835178,0.025817867948813956,-0.679128578012318,-1.3483060845910686,1,original_31_15.png
0.07554287196782981,0.49095552843337725,0.4230111193773733,0.8028511778277936,0.09995537400020596,0.5181537887502425,0.08689253646258628,-0.5853970330089147,-1.5965512067510137,1,original_31_16.png
0.08024155396003785,0.5116448276913338,0.4378097921609839,0.8344765096416575,0.10767714036044244,0.2981524873622373,-0.08621331606770279,-0.9151938292230146,-1.1988109462130279,1,original_31_17.png
0.06963687018935638,0.5098435602783897,0.45212718913132555,0.8237987359319504,0.09931241624071492,0.30826284605468207,0.021066753338918425,-0.9724568336959596,-1.213009277260284,1,original_31_18.png
0.06241199182375653,0.5676063110833853,0.4794506810946575,0.871189151133857,0.0759745645562621,0.5290383807812388,-0.08693717578458522,-0.78057760561608,-1.0338014509259017,1,original_31_19.png
0.070059731209557,0.5281560562678201,0.42279104597694034,0.8088235066831836,0.096883293952571,0.45617870459239873,-0.018237566486923127,-0.7974496528992838,-1.225996596733086,1,original_31_2.png
0.07395576542481164,0.5109608660609188,0.41700322416426266,0.8167895885258234,0.1040576190276789,0.4843976570064114,0.09516596452756612,-0.7280143271422528,-1.437362228403221,1,original_31_20.png
0.07859002395084869,0.5324395404957218,0.48635811230151305,0.8437735694172206,0.10778733887956582,0.2795525950988314,0.028728614808099632,-0.9732546627122574,-1.2505050254841865,1,original_31_21.png
0.06805783236139851,0.5267746763638751,0.4256823973217344,0.7400843792431034,0.10139328181927373,0.5352309262471184,0.06173310685642857,-0.5694646840647968,-1.4164608040544078,1,original_31_22.png
0.07385028034700675,0.5241744296942068,0.4355970319488052,0.8024300249198456,0.10229079842070629,0.3305057043571029,0.01802587741917302,-0.9408682303447873,-1.4552905473134004,1,original_31_23.png
0.08172420207818439,0.5728760908468624,0.5142979347713998,0.8241994303809445,0.10694041632760935,0.1302395682546521,0.001215583307334711,-1.0098735496841709,-1.2728521583762524,1,original_31_24.png
0.06343772258346161,0.5032712173074667,0.4343473207865557,0.8047035004617764,0.08788963023326882,0.4030424889223714,0.07331258849368359,-0.7068568762643812,-1.3868639324278063,1,original_31_3.png
0.06356365159128978,0.5139984460149088,0.42920635966357024,0.7356069194527138,0.09109732091415403,0.46003325011090856,0.01570951454280017,-0.7302958328811102,-1.467509356338833,1,original_31_4.png
0.09032963030413403,0.6014160293444081,0.43825123801602506,0.7862720253189894,0.11785333879557558,0.47833718112193,-0.08212195558539909,-0.6177372944299355,-1.4774504467790044,1,original_31_5.png
0.06795315569692383,0.5299705571912671,0.4657544243007342,0.8220289464656244,0.09255505230113406,0.30870105517530166,0.007412824459008276,-0.9800802621626943,-1.1924336395921198,1,original_31_6.png
0.06421166640878849,0.5083659445968015,0.46827292422778827,0.7590519233954096,0.0908686944145699,0.2423955354821332,0.002138638210924662,-1.0146612580897745,-1.3844409628875771,1,original_31_7.png
0.07157901499125854,0.5720051010835032,0.4974185515699882,0.8147727226003361,0.09891942623054777,0.15086914824589476,-0.1279739787738006,-1.0578930920642517,-1.1122391046116995,1,original_31_8.png
0.06490144880233549,0.4867521579354117,0.42287468016712876,0.7553563239441126,0.09047649140546006,0.439934885037611,0.08792152249665519,-0.8110590196708891,-1.5354251520191753,1,original_31_9.png
0.07442937123169681,0.46656661362650076,0.5180923033448945,0.982192304193092,0.09752553467637266,-0.04555944253589513,0.32567867858484056,-1.1756660321364074,1.3183289931287705,0,forgeries_32_1.png
0.11733687335213969,0.4980437271102465,0.506870458416049,0.9888100905295683,0.15643282041197581,-0.10287791423845415,0.035148012929108526,-1.3824084455910461,-0.4972906167290967,0,forgeries_32_10.png
0.11229174486761181,0.5105495775181241,0.4953457888548037,0.9891704749164999,0.15228088494420153,-0.07238974055231748,-0.10039805640680279,-1.3484206985864937,-0.340029693714619,0,forgeries_32_11.png
0.12407340985174557,0.4964500668856363,0.5083680652324636,0.9866135465875137,0.14485285564731884,-0.10609878448816337,-0.047229027494896395,-1.279927712278251,-0.22057490527436086,0,forgeries_32_12.png
0.1154013605442177,0.49636720899159004,0.5228305800037535,0.9799025755888442,0.1443204246920302,-0.23086795870607557,0.03216569646989446,-1.2951887744629969,-0.28325758638076604,0,forgeries_32_13.png
0.11868595539481615,0.4435074004208082,0.528147520748822,0.9851477470587752,0.14388016075995616,-0.21002639593551314,0.11008900241161915,-1.3659655240089033,-0.3397501229231503,0,forgeries_32_14.png
0.11089764392808464,0.44864046399051477,0.532521360163792,0.9818483344476785,0.149714345799306,-0.23215964442234358,0.23347634649651172,-1.1984118646125301,0.28696290216923703,0,forgeries_32_15.png
0.10572514596966966,0.38832460313174505,0.5226639256975119,0.9821941867173478,0.13768115942028986,-0.14840067132679047,0.7371627255596445,-1.3276745008563529,0.5982724376210915,0,forgeries_32_16.png
0.11964555806055763,0.44977349389012006,0.5107109914704739,0.986765710129452,0.13935516037892637,-0.11818204845480894,0.2922641958787179,-1.3914503325859549,-0.41099783087067143,0,forgeries_32_17.png
0.11375332521194341,0.3947888021819608,0.5238817333938095,0.9866861693328529,0.14118427548753396,-0.20036208829609456,0.4377862854544563,-1.250494041787867,0.4332942863898652,0,forgeries_32_18.png
0.10893000804505229,0.43258071323063935,0.47889924874931605,0.9876026903833327,0.13667104067830826,-0.022919356678948104,0.5041392684213518,-1.3633489966795744,0.6825907887828624,0,forgeries_32_19.png
0.10635117733627668,0.39304004004004006,0.5292362030905077,0.9831126274530746,0.12837237704007995,-0.07762351773286728,0.39620862287077574,-1.408296849820512,0.29392062683827236,0,forgeries_32_2.png
0.1079881839643047,0.48884209944131757,0.5173805186173996,0.9878487408797781,0.13828524398157674,-0.10194018002186354,-0.04898914589901599,-1.4014095817088628,-0.3610989322908251,0,forgeries_32_20.png
0.09931571744394146,0.46494376755412237,0.5050445018558909,0.9879563884379493,0.12828392711449552,-0.0899338618952418,0.09314663922892724,-1.300767322534319,-0.17509477798040063,0,forgeries_32_21.png
0.10888854296388543,0.47213518462306736,0.4865321369520797,0.9887558170929758,0.1408767454350161,-0.07355540616840633,0.1114468968650294,-1.3199434394115672,-0.19690762767371384,0,forgeries_32_22.png
0.09514280516645443,0.4802982635713692,0.51965272166532,0.9855118146579159,0.13369120654396727,-0.15565457672371902,0.030945358720047403,-1.3230256441576043,-0.8589977932215795,0,forgeries_32_23.png
0.09825708061002178,0.3666034352434715,0.48899787688383056,0.9882820699000088,0.1271176383325916,-0.048325806541256656,0.6786333310149435,-1.3683080747687635,0.9192884404400679,0,forgeries_32_24.png
0.11605882088411207,0.5228938020475529,0.4553064586507505,0.9858307620387415,0.15626816508428598,0.07765730492918228,-0.027648764359540338,-1.2215665455534725,-0.17758553188516357,0,forgeries_32_3.png
0.08608747574264816,0.5942289200308968,0.4948418369279033,0.9883585269648142,0.12001082115952887,0.016558289375997418,-0.19031396087574218,-1.2615759738049337,-0.3213360265057359,0,forgeries_32_4.png
0.0741787045666356,0.4979160550420857,0.5336695977688424,0.9867701334029337,0.15665170059659267,-0.2190297872051794,0.12182150611848144,-1.2971866261023917,-1.0988198163304026,0,forgeries_32_5.png
0.05807657555127913,0.49695970891492525,0.5216145457408696,0.9917121527986533,0.14154590996200786,-0.14145784964379302,0.0698455617496377,-1.4057366743784827,-1.1777022507800665,0,forgeries_32_6.png
0.0644222914411333,0.4853783041415474,0.5171486237805963,0.9815435770271945,0.13277849262189614,-0.14113505124192932,0.21093233347728915,-1.2354247009098924,-1.1467055399145478,0,forgeries_32_7.png
0.0740647364996747,0.49315216783274735,0.5107185454159929,0.9873581636701052,0.1170189527786701,-0.17000892025598718,-0.00806257657613474,-1.3781494105651277,-0.8315124114746366,0,forgeries_32_8.png
0.10068393024955623,0.5854357015583995,0.5080643074851636,0.9892780737373565,0.14211495946941782,-0.0927838294598098,-0.33733089559194934,-1.3125008945252497,-0.1516887445725903,0,forgeries_32_9.png
0.10508955319013322,0.4032835742856396,0.47685035574197115,0.9933096911827461,0.13739869580616262,0.05436022358294792,0.3231807614988331,-1.2102867922929943,0.8874575835335023,1,original_32_1.png
0.0998601228486286,0.4483034251753538,0.487201051756472,0.9942331049228957,0.1282712288102492,-0.08793797889175618,-0.037311595759834996,-1.3144279641698708,0.10851662023129549,1,original_32_10.png
0.10257119584428359,0.4986502651960892,0.4799050911672019,0.9913538944346808,0.13141158170397937,-0.04894431814071299,0.13310083500225825,-1.2810969832976404,0.28827964929294403,1,original_32_11.png
0.1185006832823583,0.4442330297130357,0.474289727890274,0.9884732808515699,0.147847443522033,0.018855590102354294,0.2808752901532602,-1.171992147445195,0.6022420016756369,1,original_32_12.png
0.09742040866644065,0.31546221333060054,0.47363345809880675,0.9875659761214394,0.13754840955571995,0.059170572401211784,0.2281635633503158,-1.237561599728083,0.4084521916005692,1,original_32_13.png
0.10855568830479224,0.436875120305264,0.46106136362889255,0.9941721465510139,0.13629166666666667,0.09890050502459943,0.10577159494768318,-1.2693464525035911,0.3830629401445429,1,original_32_14.png
0.10525137741046832,0.4250316018024181,0.49545274848930987,0.9919973000647454,0.12955662936588674,-0.08554958923390103,0.32389592954271984,-1.3043737398269428,0.3870208949731251,1,original_32_15.png
0.11519049454978796,0.4675836276382199,0.475879335713709,0.9940422569097827,0.1416228561578902,-0.006621013336753056,0.011768040711909027,-1.3141914495179938,0.18094536454020904,1,original_32_16.png
0.1108150165337483,0.40348419949729375,0.4891677513156544,0.9936765219498515,0.13919225976691343,-0.09074629920126202,0.19355429817255376,-1.3501742482447157,0.5134410402608229,1,original_32_17.png
0.0984018527339323,0.4218633245818884,0.524318404965386,0.9947415184741294,0.14241228487211183,-0.24269148299806773,0.4826632777495902,-1.2611202392678678,1.2052544785171433,1,original_32_18.png
0.12950421819022304,0.44797010005144305,0.47989902967362064,0.9950216158514936,0.16287317229150317,-0.10732208346663488,-0.02075218113219207,-1.270349104417296,0.2211793381007685,1,original_32_19.png
0.11701943095072866,0.42768380618640073,0.49087477860331935,0.9925080721046523,0.15114168552669907,-0.07212116397139831,0.24504932511437633,-1.3105888562903394,0.5304245421052154,1,original_32_2.png
0.10987842855431788,0.39767788132095555,0.4690493671869634,0.9858775965848545,0.1478385238306273,0.08341652937252483,0.2787645421512371,-1.1250747999761133,0.7965571876050164,1,original_32_20.png
0.12282581520768598,0.44064467844731836,0.46037379767260206,0.9865808064989465,0.1581076732104271,0.10407264977549786,0.14687574588276384,-1.279236781493052,0.23563644712960263,1,original_32_21.png
0.13229213483146068,0.40641753015118054,0.48970136064419223,0.9894049246213819,0.15905222489395618,-0.06860970010430043,0.39179681403050265,-1.2670578615430546,0.45257080366009905,1,original_32_22.png
0.11917008943994473,0.4985940799165461,0.48993464069905274,0.9899566601971015,0.14830295937134258,-0.05797502291501563,-0.04906958646010343,-1.2563031095845651,-0.3250483235823882,1,original_32_23.png
0.09592555331991952,0.4356245994290042,0.48507370037389164,0.9886015028795648,0.1279894404796528,-0.023216052952672043,0.2911050136192018,-1.1952088455967527,0.5864540189414122,1,original_32_24.png
0.11330587676223665,0.4177908048537179,0.5024230079268747,0.9909239652142304,0.13862403100775195,-0.11629405715513749,0.24090441035481736,-1.2993609009140734,0.41281344604492487,1,original_32_3.png
0.12616968471366855,0.4350448846682589,0.5022381560711465,0.9874060095494379,0.1516349977905435,-0.09021219125275085,0.1764366725493049,-1.2818113078492126,0.11124054565272123,1,original_32_4.png
0.11852607941206492,0.4756090490206444,0.5060658898899467,0.9926890458494543,0.15608785654757104,-0.16139291590215246,-0.09680052498563928,-1.2827206209325734,-0.21284703427643903,1,original_32_5.png
0.10199549299454587,0.4702759019503826,0.47733831928145176,0.9831856082564233,0.1359717868338558,0.027959927414532734,0.24200380314722125,-1.139376587049497,0.4068396566215493,1,original_32_6.png
0.11587069525666017,0.44970676199822424,0.48636802998664475,0.9889733311242496,0.13921308403918967,-0.04925889238408496,0.160138037001303,-1.2267063218132042,0.16814971016104696,1,original_32_7.png
0.10965566044837918,0.4133467774478473,0.46422960605619906,0.9897947354830655,0.13963074445445656,0.08673593658573615,0.23114498518894466,-1.2329681592565649,0.7210934046371213,1,original_32_8.png
0.09206314314369324,0.4357662931010193,0.49262564980918017,0.991183725502806,0.12824389497052743,-0.0785355814984989,0.24234414541814267,-1.351002805738817,1.2617492093435008,1,original_32_9.png
0.05636280348144755,0.48974418314194823,0.4383993876841731,0.9813559419061191,0.1497784486536495,0.014428623070795166,0.12616674187767676,-1.0468395154056287,-0.6873670875391249,0,forgeries_33_1.png
0.06497652582159624,0.4933964953084562,0.49118669330344006,0.970504463595853,0.1139859608220775,0.01602700598864838,0.16698712179617245,-1.186131661437615,-0.4346852787019091,0,forgeries_33_10.png
0.06796276464288656,0.5353332318156439,0.4192686427112657,0.9714396545725343,0.13521634615384615,0.24822393300899742,0.20817789056384808,-1.0591256599670855,-0.4892518851387293,0,forgeries_33_11.png
0.05543769503753155,0.4626932422055986,0.42971518202065445,0.9861306483897089,0.1494717324377274,0.0726864791926023,0.3089172302673962,-1.0317268572361766,-0.5401906596536912,0,forgeries_33_12.png
0.0900361439283595,0.47889720857864854,0.49187173992446614,0.9610167125045074,0.1804519407503514,0.0005999666927466529,0.3746554916339392,-1.0556761094101443,-0.6069487554787867,0,forgeries_33_13.png
0.08034993620954514,0.47650596543306056,0.5164509358197338,0.956850106107077,0.15579170558093747,-0.18034433443402206,0.3867038536878077,-0.872736063001021,-0.8549489669341352,0,forgeries_33_14.png
0.09206149105298175,0.45799216565567585,0.5567410253665359,0.9677276424468609,0.16785315243415802,-0.2018590215633988,0.4126665151737192,-1.0257807017734446,-0.5918061816345954,0,forgeries_33_15.png
0.07651237568234502,0.36473534920086553,0.49450937604489037,0.9483655310329543,0.120683147763729,-0.1422240789863307,0.3835406792751242,-1.048549555373039,-0.16853816607575212,0,forgeries_33_16.png
0.08967434220916642,0.469628237574494,0.4806207257615916,0.9574317774701995,0.17572418915573162,-0.008801715002021619,0.44242802018594773,-0.8882915332927981,-0.3525153877001119,0,forgeries_33_17.png
0.10030103995621237,0.4610548457986949,0.5180508765579902,0.9566228512306346,0.18314534551684752,-0.07475756077093222,0.32259132932693935,-1.0496908966760787,-0.5962666935562746,0,forgeries_33_18.png
0.06671471650594823,0.3970845923534363,0.4123667135291325,0.9642047180547538,0.14729391107127832,0.02300193725838298,0.8647861306884778,-1.058057363537172,0.26969778322509486,0,forgeries_33_19.png
0.08291062985349654,0.4787885073584065,0.48443872709023167,0.9681311260815568,0.15012466084916037,-0.1362780667219841,0.2114882110239948,-1.1626321447879504,-0.4559667863121626,0,forgeries_33_2.png
0.06439221673596673,0.4651004224996847,0.47191223354673983,0.9678486239892418,0.13504445277105973,-0.052810751778934566,0.3863462212022579,-1.117521953816738,-0.4991995947216883,0,forgeries_33_20.png
0.050573671497584544,0.4757942761789985,0.4568045190713101,0.9859704557076429,0.1346869032063524,-0.11882735404845193,0.3703535994486029,-1.1392603164215203,-0.7754858354294649,0,forgeries_33_21.png
0.05518144407033296,0.4648490555270216,0.42659523599340865,0.9781097021746075,0.13696642581468907,0.1246420196571847,0.3626147249477953,-1.0697510397228867,-0.5728784603022357,0,forgeries_33_22.png
0.052988443638772205,0.45068734741384203,0.4574626366184762,0.9821833013459575,0.13732457989519967,-0.04513886052221713,0.3387981442682591,-1.0654578141482653,-0.5770507425522493,0,forgeries_33_23.png
0.07467553557741026,0.47790718009815386,0.49640353921787017,0.9634205775224052,0.15230121088471424,-0.10379434045766449,0.41540358754523593,-0.9580603595276429,-0.6266754492032169,0,forgeries_33_24.png
0.05510626499541559,0.47955805111302247,0.4818782712223301,0.9732291644244586,0.11849639328004911,-0.03274287105278068,0.2578887305546493,-1.1609047637532661,-0.26427046222683925,0,forgeries_33_3.png
0.060922697237481095,0.4375913038654281,0.4724587398012563,0.9513303451743392,0.11903789690641467,0.09680771943173307,0.3583884158425556,-1.1546361510598464,-0.652546359756891,0,forgeries_33_4.png
0.06627586206896552,0.47628553590010403,0.43239513437870036,0.960707361337461,0.12055901244480129,0.2713446590432327,0.35032624431869264,-1.1680787790944005,-0.5307541558644773,0,forgeries_33_5.png
0.07875121839344074,0.4766363645642315,0.45076782033272217,0.9627495642495498,0.1385938800736611,0.28742398567513794,0.24188184765030274,-1.1358647972739313,-0.07364341934184893,0,forgeries_33_6.png
0.06655695309744916,0.5446643167965608,0.45220340703068435,0.9643315834139363,0.119620560708174,0.177550726100643,-0.24432323254439886,-1.2011525031413814,0.4157691255601432,0,forgeries_33_7.png
0.08001373626373626,0.4633583690987125,0.47046520539546294,0.9589208651317843,0.14431712604521524,0.10129145071391477,0.3095963518703391,-1.285022494624209,-0.5661740552732795,0,forgeries_33_8.png
0.051059398768562116,0.5036346898273196,0.47628488287736387,0.9624192254134054,0.0869451254297917,-0.001671252961506625,0.3564197286613456,-1.0060813245014493,-0.22009858780152403,0,forgeries_33_9.png
0.08464916867091916,0.4765583355191349,0.4834160292246285,0.9765137888271416,0.15446508077852691,2.121121661257773e-06,0.32281141278191033,-1.1995606646510504,-0.5153706754750349,1,original_33_1.png
0.09423868312757201,0.48581023870004086,0.48199550391267043,0.9642161494829672,0.1618374558303887,-0.05323387165679001,0.1352166915534852,-1.0972345970735224,-0.41505817714881355,1,original_33_10.png
0.09717405931370011,0.4688482502945713,0.49975188956690836,0.9565559840791683,0.15508838592433505,-0.12444297333921936,0.17736506200746094,-1.210879573648434,-0.6047401599804876,1,original_33_11.png
0.09506857309600233,0.4586376951314472,0.5039753501599926,0.9761973746675342,0.17065930995949155,-0.002635732241901308,0.3709608041582353,-1.213406950600425,-0.4583782089717485,1,original_33_12.png
0.1099904332376657,0.48347139385906784,0.48487763456163385,0.9622730940201829,0.18462103138190494,0.005602802828961659,0.2746897754536213,-1.2664578792448493,-0.4202125250347324,1,original_33_13.png
0.10426653883029723,0.4906505301141316,0.4339779029202774,0.9667814400829993,0.18478312172558645,0.05141354893279553,0.06006922315715688,-1.0570423829045457,-0.6733098691985195,1,original_33_14.png
0.12944900200245463,0.511704467171851,0.46666703090170025,0.9680148796446548,0.210493146368363,-0.01519571236959744,0.029316317996455822,-1.2531996400223602,-0.5281891358964992,1,original_33_15.png
0.09859016070196194,0.5021557971014493,0.45158078231292514,0.961099375463836,0.16323199347072026,-0.023796184430892566,0.13740237630541235,-1.2442156643789732,-0.5519996855421665,1,original_33_16.png
0.09842297220937998,0.49271589289856516,0.4788402551161738,0.9693473011330672,0.1696926755823222,-0.06180295622115125,-0.016872023263094903,-1.1745991849454824,-0.375354274323747,1,original_33_17.png
0.08763762654252567,0.5016403986682233,0.47262369332899196,0.9643860076508181,0.15211466316093245,-0.06318622549887558,0.13437187821552546,-1.19489757040076,-0.7261672384980815,1,original_33_18.png
0.08622557303176047,0.508460670700441,0.46124731939954544,0.9586033299009733,0.1479828964491541,-0.011581920655483623,0.07674525468405465,-1.1766755408133276,-0.44101015095453366,1,original_33_19.png
0.09712040225635392,0.4754757967722945,0.465995490294143,0.9610651707816334,0.15797793738616447,0.038901496073152596,0.19363998194391688,-1.2157245679738098,-0.7869745206384029,1,original_33_2.png
0.09094770052178133,0.49254892980062986,0.4450820269821555,0.971012016858673,0.15879798015466648,0.07060285529409706,0.05933458524223232,-0.9511836769348516,-0.44935783638882976,1,original_33_20.png
0.1025087344720497,0.4934707840236686,0.43817266345694444,0.9648755252512733,0.16198911126447357,0.03690774844402823,0.008992650480217235,-1.1250589953783399,-0.4190320694738321,1,original_33_21.png
0.1095360824742268,0.5126623093681917,0.48347056577499264,0.963344818315689,0.16781467994559734,-0.03240795815819024,0.04054703705834334,-1.2647484655369308,-0.6727479699464816,1,original_33_22.png
0.09660823614311986,0.49987111235640236,0.4868736206085604,0.9648816707537017,0.15052047441151936,-0.05906392051028889,-0.007259340314527849,-1.2339019127272635,-0.6832278905498321,1,original_33_23.png
0.07619805481874448,0.46238426389033377,0.47248870878483323,0.9550466621061625,0.1376501405571173,0.0014075962883216713,0.36701857714152575,-1.130078956372455,-0.5468654504860604,1,original_33_24.png
0.10987478956228956,0.4624880296863778,0.48862175340509073,0.966713668778607,0.18504407920967528,-0.054635363805365905,0.2513749161389492,-1.2304508989190803,-0.5584528541583018,1,original_33_3.png
0.127217668937823,0.5099380515150559,0.4902545945917635,0.9629149988832466,0.19729453802960695,0.04260027501928555,0.04888822607512465,-1.27003239922713,-0.7790910363491488,1,original_33_4.png
0.08827670645852465,0.45436192717746116,0.48799600255910935,0.9623346833721379,0.15968992248062017,-0.005979929924859081,0.38158806066739787,-1.1969421597892036,-0.4496053624707055,1,original_33_5.png
0.11491455340085316,0.46046474817122707,0.47865602318059164,0.9582035923929492,0.17478008199657685,0.046209656442076766,0.2331032778432461,-1.3103827202558473,-0.6178806979005573,1,original_33_6.png
0.11623039735880203,0.47396421737025335,0.46429223437880857,0.9661125792278262,0.1784889774116156,0.10177210835385993,0.016328413029072533,-1.2198839638759216,-0.4928993868112981,1,original_33_7.png
0.08847097615213557,0.47244941219221687,0.5196614635581772,0.974782483344382,0.15994870550722629,-0.046721724345562446,0.3820542979932804,-1.291612443918552,-0.6535232394766255,1,original_33_8.png
0.11303258145363408,0.504620342018716,0.44560884843298193,0.9519436517805239,0.1806730170034719,0.06258991906104029,0.07810480759571367,-1.046105397529455,-0.482089946720595,1,original_33_9.png
0.045564910823626126,0.4129050697627568,0.4435813406471871,0.8573799863655307,0.06935808457390541,0.2299880275330582,0.8258545643293262,-1.0499910532008878,1.1170559161035367,0,forgeries_34_1.png
0.04251496045306509,0.4738948274625152,0.4213183663721041,0.9182820772789044,0.06256566443555146,0.36928815716071306,-0.3197263483792206,-1.1010904632279734,0.5462624251012027,0,forgeries_34_10.png
0.0406638614922813,0.48994570254572417,0.4034113695927367,0.9658447718231378,0.06570955273329653,0.43621911665025254,0.00953626384327824,-1.087301865669624,0.1531857602511475,0,forgeries_34_11.png
0.04469857934424864,0.41790408364114334,0.4511862967450627,0.9361240714747504,0.06890948444735608,0.29009772773327797,0.9646220049673017,-1.2148921293173245,1.1194025587207737,0,forgeries_34_12.png
0.05348851840201321,0.5076188057521983,0.44369111011312845,0.9217227866520197,0.07894516922791216,0.03919583968798429,-0.23027691302683334,-1.1960458866876953,-0.04198857878991147,0,forgeries_34_13.png
0.054754802529531084,0.5111700840206873,0.4667089967763993,0.9268407431240618,0.07548752703914198,0.07590744515741112,-0.534055642505767,-1.3329434345674807,0.13807454786416118,0,forgeries_34_14.png
0.05512597158938622,0.4483607980690757,0.4685840860334719,0.9368696831993543,0.08101188541943616,0.15170380509893908,0.2061176233723323,-1.295367999774604,0.2488321696480682,0,forgeries_34_15.png
0.05154694807530879,0.4423482310033132,0.4144019289170209,0.9157567945700411,0.07442838962140823,0.24503409497441958,0.1371554294956313,-1.1533596682733565,0.06338146722809102,0,forgeries_34_16.png
0.04986907811766569,0.46775364613876746,0.4481863625122214,0.9356422832357247,0.07944859897288044,0.1048561538837104,0.2873470498795388,-1.364077869530083,0.2907356892304933,0,forgeries_34_17.png
0.03680097525226901,0.42012236306288,0.41675250725434226,0.902660655492099,0.059077720148641696,0.42406434060127607,0.814588203493799,-1.1260778744402689,0.6077735668158244,0,forgeries_34_18.png
0.04252050103631612,0.42439308751827653,0.42483997189941874,0.8700155047853682,0.06751226910474882,0.36823661564200677,0.6584274791157726,-1.2217763053026955,1.0043146278572381,0,forgeries_34_19.png
0.049939619923306706,0.44573971760464204,0.43707620039702044,0.9201710617944466,0.07253771210172266,0.3346404776553586,0.40003296934300636,-1.0874938417619597,0.9930908953257127,0,forgeries_34_2.png
0.040653181103665094,0.4727742016736668,0.5576415110548021,0.8805599312933277,0.0508617120380913,-0.04409658555923707,0.42009028341550153,-1.4561076852579802,-0.06615442927944182,0,forgeries_34_20.png
0.037686410499634566,0.4363485265960831,0.42022185017955427,0.9042561480857487,0.06031382601445939,0.4203557995651751,0.6467425002652988,-1.1840296517484217,0.38047636487073744,0,forgeries_34_21.png
0.044945083455850555,0.446763213051869,0.43477409423550806,0.9211755437566158,0.06301112424600648,0.2773875212273285,0.1318742934473256,-1.3187328979753303,0.48221180415569087,0,forgeries_34_22.png
0.05028462998102467,0.4666871010580021,0.4520174696173885,0.9071916523207357,0.07204201421068891,0.2567951784463739,0.09721203442340924,-1.2576784697106114,0.19836515024389234,0,forgeries_34_23.png
0.05094887587001152,0.46071082553732395,0.41592566592566593,0.9044793601960142,0.07796934865900383,0.2306513821117669,0.03375572732115048,-1.2613609007197393,-0.025629993341630186,0,forgeries_34_24.png
0.049507907611787465,0.42850083544948103,0.4504532541734495,0.8976800421935462,0.06833708512197675,0.3348130011267179,0.4922619008837677,-1.246710798998521,0.24043134370958663,0,forgeries_34_3.png
0.030635924601853593,0.3926604628966834,0.4055564902022974,0.9457688079546859,0.04619996216696012,0.4694454904428793,-0.3652748263423826,-1.0560260313890528,1.262536565225056,0,forgeries_34_4.png
0.03115254332185549,0.5291031917200142,0.3885880762827803,0.9211702240302361,0.050662878787878785,0.49701561242004555,-0.6475683233317411,-1.0532801779970993,0.9134571804401257,0,forgeries_34_5.png
0.036882043576258454,0.4923468953128762,0.3793879179580767,0.929179691104115,0.05574228419594395,0.6196639110427724,-0.27302017605334755,-0.8392415301458085,0.7551989007296043,0,forgeries_34_6.png
0.04096533191589889,0.52601488874519,0.4248252697218863,0.9258220135489662,0.06280133094909346,0.31952486255398155,-0.4658792771979091,-1.2134339083056018,0.7490036271470983,0,forgeries_34_7.png
0.03639184757568366,0.4975080331890716,0.4332782443118978,0.9359439773388423,0.057826681452611405,0.2858439583114806,-0.08234302296467377,-1.2295996384128718,0.6609573482560043,0,forgeries_34_8.png
0.04705700275320528,0.47282947290616284,0.3898227092791746,0.9514191731109257,0.06742766436733312,0.4753416275765958,-0.10666230969726452,-0.9598039663630007,0.5874993500050834,0,forgeries_34_9.png
0.042981337185772614,0.43973952731184046,0.44536749348287974,0.869533137016834,0.062471147116200804,0.32605573860722065,0.26295257370597236,-1.1713431546069009,0.8031798901944325,1,original_34_1.png
0.041980334346049655,0.442462400584365,0.4419936821433799,0.9287996934168868,0.0626764287469928,0.3687095973923251,0.19261796794442682,-1.1195062203676238,0.7731923620078316,1,original_34_10.png
0.04532530024656009,0.42868739345726115,0.4235972634881387,0.8691046099116962,0.06596538951267508,0.4699756254126977,0.46595807819808704,-1.0868883407451662,1.018815787028311,1,original_34_11.png
0.04419114694344052,0.4767720073186311,0.4167484740475864,0.9250353670937818,0.06417894377949647,0.4314178511391175,-0.1893996830103122,-1.0442909179000959,0.6803160909124659,1,original_34_12.png
0.040374248851184166,0.4921657602348938,0.4294747120283907,0.899179889394362,0.06064527904294947,0.4139372960913164,-0.30669300462223065,-1.123632748938353,0.47816338966589544,1,original_34_13.png
0.04295389733840304,0.4507045297372061,0.41959226711683995,0.9094086151533217,0.06231469351168724,0.39050404374493847,-0.11779708228418699,-1.120313267390405,0.716754910967563,1,original_34_14.png
0.04609839912832118,0.5063401058871443,0.4332971839157406,0.9253122202572444,0.0670468892855588,0.40319733362941074,-0.4322076819923533,-0.9474467731532243,0.39880648987518086,1,original_34_15.png
0.04220725216234198,0.4844475721323012,0.4637146537326473,0.8894456505166112,0.0637551372014142,0.27044111537114246,-0.06336231420272882,-1.1782595845126305,1.0423453162559886,1,original_34_16.png
0.04919884386575373,0.4752106541966055,0.4162735307552318,0.8848633820307481,0.07271049548475392,0.5051596244985677,-0.13682684296348838,-1.0117301608101343,0.5767030056573108,1,original_34_17.png
0.04153961680243936,0.5039314764716535,0.4255498118361267,0.9353633151253689,0.06342726104026962,0.3984824774304383,-0.42475699065870554,-1.0518257302427083,0.7872268609390192,1,original_34_18.png
0.04046905946572629,0.4527917680465313,0.4071492937823238,0.8979688336343158,0.06656866445499514,0.5045162034742342,0.31612201751481683,-0.9066959829005388,1.2771419825333856,1,original_34_19.png
0.03873940469150404,0.45889357073534687,0.43559566770889824,0.8953372836297016,0.0592388847023361,0.4555164828495012,0.10681288462688726,-0.9682951287538577,0.9316961321001846,1,original_34_2.png
0.05306809978342825,0.440394443022445,0.44550606588091474,0.9152623734088344,0.0730533103661499,0.2628727559637194,0.1240424339879092,-1.3700807350291822,0.7257158779284993,1,original_34_20.png
0.03802131991855312,0.4610481679523142,0.42071989136230337,0.9067329609974047,0.05380849707768873,0.33355406512885544,-0.10234758651991756,-1.1472425251232272,0.5457916898967605,1,original_34_21.png
0.04009205426356589,0.43670144133937566,0.3931897162066487,0.8753530249798774,0.05737333333333333,0.556380892352158,0.1910289185726187,-1.0705091704947667,0.4447016340382661,1,original_34_22.png
0.042096496883730926,0.4089118369399161,0.40259903958867965,0.8911063669391123,0.06264391710374824,0.5691360736663252,0.61480946511418,-0.7577529732576584,0.9942942237367141,1,original_34_23.png
0.044601862783680966,0.4853059068745343,0.4290038093159342,0.9051908444318517,0.06926390128438943,0.4173357511603421,-0.30245704068861234,-0.9961597786980074,-0.015589333388478455,1,original_34_24.png
0.04264338886163428,0.4364830453038387,0.45585244835817124,0.8884601833457201,0.06474779370091491,0.3778683099731676,0.22500046472791893,-1.0474233195016958,0.876949105800358,1,original_34_3.png
0.04239668950855147,0.4287421743622094,0.4253297160793863,0.8707764719725231,0.06716131796756952,0.4736475205362292,0.4660244607108284,-0.9712617804537276,1.1342079831175953,1,original_34_4.png
0.037182549274252026,0.44993866690808587,0.4468081192175131,0.8463036925814378,0.04612749607387718,0.35744134676569905,0.26751803426262205,-1.1649826615694758,0.9717713374777861,1,original_34_5.png
0.05103785103785104,0.4528787878787879,0.4257057416267943,0.8977285500142637,0.07196288230281224,0.3100843188175814,-0.11322152180405144,-1.2061448603452696,0.1321446527921175,1,original_34_6.png
0.040590753021965104,0.40951167912916786,0.4368207598951028,0.8954241288974666,0.05207799026026926,0.2594363848908269,-0.25801104171862144,-1.0422359660415201,0.3306374255011444,1,original_34_7.png
0.04122608009469323,0.4584694276762706,0.42125647167308633,0.881359889190045,0.06219308949138418,0.43646151529278704,0.13586686946025472,-1.0630634415955382,0.9209842281084057,1,original_34_8.png
0.04356214621701347,0.45973902159846525,0.4177708098489658,0.9267710768300068,0.06692524394725023,0.28053053918194204,0.10227086758508414,-1.2261847181225003,0.8815154136427945,1,original_34_9.png
0.09364820846905537,0.4931666265205348,0.42538182306069666,0.9506205991252615,0.15280254554355047,0.09322183561844581,0.13471314389812378,-1.2839652907128265,-0.5042603225872693,0,forgeries_35_1.png
0.09618823529411764,0.5410293542074365,0.4795376712328767,0.9804258973628086,0.16634114583333334,-0.0007481521498471196,-0.07267615550866596,-1.256828534002261,-0.2226205561946557,0,forgeries_35_10.png
0.08499419599818994,0.4271205055420384,0.4396376160527104,0.9709368149753371,0.12788632326820604,0.18527205136384967,0.09661984095285991,-1.2899183848271736,-0.5248934718406781,0,forgeries_35_11.png
0.08050741913674697,0.4130041050649711,0.406095646971883,0.9620908068788137,0.14010155427580656,0.20357343145771709,0.2235825403177859,-1.1324374919835487,-0.6123819372181325,0,forgeries_35_12.png
0.09628493877297309,0.48124538527850685,0.434571398148748,0.9414845869311796,0.15446235665614094,0.1549675956499154,0.26792151002132897,-1.2748451413780149,-0.7468267385381191,0,forgeries_35_13.png
0.09103260869565218,0.4229024943310658,0.3996374236478065,0.9287228481406505,0.14344944774851318,0.34043446117984894,0.5037994388129257,-1.0314549917148426,0.37326437561573744,0,forgeries_35_14.png
0.09758478288074084,0.4754282268501025,0.3976151934712137,0.947320875566287,0.1527761451353787,0.3222846692801265,-0.0738731514542689,-0.9684095682889788,-0.5242353913070499,0,forgeries_35_15.png
0.08866377423078455,0.44557950640424865,0.42003042003042,0.9058057966190362,0.14397905759162305,0.11964344964079823,0.38359746546046697,-1.3493283018084294,-0.15366824789935185,0,forgeries_35_16.png
0.09395384866275278,0.4639589726105239,0.39131820708143983,0.933685745832348,0.16499015571863254,0.23842433094697726,-0.05807918811530678,-1.1655166424000045,-0.2166414590393937,0,forgeries_35_17.png
0.08543746910528917,0.4534532350315734,0.46568580738311094,0.9343059584858869,0.1322053604210011,0.07260816407352869,0.13697198779014014,-1.3449503879857685,-0.12860060156425224,0,forgeries_35_18.png
0.08286795172041074,0.45792349726775955,0.45654120436729134,0.917242128596722,0.12392241379310345,0.07405821991381145,-0.13664480877525798,-1.2423574231505716,0.3462056974657495,0,forgeries_35_19.png
0.08735704378320379,0.5424724534587748,0.4377159799159406,0.940464782030482,0.13995220326191773,0.17297701073359859,-0.19092971996170852,-1.1858953858377983,-0.9620012975068319,0,forgeries_35_2.png
0.08278636852449289,0.4914289668709186,0.35276499654444726,0.9103073969725561,0.15169531833933547,0.24244028476219603,0.11629003533086643,-1.2976409896337717,-0.0966553391426519,0,forgeries_35_20.png
0.07642526964560863,0.5713978876466276,0.4668107572443958,0.9030356573322141,0.13082756346851301,0.05415507188446927,-0.6382740216299332,-1.2730806285725365,0.29983847993383383,0,forgeries_35_21.png
0.08145573665707893,0.4811006796048483,0.43339526876907025,0.912052858636395,0.13560336514481428,0.14886910346304816,-0.15530383061036035,-0.9640296954914045,0.20396817971756231,0,forgeries_35_22.png
0.08707233830017481,0.5065318518863965,0.43252696767794097,0.9112731603651302,0.1363843796857683,0.3366027206280015,-0.02792676823441604,-1.3045930653152662,-0.9589236979766782,0,forgeries_35_23.png
0.074375,0.5284177720675047,0.4269612087259146,0.9191581868113882,0.12242798353909465,0.22618432309802347,-0.5280107238017874,-1.0993420748704064,0.0530342035407223,0,forgeries_35_24.png
0.09658882783882784,0.4603528256526597,0.4326307728772768,0.9585065622270329,0.1574665024446684,0.16487747640214032,0.03269032202523121,-1.1935269748987707,-0.2512190982892113,0,forgeries_35_3.png
0.10557970420186445,0.5415691729635944,0.47323872088941127,0.9107756563880824,0.16882322084280468,0.12040159998473637,-0.241324166750404,-1.3027810261956212,-0.7381710189811219,0,forgeries_35_4.png
0.09469991288173106,0.4698528721402913,0.45213865825501826,0.9333000419813491,0.14336636486775503,0.12915367141339404,-0.10936913178451517,-1.202123277007074,-0.423651881968123,0,forgeries_35_5.png
0.09511166640637202,0.5421505911153676,0.44388364165885325,0.9553991095309692,0.14641937145801134,0.02884830766713524,-0.1958227180449611,-1.256340704003007,-0.4592793713973875,0,forgeries_35_6.png
0.09332512315270935,0.4616596915884327,0.4134208825911668,0.9624293794781477,0.17994016241629862,0.19826653194542884,0.1743045898758155,-1.2800621083812664,-0.6814524954986672,0,forgeries_35_7.png
0.0958195409606068,0.5112782436049423,0.4453913618469981,0.9710023986386341,0.16481278986463557,0.12374822942163106,0.15493420632058327,-1.2200859921791731,-0.9925425384264375,0,forgeries_35_8.png
0.10293542074363993,0.5107948578671012,0.44771567963609216,0.9762664471541272,0.14330863121185702,0.0838237531579616,-0.37927326612064965,-1.3376873911128375,-0.7057707297839078,0,forgeries_35_9.png
0.08822183904001125,0.4602501530745759,0.4780966883885342,0.9623173626420877,0.11639081687132942,-0.090936631495173,0.0535729941809184,-1.4166365154411589,0.06643018108004739,1,original_35_1.png
0.09584534967555876,0.38922809491995153,0.5039181495578698,0.953971441935798,0.12623145400593472,0.14870683858537664,0.4644635220106149,-1.4202666302708231,0.3309907526528173,1,original_35_10.png
0.10537619822752758,0.40634492259397686,0.4855616282216034,0.9483069309297047,0.14011302831720074,0.1739755962660986,0.38356325197701613,-1.3952857745002254,-0.17771433820582994,1,original_35_11.png
0.10270789387937096,0.41351932734379504,0.5318185980259997,0.9472603037575704,0.12396762642048395,-0.04421324037580737,0.11661594483170856,-1.475486324717646,-0.09932670760795048,1,original_35_12.png
0.10062770562770562,0.4560566020342316,0.5250813143263132,0.9707355009162046,0.14093003516430216,0.01120081537283553,-0.24685943157834186,-1.5733401157995122,0.1100378068357295,1,original_35_13.png
0.09864409499358151,0.49929700750850536,0.49318226814494553,0.9520924010719969,0.13217942860214477,0.061069766546380536,-0.32688812630703606,-1.537478395045939,0.2278854914827808,1,original_35_14.png
0.09188329115865347,0.3626353246632821,0.46789507991079127,0.9527424183452785,0.11883569285696576,0.2150686878632532,0.5417459326149672,-1.4314758520273188,0.5222036190833723,1,original_35_15.png
0.08046558704453441,0.40591818806813845,0.5020475319403531,0.9639316796273928,0.1103194299895925,0.16197947330824114,0.5008321956634247,-1.4386579818386938,0.43714590571394707,1,original_35_16.png
0.10502921005842011,0.4040541183863504,0.5078464718960877,0.9648628663481085,0.147525776873952,0.028512576174095056,0.16639992197803,-1.42330692605462,-0.12959335870100874,1,original_35_17.png
0.11347246503496504,0.4619775367116033,0.494001063933659,0.942130656514117,0.15729486160021205,0.18229463095493306,0.09229264260364069,-1.2214183256845264,0.15664097974397606,1,original_35_18.png
0.1296176720475786,0.45526564697695165,0.5053687371883492,0.9686981958774846,0.15064976103013786,-0.06468785476935882,-0.05420068982002639,-1.4274196987086774,-0.4835786381223959,1,original_35_19.png
0.10253968253968254,0.4108015135878913,0.4940822644847413,0.9586911409639057,0.14021125741571408,-0.026041964020175556,0.25352728856185086,-1.4554116936993755,-0.08520246675066057,1,original_35_2.png
0.12805662805662807,0.47247951469057,0.4966143216080402,0.9601881299365874,0.15221631544727884,0.062317365990864224,-0.1349727094368627,-1.3906956915682982,-0.5452376623293307,1,original_35_20.png
0.11274763135228251,0.4369936526799272,0.48699225990607664,0.9474678135819542,0.13917142148350287,0.12137778363229208,0.32034693989368684,-1.4704768599406939,-0.5149655738985448,1,original_35_21.png
0.1481389475427483,0.5200307722450486,0.4839806402805184,0.9654998372540825,0.1694529955008288,0.1096022623840836,-0.2681900658184731,-1.4414378515122352,-0.6642802576541662,1,original_35_22.png
0.10005350454788657,0.3652383139103035,0.4940246729302979,0.9597858505807202,0.1343390804597701,0.07118388441335076,0.5112506036088069,-1.432606313773726,0.4428446280697895,1,original_35_23.png
0.12527926177756193,0.5427314836475928,0.4749316796300189,0.9241789275343834,0.15132582424029098,0.04506365066195507,-0.17175493070108733,-1.4966204465260977,-0.5492801345000236,1,original_35_24.png
0.09633780198296327,0.41490112080345815,0.49679831709067956,0.9489744429837218,0.11120514215478854,0.0584146018250722,0.29556207975015597,-1.4889835560794589,-0.3284853034792734,1,original_35_3.png
0.10106944933553277,0.4703911507033332,0.49658244055352435,0.9465962552982738,0.12244302234197822,0.0824175865166943,0.11456117297982257,-1.506150329781424,-0.20000319065478056,1,original_35_4.png
0.10556381900881674,0.40196414942134207,0.4952520400493323,0.9620766728367447,0.13195548489666137,0.1187328420853898,0.2012834107421053,-1.4409365954080549,-0.22497323740702768,1,original_35_5.png
0.09444682675814751,0.434323728201424,0.4878116396224036,0.9338469807237787,0.12184215378941546,0.12468166305020228,0.0560656670507357,-1.4088357759795442,-0.07997015573191302,1,original_35_6.png
0.08728398972301411,0.4215450879765396,0.38612313139260424,0.9374148380481628,0.10971509467350911,0.13557378799760184,0.17955687883364407,-1.4358088706347567,-0.1923438204736585,1,original_35_7.png
0.10204447632711622,0.4661068007868128,0.5028570042871018,0.9478506602154051,0.1251221657544957,-0.012697795180661367,-0.01774211794691211,-1.5073212297720593,0.07388218011637226,1,original_35_8.png
0.12157153446997776,0.526982198527678,0.4801790928497816,0.9514879534572761,0.15754623117301952,0.1549612164725976,-0.28228628945753315,-1.3268835432224282,-0.46166125313757744,1,original_35_9.png
0.09439545138083082,0.5243992505501914,0.43169668321888277,0.9586892558293583,0.14794271425323938,0.32391212876564346,-0.38414812519805014,-1.2056090159338264,0.5013717339243349,0,forgeries_36_1.png
0.10156334817066551,0.4443293233214464,0.4255780986192177,0.9605571493629125,0.13362376803313814,0.2980111505227635,0.3657387368256465,-1.1069432015644802,-0.16440769431820135,0,forgeries_36_10.png
0.08902868385627007,0.5134637173998055,0.43117412265420413,0.9682767558578181,0.127116138094182,0.30833250559125863,-0.08849737001354364,-1.2332913413204458,-0.660632202828555,0,forgeries_36_11.png
0.092732716385411,0.5450249486351629,0.4073666579374272,0.9737198219247722,0.15145587908424094,0.3372331577811379,-0.22883135214443964,-1.0629124740388969,0.1313369487959375,0,forgeries_36_12.png
0.08589825643412657,0.4909560723514212,0.4351880946526569,0.965678052490858,0.13113249444855662,0.2940077330700005,-0.13427887120257048,-0.9697983293217103,0.9643591251939698,0,forgeries_36_13.png
0.09484974298141557,0.5278465346534653,0.44153798223051377,0.9485294012823899,0.1403034180222994,0.42269216316239416,-0.28928439863729216,-1.0630563954314467,0.25623203091244795,0,forgeries_36_14.png
0.07612382128643964,0.5750427907449356,0.4470784866569047,0.9666135762509536,0.11673982322169442,0.28483749339087727,-0.6375629727365851,-1.1026157170811557,0.8270241489141892,0,forgeries_36_15.png
0.093015992003998,0.5254977727165072,0.4561567716253805,0.9574372996341821,0.13357454697685545,0.29593779671413484,-0.34254921730964444,-1.1093046634184487,-0.07906277612964185,0,forgeries_36_16.png
0.09487634202453987,0.526993480045466,0.4003311550757225,0.9553369542836079,0.14611012695600828,0.5095947013245025,-0.27604513305948375,-0.8599851208156464,0.05793654710621299,0,forgeries_36_17.png
0.09560926773455378,0.49215562998854595,0.4657389547166345,0.9670920050992997,0.13931436907366884,0.2627085614180158,0.05307340306937933,-1.20204141727816,0.026423707771409344,0,forgeries_36_18.png
0.07192297149122807,0.561447911703986,0.5011354090920489,0.9484694155258072,0.11497589833479405,0.22147079257334737,0.23050579531704657,-1.3709298866112145,0.1764279269623379,0,forgeries_36_19.png
0.10151964011411016,0.48877809833436475,0.43514622817513926,0.9634398733990693,0.1430614611519134,0.4172146558371944,-0.009137002163511956,-1.0819590660024219,0.13334201728070694,0,forgeries_36_2.png
0.08484418232124655,0.5229832653936923,0.46117533282550827,0.9492006700199458,0.12531254200833444,0.23138699363712817,0.06973682444160122,-1.3086531978476275,0.4800623615020001,0,forgeries_36_20.png
0.0856425702811245,0.5284157874169598,0.4378741225158548,0.9512911453925241,0.13245752973694835,0.29055820230809887,-0.10121122672507317,-1.1066622040489649,0.06590643100175653,0,forgeries_36_21.png
0.07920811858244436,0.4993227780113026,0.4781326901651587,0.9564422970396401,0.12468161378573,0.07701948078546625,0.12563559251055118,-1.3043271015908748,0.26995944027288354,0,forgeries_36_22.png
0.08096564531104922,0.5143428851889607,0.47711887988778434,0.9710890756514703,0.12357498267934748,0.16643870956032691,-0.27299515222564186,-1.1846454339818395,0.46573863846861263,0,forgeries_36_23.png
0.0966434655188204,0.47226591476652646,0.47913465394495997,0.9790800039974051,0.1383344803854095,0.19755798923614504,0.16561484942929372,-1.2395236049898832,0.44128812605201384,0,forgeries_36_24.png
0.09491525423728814,0.46840327101009716,0.4218731393641091,0.9703756297328409,0.14145513271771087,0.2844100560113349,0.011682187635471667,-1.1705236459099366,0.7670551030850641,0,forgeries_36_3.png
0.09179819236476461,0.43968215092388496,0.3981415375990686,0.9737874448953671,0.1350421696709112,0.43605820450827465,0.5534074881589041,-0.9680310028159496,0.03904428513634395,0,forgeries_36_4.png
0.08489035087719299,0.5374184104021356,0.4270222912616079,0.9402517561402872,0.13564370313266522,0.15435868496725474,-0.2693856069841215,-1.1700050171532506,0.4069172070697271,0,forgeries_36_5.png
0.08546365914786967,0.4722088395475492,0.47967078824464227,0.9665721192782397,0.11794206658019887,0.09827210981260977,0.20607121608013043,-1.2988120630922448,0.3690639675878544,0,forgeries_36_6.png
0.11803713527851459,0.5198816983578219,0.41684134056567224,0.9624563087883651,0.1742279645671218,0.2010376413255105,-0.056912883841244606,-1.2241656874103994,-0.5262847340314565,0,forgeries_36_7.png
0.11386308909528724,0.4654221708824517,0.3890648280654641,0.9794548381543833,0.17345735621642866,0.4231023666113781,0.2072538319255096,-1.0198044901321481,-0.3793719157115243,0,forgeries_36_8.png
0.09091527267781858,0.494558568587547,0.45981445760999357,0.9678129720674423,0.13080911848155757,0.19075073318252217,0.11297522326759929,-1.228433686679239,0.16570346099999478,0,forgeries_36_9.png
0.09956909818405664,0.4955485054728526,0.43694645050430186,0.9328970476026375,0.13614683189151275,0.351961593271431,0.20805258224620102,-0.9056723155325548,-0.2137642691015138,1,original_36_1.png
0.0983241305821951,0.41427745113618303,0.4583848873504046,0.9731683545408227,0.15612022026025163,0.1917443034293724,0.5445940947472803,-1.2505921213939686,-0.40436778803275475,1,original_36_10.png
0.1151768115942029,0.4211443527280048,0.421186205769674,0.9625831562840221,0.1539295896863766,0.3405024848237532,0.539237766813731,-1.0526385575162758,-0.44372955454406027,1,original_36_11.png
0.09875541125541125,0.44954067709599843,0.4528998398861412,0.9502109744954974,0.1436616306881831,0.28531772667787164,0.5426470943846574,-0.9344888070017232,-0.43289699697774386,1,original_36_12.png
0.11425414785606797,0.47407127912033054,0.4496955011062319,0.9317322692229647,0.13421647385262592,0.2894224065436089,0.27049321199602205,-1.2641453949956627,-0.8099961505353908,1,original_36_13.png
0.10737615677735438,0.4577366180187154,0.45133412907593046,0.9351285584229994,0.12941586533532898,0.2726637354610309,0.32597537826195816,-1.2000283502693092,-0.7001647845402199,1,original_36_14.png
0.08832714014061165,0.4391977150085094,0.40321644252120253,0.948316608009161,0.14519644393461428,0.44123415830825,0.4334352017163899,-1.0881038070434796,-0.43646029802749053,1,original_36_15.png
0.08698870345240822,0.4492770026167344,0.4270702851387348,0.964610685197906,0.13711872881826767,0.3718246389746365,0.4268826548415063,-1.1664503313886583,-0.4908222515581051,1,original_36_16.png
0.09930918819630236,0.47173784693062154,0.46642414371767893,0.9579462777470671,0.14289407911746962,0.25354728739252236,0.16184176081728688,-1.1881243488604907,-0.6575258723319211,1,original_36_17.png
0.09163324726693402,0.42973764700814204,0.3951108226568592,0.9545694377646049,0.13612252115013193,0.46331413982289893,0.43227141528852453,-1.0557669353557704,-0.6143313821031167,1,original_36_18.png
0.08545381320250431,0.4353161833881628,0.3949755941084896,0.9746347642235691,0.1359624850726706,0.37680567908733953,0.43036775519678055,-0.9276878153101578,-0.6688887760099536,1,original_36_19.png
0.10087226714585205,0.49407228716933665,0.43871438224715514,0.9613241876010318,0.13359280101142815,0.36810087619881976,0.267264258239098,-1.0779678070582464,-0.45394813802406064,1,original_36_2.png
0.1024025974025974,0.43767093893916975,0.44050185705226924,0.9611257159395562,0.1317533697226245,0.3126639239409835,0.4710750653773001,-1.0090460764013593,-0.6015699933641212,1,original_36_20.png
0.08485842541436464,0.38776999038910087,0.4089744404883011,0.9415635216167663,0.1029125400448083,0.4123685749226403,0.5503598266094045,-0.9523979942050689,-0.5292783020846361,1,original_36_21.png
0.09358910936440755,0.4386615563456665,0.40968762055241015,0.9605038324313645,0.1405574970419086,0.43582419736866435,0.42912533266687697,-0.9350788906141028,-0.6324715090791595,1,original_36_22.png
0.08671991735689645,0.42608378377997635,0.44079224535288236,0.9713745566581565,0.12926909750866195,0.2691684048666193,0.5299991469730294,-1.2105391057869215,-0.4254114540728908,1,original_36_23.png
0.08512202072927448,0.44107050526359326,0.4413702833176169,0.9190400208001902,0.1502395891245069,0.43669535872786824,0.512685112612554,-0.9371048748467858,-0.4588787588135723,1,original_36_24.png
0.09721057046979865,0.40665349000528517,0.39834007551240563,0.9539475880183894,0.14352066883418485,0.38717568706807515,0.5485222815528311,-0.9422091847217948,-0.6230586848355788,1,original_36_3.png
0.09883338810384489,0.4574317881766173,0.4209634201275211,0.9623196374104032,0.12725782138418004,0.40377606041948005,0.5003271909168485,-0.9884764593457818,-0.4869386621508798,1,original_36_4.png
0.09672032721678112,0.4844528826244574,0.4416793681585146,0.9628749285354009,0.1310337815510536,0.32647142262219275,0.3231548427913682,-1.0895809955753355,-0.14610160937166095,1,original_36_5.png
0.10003591574588554,0.44331972146122095,0.3887780461115879,0.9576155607046687,0.15141824693805764,0.4536325278915973,0.41459319457281196,-0.8518673166136739,-0.5150804376267653,1,original_36_6.png
0.09727727727727728,0.4331816484111195,0.39439490941857686,0.966624778196241,0.13873740113639607,0.5421731754627289,0.44814615307741307,-0.771245674924308,-0.4165609966514858,1,original_36_7.png
0.10724156992813709,0.496818191809729,0.4216523092627658,0.9685003835078805,0.14407723728184182,0.4294117200224568,0.2586586769645174,-1.0147465132070355,-0.21736277723806552,1,original_36_8.png
0.08729458655950864,0.4082930629968134,0.35921975880640955,0.9656191171102323,0.15896246058659053,0.5763455374681596,0.4406173659248377,-0.7395687192175373,-0.4988835771811053,1,original_36_9.png
0.0617628109822579,0.5031849935772229,0.41438552946976526,0.9690315795889154,0.11811396753939107,0.3779768689944435,-0.19316512805986416,-1.227882256311108,-1.10072679233484,0,forgeries_37_1.png
0.07623102361794651,0.5174546902058716,0.4499238123943001,0.9548160422533873,0.14899735342019543,0.15722412439925001,-0.2500922080745466,-1.0543450530301468,-0.9612768569626087,0,forgeries_37_10.png
0.06778443405415936,0.5536614066548334,0.4655585356235122,0.9670827502886731,0.13124145409967466,0.11975353223371255,-0.37568506135751567,-1.2125877677430263,-1.0156431813740336,0,forgeries_37_11.png
0.05970770421989934,0.49050147048607096,0.45993451829476956,0.9515706751623529,0.10542415749538588,0.22860226337805112,-0.08063339100665054,-1.0960415036619033,-0.9553465746131744,0,forgeries_37_12.png
0.05828651685393258,0.5121772534371892,0.4355217646354838,0.9468070168290466,0.10463140586462044,0.2419515361840909,-0.27121870349611843,-1.2037249933593581,-0.9674975452404633,0,forgeries_37_13.png
0.058129171330265725,0.5126983073990997,0.4380073849990895,0.9467518995579796,0.10418098404502313,0.08999403527760237,-0.2828036302933721,-1.3139753617732033,-0.8956300841460085,0,forgeries_37_14.png
0.047145451213620536,0.4941943793137611,0.47511573855369327,0.9751522732646855,0.11971488398654793,0.09720804412408664,-0.34710724208539695,-1.3268354922394263,-1.0280922299909865,0,forgeries_37_15.png
0.06686919477617152,0.5090027728864331,0.44382920779787616,0.9564391787150921,0.12185034359888013,0.17919241652942258,-0.12173284565429761,-1.2448424800191125,-0.9663989427116082,0,forgeries_37_16.png
0.06402222222222222,0.4595952794168691,0.4281446449920938,0.9397060981482328,0.11704245378834044,0.20777341785910125,-0.06350592562585197,-1.2529737476358205,-0.5840455302950125,0,forgeries_37_17.png
0.05173798983439908,0.5140300449543915,0.40330083646765463,0.9772347643583233,0.12379850131429244,0.30940348313575516,-0.34342822488383856,-1.3599273393686422,-1.250688926764852,0,forgeries_37_18.png
0.07915830295085549,0.5140779204142402,0.46954149367516845,0.9441542032253358,0.13949179460031763,0.08987160846101146,-0.11372749663917586,-1.2947759392737987,-0.9538692545783536,0,forgeries_37_19.png
0.0611037413568435,0.5187170531189431,0.4738071302510683,0.9399597442788833,0.11296798697775366,-0.043753598918775664,-0.31521536581004717,-1.3180098602707873,-0.9790972981822352,0,forgeries_37_2.png
0.07165389815232087,0.48411433250454833,0.43475743402909395,0.9409354969078326,0.13752133834073063,0.10967393321855277,-0.11195759374227492,-1.2661638604118388,-0.763143968815815,0,forgeries_37_20.png
0.044905483066469076,0.4039433178382098,0.45900181281611724,0.9690137080249245,0.07693165071148154,0.19481698580293563,-0.30865444985118673,-1.3432251769586705,-1.1858010758398978,0,forgeries_37_21.png
0.06322885915876306,0.527786658547106,0.4474966525531068,0.9596648530420064,0.1276442866501828,0.16249042205543712,-0.2996431917424905,-1.1828160649121366,-0.9195166925558382,0,forgeries_37_22.png
0.06826386609780112,0.5095338100527631,0.47243249805749804,0.9329121294512,0.1249549441307221,0.0671519487482779,-0.299507872220302,-1.2600929818423336,-0.8330200518227775,0,forgeries_37_23.png
0.03875677930746767,0.5323836627103897,0.3480696852407454,0.9715398708341066,0.10052299368800721,0.05711572264229398,-0.2546450558072255,-1.335714773779365,-1.2904657461582683,0,forgeries_37_24.png
0.07824533545057563,0.518409957483954,0.4131323380942864,0.9602574879557153,0.15487571701720843,0.3259506421832309,-0.29445116632726964,-1.1579400680676695,-0.9508282366110499,0,forgeries_37_3.png
0.06877524185216492,0.4780059286716849,0.4343405366857845,0.9266218638760241,0.11536492181653472,0.18359722370792478,0.03170361397011283,-1.1895504568321134,-0.8489807593888368,0,forgeries_37_4.png
0.05039751187014612,0.5406189994929794,0.35571209576681606,0.9646721471063033,0.0837474579122005,0.25461775378772417,-0.4587159484423213,-1.0836091765480205,-1.0421267580973297,0,forgeries_37_5.png
0.07802402101100717,0.5201610534200902,0.45485391021249005,0.9622613319851064,0.14371517869275716,0.1773108769285828,-0.35597991511135746,-1.2899052448788177,-1.0471949617086715,0,forgeries_37_6.png
0.0679100790513834,0.499361607598595,0.4323782511822481,0.9268913662808856,0.11806137129850329,0.16215457965104588,-0.1105546283066712,-1.2465018215417718,-0.621789868927527,0,forgeries_37_7.png
0.0632922936616507,0.5257662578468825,0.46026921935921344,0.9523103079775027,0.12563928490608736,0.014733611849759173,-0.35662603550545013,-1.2623982512173897,-0.8705928016875908,0,forgeries_37_8.png
0.06315467629972708,0.5435521889797228,0.45720148196300014,0.9737545532420497,0.12374633886571403,0.25762304333500036,-0.37180622119474505,-1.2150871442253801,-1.1027359061566502,0,forgeries_37_9.png
0.05701307776779475,0.5153240891290269,0.3701584385864639,0.9675060484513243,0.09491440917400698,0.2946005737714887,-0.5322142547102457,-1.2702041440876228,-0.6682484081224147,1,original_37_1.png
0.04540549772157402,0.5232874759559728,0.4848721309654803,0.9681253360599507,0.12664833380248144,0.033770479774768165,-0.4518609821730186,-1.0951804008446264,-0.9206670576427118,1,original_37_10.png
0.052689341506822224,0.5139130556430571,0.37473403871414757,0.9780650723604162,0.14565680861531732,0.43458660645655645,-0.5461580991436966,-1.0707073319661558,-0.8924826532332273,1,original_37_11.png
0.06696264609933675,0.5013372785594111,0.4132350193405527,0.975921509157998,0.16453008466703825,0.3271597582990013,-0.47067179239641965,-1.3471224325372064,-0.8657460058771802,1,original_37_12.png
0.04718294503430114,0.5059134211807723,0.3758485517411675,0.9779278452313295,0.09331099795996219,0.3479089938465658,-0.480193496000768,-1.3659212234386002,-0.85843582500023,1,original_37_13.png
0.042247091970848874,0.48492704876863924,0.381687301769269,0.9823830461158575,0.08825463632776535,0.17646988204954753,-0.2926917127402382,-1.4945412945275474,-1.145610476655405,1,original_37_14.png
0.052251521298174446,0.5417056768359517,0.3920854304990362,0.9738166467122977,0.12387891028877829,0.1859937903648349,-0.47691630281723274,-1.4120649415960067,-1.0725910389781654,1,original_37_15.png
0.05250155917157367,0.5159600560181918,0.39878874428932176,0.9751852915021152,0.12676497046974616,0.28220008740270475,-0.4267989636370135,-1.4155940312769169,-1.0055263577949258,1,original_37_16.png
0.04577186038143217,0.5245774123536587,0.37525292003593885,0.9800227004354358,0.12621802377503027,0.35451345236048165,-0.4295259906916123,-1.40982710726609,-1.034602214164822,1,original_37_17.png
0.0530359820089955,0.5081666637655428,0.39006430656453706,0.9773603485904766,0.14243600805291917,0.3140678647888643,-0.4509313130276979,-1.3688086504186916,-0.8927842985370238,1,original_37_18.png
0.04569886685755704,0.501977377441363,0.39206672608054516,0.9763170799647563,0.12190126150960011,0.2256124807400291,-0.3644007886764807,-1.4321154202568893,-0.9337489772152421,1,original_37_19.png
0.057679163983953244,0.4854543369791529,0.40717730424574117,0.9738452295426558,0.09676776069796426,0.2320241179140815,-0.3140591868146618,-1.4247493046412074,-1.0304521960507724,1,original_37_2.png
0.056605215397841246,0.49742811386602814,0.387615650494024,0.9741777604927511,0.14039327173655533,0.28751228567327636,-0.3248426504915795,-1.340922256363455,-0.912794396208708,1,original_37_20.png
0.04894464356829948,0.49022893248550964,0.3793238667681566,0.9714445641892006,0.10512000273705459,0.3632614820732022,-0.4024916749620649,-1.3849758068780051,-0.8494175507334232,1,original_37_21.png
0.04745257829019463,0.4962591615776651,0.3660856566718815,0.9747752195325238,0.12527759101929384,0.32233263263628087,-0.3361726196472419,-1.3724968209782984,-0.8941050287266266,1,original_37_22.png
0.047821969696969696,0.48683493349334933,0.3886236592409241,0.9748848216098335,0.1316018068102849,0.36566557990557813,-0.37486809968786516,-1.348910637420464,-0.7383541824375075,1,original_37_23.png
0.0554789483360912,0.49190756622405335,0.40672776152714607,0.9648088957729463,0.12965946933075517,0.24876101143384277,-0.4314754394897816,-1.4181578478405557,-0.9326178325618844,1,original_37_24.png
0.05199779173279967,0.4989647717181344,0.3646539019459576,0.9711661981557512,0.13892601982023509,0.38678143749990984,-0.4327469410799038,-1.3145706504801362,-0.7838219970467502,1,original_37_3.png
0.048359270787016455,0.4850033057886379,0.3807576314821626,0.9797318641072206,0.13937871642403116,0.278116259407382,-0.3134641242988555,-1.3891804695640635,-0.9315758545256525,1,original_37_4.png
0.04682279469164715,0.5051583861287096,0.37870865880612303,0.9722163873948589,0.1214907838768483,0.30462481836059346,-0.48712826004360427,-1.3926080990667762,-0.8485044168701976,1,original_37_5.png
0.05735492577597841,0.523460333610003,0.37077335873620704,0.9737078727112081,0.1562014079330525,0.3796986456862929,-0.5760788728754552,-1.1368491738913187,-0.8070565317840908,1,original_37_6.png
0.044396927219450384,0.5160025655571997,0.36940855294792846,0.982186922943672,0.13752667860559822,0.4389923814655547,-0.5250479290421314,-1.2837170212607478,-0.8868395527296209,1,original_37_7.png
0.05168064871732591,0.5028968076039053,0.38618363936670075,0.977687790842003,0.13518731213802204,0.3283273609260275,-0.4426346075757967,-1.3866495630775435,-1.0092301628852178,1,original_37_8.png
0.05099570094381578,0.4979461884421542,0.4012751281040599,0.9810414077257038,0.14610941216445802,0.2164634073622699,-0.37512393742271666,-1.3942771780660945,-1.041900316569989,1,original_37_9.png
0.07408214402440352,0.3657164325584248,0.4114542832058196,0.9843758990933477,0.12435991221653256,0.3058048759332267,0.5033170504432403,-1.2019699288021333,0.39235606463808415,0,forgeries_38_1.png
0.0566998656968472,0.4938695761283924,0.39411962852565735,0.9784607736111642,0.08935082351955073,0.3404579935084517,-0.6215109453905102,-1.2163879478214015,0.4223332971430107,0,forgeries_38_10.png
0.07599093391394357,0.5922282830429968,0.4332003844912668,0.9757325234665498,0.1287805468182918,0.2946436002149793,-0.945776189110143,-1.168376202840312,0.5012735795655932,0,forgeries_38_11.png
0.06732394366197184,0.5458355005419089,0.433165916586913,0.9891332934910307,0.08932111403594294,0.34496045848752177,-0.41832957402656296,-1.2384793967982575,-0.348959079407845,0,forgeries_38_12.png
0.06424132680357217,0.5336080556956427,0.4088556865009494,0.9830616612614654,0.10159673710244284,0.4190957378571349,-0.6865127759663284,-1.1423561121092405,-0.11925686242045508,0,forgeries_38_13.png
0.05971004116699481,0.528733769740964,0.38406052200182456,0.9603230228977035,0.09505717867862164,0.5199796490826503,-0.6329999482749562,-1.1170096181433546,-0.23934596257011265,0,forgeries_38_14.png
0.06263143331488655,0.5774116293446356,0.4085079267981852,0.983694608236504,0.1036401098901099,0.38540692704306284,-1.1322049846230744,-1.1721504868071106,0.41722704161798596,0,forgeries_38_15.png
0.06424132680357217,0.5336080556956427,0.4088556865009494,0.9830616612614654,0.10159673710244284,0.4190957378571349,-0.6865127759663284,-1.1423561121092405,-0.11925686242045508,0,forgeries_38_16.png
0.05971004116699481,0.528733769740964,0.38406052200182456,0.9603230228977035,0.09505717867862164,0.5199796490826503,-0.6329999482749562,-1.1170096181433546,-0.23934596257011265,0,forgeries_38_17.png
0.07771779071739499,0.5364994592318221,0.3904120639842924,0.9840702264684225,0.11513095911060862,0.398416840301141,-0.4621971901554463,-1.091612710361278,-0.870316835601626,0,forgeries_38_18.png
0.06862312130493625,0.6220310859471029,0.4248159879305348,0.9832163233878721,0.11116495892181298,0.4027775235792406,-0.9214419699585328,-1.130781811878149,0.13045295040281646,0,forgeries_38_19.png
0.02564808774854437,0.43334744144274345,0.41954010385309054,0.9716953847026545,0.03568427350772106,0.3571808561872674,-0.07562252945483176,-1.0410319531203565,2.731225814904681,0,forgeries_38_2.png
0.0625,0.623756490906566,0.40331860989327634,0.972192840293238,0.09397427486531083,0.42225858970289465,-0.9307218032541542,-1.2268108163805547,0.1340898100009822,0,forgeries_38_20.png
0.07943270060396894,0.6841450197115327,0.4273503203380336,0.9851009585170246,0.12275,0.33385454084250027,-1.2030313981627423,-1.101291614627843,0.4026661293931202,0,forgeries_38_21.png
0.0702392397831933,0.6356430461703394,0.4489788839570531,0.9837253253411783,0.09440958891281956,0.17187863052737246,-0.9481295270227327,-1.3410930627307585,0.26358763129061114,0,forgeries_38_22.png
0.06492201494167504,0.6004871312709004,0.4604609943778253,0.9854405738726713,0.09845406360424028,0.1409744545776734,-0.91558974803859,-1.2617000137964562,0.4451628949340032,0,forgeries_38_23.png
0.06263143331488655,0.5774116293446356,0.4085079267981852,0.983694608236504,0.1036401098901099,0.38540692704306284,-1.1322049846230744,-1.1721504868071106,0.41722704161798596,0,forgeries_38_24.png
0.051150483202945234,0.5571889777602229,0.4449655828007367,0.9839180692565612,0.07122374765711356,0.1783080652464028,-0.6343986699236849,-1.3852042431912113,-0.26699932685410444,0,forgeries_38_3.png
0.05329588842258055,0.3959058074537516,0.416117471964471,0.9749957573924147,0.09604412684572664,0.30420251390303205,1.050835870625883,-1.230971159735545,3.1036945951343746,0,forgeries_38_4.png
0.08208422555317631,0.5886767834919105,0.4588061485993169,0.9837739495073995,0.11178757802107848,0.06835901327084362,-0.512842834766619,-1.337970974887085,-0.8548505896132017,0,forgeries_38_5.png
0.04478103692856816,0.4729314650595923,0.39867536769033685,0.9733679412670037,0.06832367520770788,0.44911944210301785,-0.6402743415473875,-1.2819345108163733,0.22563589942702267,0,forgeries_38_6.png
0.04965756746793939,0.48272467920497,0.423451571474411,0.9659068535218704,0.08694249125309964,0.3315692289749293,-0.6648027650511296,-1.2764859229537204,0.8971698131484351,0,forgeries_38_7.png
0.09091642302651477,0.5946699872426401,0.45972865014781183,0.9862195232656614,0.11913443246670895,0.12511300797976754,-0.6657240289881917,-1.3867533863631025,-0.4256028045132556,0,forgeries_38_8.png
0.06290571148367814,0.6624765328317082,0.4343337929084032,0.9797263755504799,0.09478572936457674,0.3396827292372799,-1.224312844476321,-1.2058301699468408,0.5915128304349446,0,forgeries_38_9.png
0.0567986922499732,0.3167361964713624,0.3884293311693522,0.9847543534571623,0.09906288705568927,0.472100605503166,1.3866348878382344,-1.2346918009911958,2.406885816094846,1,original_38_1.png
0.057525673940949935,0.3151129366942205,0.3781334874844014,0.978646367902879,0.10085333833458364,0.4519090691549367,1.466493306382509,-1.315874466232239,2.40932991218698,1,original_38_10.png
0.0745313444869986,0.3293977639819425,0.4012374274581765,0.9830239929008335,0.12518338787947184,0.38322449062227465,1.0610080594722993,-1.2303353360125415,2.1715510995671155,1,original_38_11.png
0.04179399421423624,0.2470155862771264,0.385193409619981,0.9834769784636144,0.07478083365228644,0.4831282887022335,1.7294993056050252,-1.1715557412770383,4.117442135882797,1,original_38_12.png
0.06955426697124115,0.31991478696741854,0.4010965235968149,0.9924261976181481,0.12827090815802974,0.38257979302209744,1.140700349478041,-1.2266531479617708,2.2742787592616533,1,original_38_13.png
0.06284693667763158,0.36470585070322503,0.40505240812206095,0.9845823016721915,0.10302698375918944,0.37350487707934427,0.5358016680703189,-1.3711416764737294,1.7224640587838929,1,original_38_14.png
0.04916669057112533,0.3719602719389069,0.3845092647824196,0.9705954842612032,0.08697270051757383,0.47077188925102254,0.7058320068894064,-1.3049111358103929,1.9489242887401765,1,original_38_15.png
0.06116644583542742,0.3446301001020563,0.38942361489454985,0.9793454591984458,0.1098664368806549,0.4526009216088876,0.8995198442436239,-1.2035854001784607,1.8336958702268538,1,original_38_16.png
0.06435181584882184,0.3320359398909248,0.40096564172762234,0.984849915659578,0.10608974358974359,0.40706522364568976,0.8157536280313384,-1.2203205803589245,2.3872784295105722,1,original_38_17.png
0.05820845820845821,0.34632568042179024,0.38976993427794343,0.9775041211843037,0.10631525595539787,0.4532197526998577,0.7594894899297143,-1.2607024217613791,0.9074525754705984,1,original_38_18.png
0.0694305970975961,0.3100195270236801,0.4079006747209509,0.9854645186813272,0.12563267351540966,0.3979902150066846,1.132846252251563,-1.1842778826836065,2.1070561319250247,1,original_38_19.png
0.061900882552613716,0.42263508079257145,0.40835454947108935,0.9828978332019437,0.09781582560933745,0.4266509265581947,0.09834406648734756,-1.3096970505469143,0.44516825588299724,1,original_38_2.png
0.06346866921664268,0.33053658780385714,0.39494451605222614,0.980294995386746,0.1129804689126723,0.45095677729290684,1.3232743446237283,-1.21027756513347,3.3334746546237968,1,original_38_20.png
0.06465165130120201,0.3149558091925685,0.4233219042025806,0.9763141673016872,0.11249301995025128,0.3227002023262866,1.6034692977623852,-1.3654379406330095,3.4388439078966098,1,original_38_21.png
0.0727134093508474,0.30360491647001825,0.408605195323443,0.9922573662435993,0.1264769713045575,0.34378698383006767,1.354339893472437,-1.3202098206112023,2.9901124189065955,1,original_38_22.png
0.061761496854469904,0.40987743494179685,0.3916162339282423,0.9786453845217226,0.09902114039005508,0.5575839601006299,0.278414578955515,-1.102597897112713,0.7337587151348668,1,original_38_23.png
0.054313858695652174,0.33611936279619203,0.3933019731535108,0.9707676708766397,0.10019424775988471,0.5093500105954042,1.516498125696092,-1.160326265323703,3.114879049453765,1,original_38_24.png
0.06445406445406446,0.3605601728964507,0.37779328465895634,0.9845520934779055,0.10977179637214746,0.5991772994193588,0.7122795125956543,-1.0240115090277222,1.8437246691970381,1,original_38_3.png
0.057034845496383955,0.330907638877047,0.3960596866655561,0.9840186056604757,0.101541924592009,0.5129039082368487,1.1184031667723633,-1.1464533326707018,2.300452597625262,1,original_38_4.png
0.07142342964914554,0.3312744516719463,0.4117942436209535,0.9893906973798324,0.11012453106617238,0.44371667268842735,1.142521709466013,-1.2841947191766652,2.73656854267026,1,original_38_5.png
0.06024564969199694,0.3223299085503739,0.38759242272093514,0.9844914680914177,0.11096732449045617,0.4479525368650131,1.3190618471355011,-1.239790675829517,3.1052374410331653,1,original_38_6.png
0.06621704475781728,0.29543650793650794,0.4029620688284852,0.9891004309723576,0.12043490381934764,0.331335426655495,1.4092451169753704,-1.3659965452290226,2.5122448186048487,1,original_38_7.png
0.06078980891719745,0.3412528496911389,0.39051424979044425,0.9846985919347934,0.10843236610693267,0.4861537772738696,1.3456472443590983,-1.2525527352011752,3.3564069396455407,1,original_38_8.png
0.04692325968163459,0.3418863001691841,0.3689821539738535,0.9683232002692004,0.08799613856607136,0.5968029337831159,1.373388994698635,-1.067692435405247,3.1677217680554266,1,original_38_9.png
0.08177258698092031,0.47744331585206556,0.46868918833051365,0.962359305987309,0.10610749556273609,-0.05232247015860153,0.22163587251516284,-0.991642593901382,-0.7146228274978221,0,forgeries_39_1.png
0.0917782978935312,0.5121186247004869,0.4503945131820035,0.9753539334160404,0.149886141834743,0.045602511473826185,0.13911173416242592,-0.7608335504768875,-0.7554435252696301,0,forgeries_39_10.png
0.07302912092896671,0.5236138290932811,0.4404261445436222,0.9784804633079928,0.12328032874754333,0.1628665735890507,0.10629989353274152,-1.1129784119055641,-0.5818819863780234,0,forgeries_39_11.png
0.034308243610569195,0.33519958453975685,0.41577181620008175,0.8742470273026859,0.05526990597672431,0.5179662844979701,-0.41507145888589037,-0.5893101872926376,-0.755080097104404,0,forgeries_39_12.png
0.036413522633995075,0.2528831125289051,0.48267625349654153,0.9752626285881554,0.07477058493039515,0.07911861683061787,0.1892042316635286,-1.21271999851349,-0.010081455783357285,0,forgeries_39_13.png
0.06497196586016549,0.5556224510175668,0.40136690338822806,0.9599532499014036,0.08466169238595896,0.5310762873826301,-0.5778491875154829,-0.8895467938908581,-0.3717261090720556,0,forgeries_39_14.png
0.060295068477046965,0.540683080914911,0.42624803435841274,0.9713656736245568,0.08930872366359045,0.2578612323607909,0.04879593440844505,-1.135202440285637,-0.38358969489166617,0,forgeries_39_15.png
0.07269180095267051,0.43694837752000526,0.4404147155247751,0.9744760621649765,0.10440510198511618,0.1948774207827725,0.5649110411322619,-0.8633303854830618,-0.03611630714649072,0,forgeries_39_16.png
0.05678580678580679,0.5939859582961066,0.3704278834593218,0.9514698530496035,0.09571548847796937,0.6326497952555106,-0.8312779713062487,-0.4006404570920532,0.07865746158100473,0,forgeries_39_17.png
0.07597326649958229,0.43172286334926824,0.43926021343219496,0.9842776754402037,0.11106226032583474,0.24328914121104883,0.43492243124880414,-1.2061506211583621,-0.3210229505211344,0,forgeries_39_18.png
0.065086782376502,0.4397033050094275,0.40717423801535957,0.9545047471105742,0.09929198389990786,0.27362580091388816,0.3985264819493544,-1.0423272896196745,-0.484876099225072,0,forgeries_39_19.png
0.09106397478490502,0.48505232014271105,0.4564368465958737,0.9738574099881142,0.10642746206841623,0.2590439303188879,0.07361744688655913,-1.1247553553388443,-0.7918456986931104,0,forgeries_39_2.png
0.06623806521347506,0.5229007776177588,0.44662099464140914,0.9627574333110672,0.10624503359098461,0.11674148246737945,-0.23733105670540974,-1.1716362671430829,-0.8489040915258173,0,forgeries_39_20.png
0.06920892271210742,0.49887333781756094,0.4407182311095321,0.9604365297414516,0.1067018088294684,0.29950692912761934,0.41540877658133457,-0.9237439228220259,-0.8314257958452393,0,forgeries_39_21.png
0.07911348259747507,0.5267181703731653,0.3971637863710452,0.9785906080364803,0.11476778306182334,0.40359832764207976,-0.17352057477890834,-0.9661915745798964,-0.8429737500338601,0,forgeries_39_22.png
0.06595585738539898,0.5196856565871286,0.41649830919968783,0.958891979623441,0.09561690229590832,0.27437346090410714,-0.29775635734976097,-1.013857777216114,-0.6401816408087311,0,forgeries_39_23.png
0.05717531238167361,0.5696755443327457,0.48553224119902405,0.9800119154484704,0.08755653484866056,-0.07038574017434285,-0.2734182103355637,-1.1843449042748821,0.24909537399639792,0,forgeries_39_24.png
0.04228573336449534,0.6843720269491887,0.5007393244207017,0.9516297527454004,0.06269103688945538,0.05271008465157034,-0.7721197718327212,-1.0090845931161803,1.1992601838698267,0,forgeries_39_3.png
0.07198162171360503,0.4315270896078241,0.4275244033955104,0.9446301729047997,0.10148346595225718,0.015639030500227108,0.38985691036733183,-0.7385565422248668,-0.727637481725123,0,forgeries_39_4.png
0.05806981190626345,0.630596371701225,0.45525107202428494,0.9789842680635716,0.11550944823878458,0.32405572775255825,-0.7464624817591494,-1.1545801777953442,0.3578530214310285,0,forgeries_39_5.png
0.051934129089301506,0.5523706626068831,0.41101371531727215,0.9539378028227234,0.08271867903603429,0.5170396518981388,0.16445243606272025,-0.6831710992199969,0.12706202469260797,0,forgeries_39_6.png
0.07480440915568741,0.4241462323441062,0.43832857855131035,0.9604322875348525,0.11229234429915519,0.17397716749939304,0.6683268377664437,-0.848238339438955,-0.16879532021909682,0,forgeries_39_7.png
0.08584155265669742,0.4383630731758975,0.4864491721162752,0.9808483523090198,0.10949675324675325,0.06093912784016749,0.040942394794514454,-1.1623733804833971,-0.852862558808642,0,forgeries_39_8.png
0.07993207876370888,0.3760203262751212,0.40092169894526125,0.9820022304260515,0.12692640692640692,0.3458112764512432,0.7253588391809848,-1.26339890135302,0.27456677942447927,0,forgeries_39_9.png
0.13107178570346353,0.5650867615039292,0.4250364995787565,0.9729770563227442,0.1868143733264231,0.23640606488413396,-0.08552484350139025,-0.8389440326198865,-0.832173228340293,1,original_39_1.png
0.16279069767441862,0.5450742298120655,0.4591965951288401,0.9871021524943538,0.19637172951010584,-0.009436996345663291,-0.23643821314657804,-1.146781943183744,-1.0506256420013114,1,original_39_10.png
0.115192627671829,0.5131239316239317,0.4657056757256424,0.9786927843073827,0.1582528881152081,0.08872880664551783,-0.057569870634479915,-1.0003586932546833,-0.7548840793422253,1,original_39_11.png
0.0741388626851182,0.26295886131919144,0.45007402993814355,0.9810137286199514,0.12180625357368563,0.09025094569671663,-0.5785300702022164,-1.1333661076930424,0.05813247227981133,1,original_39_12.png
0.09999406492966942,0.568633952254642,0.45093131990722357,0.9713882271545405,0.13995215311004786,0.007719496578105124,0.014361424273316796,-1.0280135767229326,-0.9340983060309704,1,original_39_13.png
0.09580498866213152,0.5521424546149821,0.48346200073964496,0.9749617326927194,0.14652649832014739,0.0023299821868630454,-0.05091165114050885,-0.916272413456598,-0.5553933893284007,1,original_39_14.png
0.12340437738446976,0.5241698915014962,0.4455602992403476,0.9575382327784734,0.15401965522796843,0.11719617958847935,0.0978772087946515,-1.0670410219191202,-1.0790653029882684,1,original_39_15.png
0.11900001503284677,0.5154627793512554,0.45212996752122686,0.9737521621643233,0.14904633691702285,0.045472235938455036,0.015135057638172396,-1.1113340081304126,-1.2250931898362203,1,original_39_16.png
0.1037649606908288,0.48996820296284277,0.42702383955633344,0.9573276395707669,0.14858224585145804,0.16247526461963266,0.17793723887034416,-0.9163154554559063,-0.8109896709667859,1,original_39_17.png
0.12031055445689592,0.5150490150950456,0.4509405545811244,0.9752584223176981,0.15261260591645606,0.035712708403344486,0.056105908184565165,-0.9913224847779141,-0.9186999542442553,1,original_39_18.png
0.10268475306425971,0.5636598016420716,0.4381273628837387,0.9651595610064956,0.1488938464398587,0.14156559159213747,-0.01025455655312619,-0.9669734893176525,-0.6520539788845965,1,original_39_19.png
0.09669427337722092,0.6601052003687435,0.46247993650156016,0.9754825504259442,0.15379130467415983,0.04864268956893372,0.018328233993230587,-0.8959507299803682,-1.0707311460851652,1,original_39_2.png
0.09616796358831302,0.5096756182839988,0.4410112772844507,0.9782870348510629,0.13541218020501336,0.18079110327570688,-0.30589855331508264,-1.0020807876822693,-0.7832985294873769,1,original_39_20.png
0.13196085639759816,0.5015155535187374,0.4582321897188273,0.985564238200865,0.17409178041063303,0.07939379361260937,0.12151568516153428,-1.087180370641705,-1.064327517050137,1,original_39_21.png
0.11001572856982361,0.5031397624744455,0.43711867260140674,0.97256289353308,0.15101104535728743,0.08399526897899033,-0.01464854860501688,-0.9935329704490323,-0.595368419266828,1,original_39_22.png
0.11064278187565858,0.5993706635829924,0.46783651954106503,0.9658774887312495,0.15240231572349866,0.03834723308524932,-0.23182262816430432,-1.1373601871826315,-1.1607513569798986,1,original_39_23.png
0.06685822355338025,0.308327225691962,0.47434089554540426,0.965323528089243,0.11155351508010672,0.06159218082302526,-0.1116999903617526,-0.9440055437012882,-0.6065555982296758,1,original_39_24.png
0.18750138996997665,0.4779853063274889,0.4164088377598291,0.9870407803697605,0.2435790021090342,0.34281754470609865,0.06916623543696473,-0.8244535774667865,-0.9726206183811579,1,original_39_3.png
0.1312894607221219,0.558548385247687,0.43163754395062504,0.9810209557610647,0.17587075618826728,0.21660313376746274,0.13845478617975066,-0.9648193834365979,-0.88296791110018,1,original_39_4.png
0.11347686302963583,0.4905273317796744,0.4072225687672819,0.9679452021147831,0.1669058659012291,0.2828716942690805,0.2769751540143431,-0.767059549092302,-0.693607779299843,1,original_39_5.png
0.20028100966278842,0.49756923076923076,0.432768363090272,0.9821293674759822,0.2734493319422475,0.19835427177246948,-0.18185327800484594,-0.8302417404745799,-0.8309229208211293,1,original_39_6.png
0.14749034749034748,0.5342892670157068,0.4359780872869878,0.9794684733714336,0.19666392092257,0.2108283507436545,0.12828625231189836,-0.8623867805881038,-1.100736976455873,1,original_39_7.png
0.12677289181650941,0.495754185160342,0.4252384328565388,0.9748421687364597,0.16749647169515447,0.17920314179780578,0.15519604569787881,-0.9491639973656514,-0.8820832837714834,1,original_39_8.png
0.12222271107395838,0.5470322038102498,0.4174956055871551,0.9854938592754808,0.1800349960035428,0.17669294282750192,-0.4902295791249823,-1.045952997959204,0.04665650252955622,1,original_39_9.png
0.06707236625107198,0.7591881680771804,0.3874043815175564,0.97299661629681,0.11021082868137229,0.5302401522761995,-0.25954371511912055,-1.1634799835574634,-0.6254048323696559,0,forgeries_4_1.png
0.1334732824427481,0.5700360396151991,0.4898681012296254,0.9632228212482241,0.17585678006587716,0.08853001283377061,-0.4267752169683647,-1.2923671759265567,-0.7609971105149009,0,forgeries_4_10.png
0.13229519295870007,0.5248007749671005,0.5174954037652743,0.9701894357127478,0.16870278437297648,-0.08092486922067203,-0.19629983370766274,-1.3808239803850624,-0.8078070353401703,0,forgeries_4_11.png
0.0915905836018618,0.41277699501624815,0.423304742126511,0.9798528950914202,0.13254104465528965,0.3725154380403183,0.3206668505377699,-1.34706519221179,-1.0244302173556117,0,forgeries_4_12.png
0.11540191702135022,0.4903197524044995,0.43023739609485195,0.9414167803275274,0.15284142988084326,0.1307774758618537,-0.009822226308607603,-1.6093423246781253,-0.6015749543263902,0,forgeries_4_13.png
0.08559611097682164,0.5730943761059762,0.3986906131556273,0.9305941212207525,0.13032366231163997,0.4082448552076241,-0.5080908460106195,-1.3478840445321183,-0.16563731131659098,0,forgeries_4_14.png
0.11735732707634432,0.5251869885453171,0.4687301250794997,0.9626872635097443,0.15978034163212504,0.08059196706471591,-0.16618322727731327,-1.5646021185633188,-0.4906383339354252,0,forgeries_4_15.png
0.0905784138342278,0.48092642764301746,0.42137154186505815,0.9744311505681811,0.12912000340013174,0.3280999603605307,0.14655368125041493,-1.5902300617285066,-0.3853687243812085,0,forgeries_4_16.png
0.07469363474122546,0.3423049130140871,0.33049907147685686,0.9457783595898848,0.11380816851875351,0.29572568991035497,-0.054739785381351144,-1.4184074297487888,-0.7747248244865239,0,forgeries_4_17.png
0.1118080900243309,0.5783250644673716,0.44662963631984587,0.964416485595215,0.15166829972667734,0.2181267069025331,-0.41159426396509946,-1.5392168217517668,-0.6751077075434422,0,forgeries_4_18.png
0.0872105672105672,0.5789628285708115,0.4225770784216971,0.971384481599251,0.13325418496972574,0.23281064115263814,-0.10216933923668334,-1.577717227451109,-0.3733967500104023,0,forgeries_4_19.png
0.08073359442162575,0.5428611061246471,0.4514435764355467,0.9791533246334247,0.13351025179287904,0.2787762689860144,0.07188739595852088,-1.514279501917875,-0.9063871407119684,0,forgeries_4_2.png
0.11107568027210885,0.4762200956937799,0.3965892002734108,0.9573915145900078,0.16103183653342373,0.46776944992029745,0.06567453706143885,-1.2845607663310719,-0.6150961286675587,0,forgeries_4_20.png
0.10100393433726768,0.546625036593136,0.43565156829092355,0.9602498784494211,0.14591244273500087,0.14952202924756888,-0.5120115922663031,-1.5805812038031308,-0.16183865988284563,0,forgeries_4_21.png
0.0971979748603352,0.5264182008681335,0.39503193134760267,0.9478960484046803,0.14672874618408627,0.36440080858769835,-0.23864872353298847,-1.4491427817957387,-0.47234174123534167,0,forgeries_4_22.png
0.12238531286470958,0.511369237832516,0.4083485574077212,0.9552788250232647,0.16831805414081552,0.35766008109339315,-0.3214531514701,-1.5002731718625038,-0.5798830247765379,0,forgeries_4_23.png
0.09335563733690197,0.5663458387942333,0.39318848967621334,0.9651994051634543,0.13666105081691024,0.3995815374295863,-0.3306412772883011,-1.3905719926891638,-0.18766110820757342,0,forgeries_4_24.png
0.10756056808688387,0.47704394481349005,0.4591770688858067,0.9756898510755133,0.1430009371420638,0.020777724412219097,0.025146720610997368,-1.494395256399225,-0.8378077891915465,0,forgeries_4_3.png
0.11028931023210199,0.4891742311967396,0.38472381075116385,0.9775684522539164,0.1341851446753505,0.4492133840356819,-0.037772909889404085,-1.2125902309371457,-1.054319921540972,0,forgeries_4_4.png
0.11867790594498669,0.471016499365409,0.3971053191695207,0.9629066815732417,0.15502752825268037,0.42568060390118895,0.002760929075274735,-1.3525585145957453,-0.7801110196959984,0,forgeries_4_5.png
0.11961115807269654,0.5550211577891201,0.44990045139542284,0.9643564602823568,0.15470116618075802,0.20519670006247687,-0.3014448427693294,-1.3750109276866394,-0.7789484103602953,0,forgeries_4_6.png
0.13739139723686083,0.5552207665494603,0.4824130853519525,0.979908766939222,0.17610680054769512,0.0967492731329105,-0.29890227063212343,-1.3650411116226702,-0.7769002678509249,0,forgeries_4_7.png
0.14281949934123847,0.5533327574078416,0.4746712744158103,0.978719063412273,0.17549190535491904,0.06831091654078668,-0.27852067474829617,-1.4484293307213425,-0.9348630275458913,0,forgeries_4_8.png
0.12756462585034015,0.5486928327645052,0.5018345032362584,0.977401047958514,0.1725686519914599,0.030506352330178458,-0.42395606972635375,-1.3747365998315673,-0.5395014200258803,0,forgeries_4_9.png
0.16775337451384123,0.5533583361745653,0.5076804915514593,0.9816807783799518,0.2007735222644351,-0.07350007304138358,-0.20028167830910767,-1.4513616649010848,-1.0575676907057474,1,original_4_1.png
0.15469672571121845,0.5293681085665819,0.5146633108382196,0.9878244135713752,0.1945325683428957,-0.0829410151878441,-0.2722664048802067,-1.44669591101093,-0.9670078070535202,1,original_4_10.png
0.17882919005613473,0.5126788042617124,0.5159147977771169,0.9874836332873462,0.21283891265156069,-0.08037980500461905,0.00033902020420384897,-1.4883316464636496,-0.9531535729920599,1,original_4_11.png
0.12953416794123757,0.4816096967470903,0.5036548021058372,0.9800935778540641,0.17156004601610564,-0.045863423688612896,-0.1153950026314056,-1.4720060576459388,-0.8834697481031597,1,original_4_12.png
0.14150121065375304,0.4925958247775496,0.5202214808590753,0.9907332082932359,0.20994395746515304,-0.10407121105103612,0.15058785524191734,-1.4288685648073245,-0.8199332852792267,1,original_4_13.png
0.16354300385109113,0.5599419794908517,0.5212200368994794,0.985744460649551,0.21359114787079467,-0.05851736127519123,0.04453368455937651,-1.382725447574637,-0.822941194415558,1,original_4_14.png
0.15307352350341502,0.5023345765989777,0.5206262703167193,0.9875906296676947,0.19424240364353204,-0.10073109910661228,-0.13039914288702373,-1.4584523780563672,-0.6981068632627094,1,original_4_15.png
0.1533802028851534,0.5455783167531661,0.5267731432679886,0.9871150523524478,0.20231677576691054,-0.12136087868391657,-0.09212692038142999,-1.4308721018247756,-0.9121619196484563,1,original_4_16.png
0.17500848320325754,0.5570001308004217,0.5210328339030745,0.9904702097191274,0.21300247797356828,-0.08665250683747619,-0.05100346948526765,-1.5048358251811451,-0.9803422960764911,1,original_4_17.png
0.160762242157591,0.5147647761416095,0.5042823976536435,0.9892918868030911,0.1954430203883158,-0.05150235926107426,-0.11767417729831257,-1.4617942757405276,-0.8943330432648815,1,original_4_18.png
0.13328606876993973,0.4800522382368642,0.4613280336684592,0.9892742173879302,0.1937877954920286,-0.018041107856936297,0.228815210551864,-1.4888940229335175,-0.7823393616075847,1,original_4_19.png
0.15567237163814182,0.5464897125804932,0.5133218616928746,0.9835556198803883,0.1912931138084365,-0.04621103759967992,-0.2773702655170103,-1.4630280818609025,-0.9197353020485144,1,original_4_2.png
0.1630209825835005,0.460852191091954,0.4893773805401662,0.9873152199522294,0.22235733518631112,0.014211456440758921,0.13353367047341372,-1.4275884129038343,-0.8506488343689882,1,original_4_20.png
0.16569404621352674,0.4931125470620585,0.5195809890435298,0.990368697240411,0.20028542303771663,-0.09934114935247437,-0.012225653885912593,-1.5204220005315898,-1.0554782464793437,1,original_4_21.png
0.16868303840134827,0.49271026327226153,0.5077257478860675,0.9908913224199282,0.19605442652768548,-0.09895558700139294,-0.15592180664875793,-1.478678364978754,-1.090530135953881,1,original_4_22.png
0.1813318575908504,0.49957830120597163,0.5141018416192783,0.9912510883355694,0.22096508317098756,-0.14807928191407133,-0.1357427087781798,-1.4652964077095143,-0.8626187896261897,1,original_4_23.png
0.1261413383364603,0.4255297210180701,0.5136820763348933,0.9864079772301191,0.17227046263345197,-0.0571667934876966,0.03850030465708219,-1.4379435369776887,-0.7410057424921721,1,original_4_24.png
0.15311558329746017,0.5431019993429748,0.5131813128598047,0.9873909864494701,0.19096674608234623,-0.12214069057653802,-0.09826145194238514,-1.5148793428458351,-1.0044716757341183,1,original_4_3.png
0.16691337719298247,0.5282322630973887,0.49755382873343645,0.9827534231313307,0.20140244104124633,0.031685982765463874,-0.21191632216440817,-1.4844263988295892,-0.9512205191762906,1,original_4_4.png
0.15302207384523395,0.5476610293964819,0.5110373769271657,0.9857930747905908,0.17785370938784967,-0.07382783955032765,-0.21539673939245385,-1.522623091348786,-0.9679446480614287,1,original_4_5.png
0.15082402561899555,0.5278914670839296,0.5100168902185949,0.9869004855648362,0.18296958403082658,-0.0433491712566544,-0.08459140992201779,-1.504901780571495,-0.9516446146046791,1,original_4_6.png
0.1544297719087635,0.5180744872575896,0.484656862745098,0.986040059151995,0.19374077532455797,0.08592562740444998,-0.08848586831761822,-1.4779508057727058,-0.8972884431572274,1,original_4_7.png
0.16447632711621235,0.5247342063133698,0.5039700100420403,0.9887203073225682,0.20350777533196052,-0.03710585337283018,-0.21433487311416347,-1.462622814669711,-0.8018550441297667,1,original_4_8.png
0.17049050632911392,0.5106531988966128,0.5116386825738959,0.9900869946054567,0.2072881982981872,-0.04545899381583261,0.012663917343524305,-1.4991663312137011,-1.0609136689468088,1,original_4_9.png
0.06913923245577332,0.535840485833906,0.4473468954097448,0.9745150343623596,0.10136677054449979,0.10223381053421579,-0.1599025145093748,-1.4008192095109404,0.23606951536902532,0,forgeries_40_1.png
0.062159214830970554,0.5359512891204057,0.42915552853596534,0.9775136646863427,0.0951284781169971,0.1766508529576888,-0.3001619627496584,-1.299967547640278,0.41147004540098076,0,forgeries_40_10.png
0.0623214792790686,0.569337569896125,0.41243481927689646,0.9809157280293691,0.09969804665579991,0.19936408257640734,-0.42507914454377543,-1.3298211653584358,0.06956335289438309,0,forgeries_40_11.png
0.07180987578277384,0.5718121098014299,0.4869690017926043,0.9812301267232069,0.10858148138566218,0.06880105962273793,-0.3017251948343214,-1.4818872675704522,0.8377831773331414,0,forgeries_40_12.png
0.05349134719469163,0.6143262681686411,0.43131819864818755,0.9886221366834569,0.07790904809680788,0.23355379379897348,-0.48760112533701416,-1.2887921569161167,0.2514333672999971,0,forgeries_40_13.png
0.06776956667786362,0.5967324373272329,0.43374025313441883,0.9828304214365419,0.10277374493772445,0.30276057925251093,-0.6952514990867728,-1.271486932161944,0.24851380114134525,0,forgeries_40_14.png
0.06404815650865313,0.54421835839599,0.4322677107554439,0.9810662504100169,0.10419880034275922,0.09470625813645245,-0.326215674064374,-1.3757230739583923,0.5395476817082034,0,forgeries_40_15.png
0.06004509315296072,0.6303091069292874,0.3988131244078742,0.9746147672177535,0.08928361369250676,0.22492205034019086,-1.095683281252376,-1.4184404223819107,0.982490854036155,0,forgeries_40_16.png
0.03683893592150473,0.7103707215949189,0.4247661122661123,0.9856522772920272,0.06003059251349245,0.05858250370342053,-1.0209529970636877,-1.387499615176703,2.065829825981881,0,forgeries_40_17.png
0.060608695652173916,0.6219179340028694,0.39808745555486247,0.9814958616787075,0.09428092197814089,0.34149267826405244,-1.0155878124717188,-1.1782410906860312,0.6830707376822973,0,forgeries_40_18.png
0.05775528849532645,0.650570112580334,0.42952227327156617,0.9870119497665704,0.08868217723485992,0.1297151223925462,-1.0879043440039229,-1.4414809968763875,1.290361954401419,0,forgeries_40_19.png
0.06552358774038461,0.5706349419604472,0.4748874209052627,0.9852556171164224,0.09987690722239716,-0.07592375769013573,-0.34449885443676437,-1.4370741206122388,0.41141156349459385,0,forgeries_40_2.png
0.05670038125846803,0.6584323385877136,0.4150709573733966,0.9758749529347618,0.08992554095247614,0.2099992076445721,-0.9870852782096913,-1.4769360416343564,0.7217105202082266,0,forgeries_40_20.png
0.05656165067391425,0.5620801255736124,0.4386856485242899,0.9803271606332008,0.08654233764029448,0.0460300041442663,-0.5247587155772311,-1.4707522878474975,0.34079876841856827,0,forgeries_40_21.png
0.04794033663056181,0.6048220222033942,0.4140576052444347,0.9817982741823872,0.08450853793220627,0.23771168501199902,-1.263598299814795,-1.3973016416168091,1.9142178638139686,0,forgeries_40_22.png
0.058193761196576335,0.5791393271896043,0.4225589046757744,0.9851939090174552,0.08433437042836833,0.18285791782191127,-0.6222356414394308,-1.3356079756572443,0.7897435476101426,0,forgeries_40_23.png
0.05301443202979516,0.6486361141602635,0.448995619441259,0.9809980759819887,0.08902048155096935,0.051346988299638,-1.258155466192287,-1.3160577119528378,1.1295350740889951,0,forgeries_40_24.png
0.07314599697606668,0.5928182871004629,0.4163534913673942,0.969408396524803,0.10532604078164826,0.13486945791189203,-0.7212438529981785,-1.3885460164267016,0.4571531774679851,0,forgeries_40_3.png
0.06464285714285714,0.565526128601635,0.440800763931519,0.9682717335455147,0.09440741813966966,-0.028128272046232337,-0.06642537297400503,-1.3865951120429114,0.2336565455805757,0,forgeries_40_4.png
0.06053456815450895,0.593278192874631,0.3685141316217036,0.9793165048920985,0.0935038478949751,0.4562226111823099,-0.8143341634112077,-1.1140325198440684,1.3195304119635196,0,forgeries_40_5.png
0.05794776539457391,0.6173261136887355,0.45170929793319303,0.9865555756527281,0.08423162674630284,-0.004462796178893691,-0.7114936907984272,-1.3182775223890029,1.2757328352747415,0,forgeries_40_6.png
0.05459463578177385,0.48112767519136274,0.4294928369114568,0.9290690694720749,0.08913724107901885,0.1697975784570384,0.2907405163393746,-1.020266643032805,-0.06939261251213713,0,forgeries_40_7.png
0.0656943896991197,0.6054745762711864,0.4165860465116279,0.961876187229854,0.09603564843269821,0.15180771364539627,-0.6155792082022002,-1.3409374762567352,0.7694625232012879,0,forgeries_40_8.png
0.045013030087656954,0.5827905009366124,0.3714927110676099,0.963967214756293,0.0746178478641774,0.5421621124710956,-0.8216332386682951,-0.8898382190059255,0.5085583517003185,0,forgeries_40_9.png
0.07555094687447629,0.43103886501224636,0.4336159113583046,0.9898130453469567,0.10615470654029552,0.5117483065744516,0.14755433926703052,-1.0952852867177567,0.477521213927373,1,original_40_1.png
0.07023358585858586,0.501415625572929,0.41482032444651284,0.9923369635611166,0.10824819430410539,0.5042826703113572,-0.438991441042326,-0.9609128584158948,0.6717689233293198,1,original_40_10.png
0.06101567633530461,0.5140547223566092,0.42693909370526284,0.9917568587379537,0.11548939866545584,0.25234950149099045,-0.15819749954716722,-1.1561720205485295,1.0609856782342488,1,original_40_11.png
0.06610015690870938,0.38148715071792,0.39509523215593506,0.9894302488952647,0.11584911286715371,0.5691049207127858,0.7223881261454765,-1.1044045592716265,0.03524312067882951,1,original_40_12.png
0.08285988253625794,0.4415374147473092,0.44752979354595274,0.9922281379939054,0.11512073272273106,0.28444906820240995,0.11323974827302316,-1.19102176619335,0.7497210152169069,1,original_40_13.png
0.10071163366336634,0.5325130808371735,0.45919939536196325,0.988692262690181,0.12411820781696854,0.17477296323861435,-0.11401967012282017,-1.198784025296522,0.2959059374943762,1,original_40_14.png
0.08810846560846561,0.49946025550289175,0.43614747535405096,0.991526781912695,0.11144386816128493,0.29046457821756116,-0.3860930442023107,-1.3043125301057488,0.1931634682260821,1,original_40_15.png
0.08584570191713049,0.47851773020615884,0.4370485399622853,0.9904105950717222,0.11094644998001865,0.3143360732982246,0.08350425083928767,-1.0384748632186933,0.40710592465468887,1,original_40_16.png
0.08837978872343133,0.5594662058371735,0.45720674576781156,0.9877121188857335,0.10719026890185546,0.13502688017758313,-0.43449680687949344,-1.296453001713031,0.6476344832699845,1,original_40_17.png
0.07285095856524428,0.4711237404361343,0.44365124280234636,0.9919473395878546,0.10431856421761077,0.3168312866617242,-0.16552585065038922,-1.1892899391080645,0.6919271080267575,1,original_40_18.png
0.06867999075300002,0.478765169878641,0.4227904713739782,0.9892328163602809,0.09800422845661333,0.3794756413733088,-0.1843157807950211,-1.118117873805023,0.9276601789042864,1,original_40_19.png
0.0803755868544601,0.4412278284191128,0.4685231697819315,0.9911634821799926,0.11181686070244763,0.2803535559134404,0.31015845946570625,-1.2474221010686608,0.41501146837936354,1,original_40_2.png
0.08058760623628075,0.5619628474004578,0.4799286456644681,0.9829201632830679,0.09475592969080898,0.15411716281112836,-0.354901163451254,-1.3018638408960794,0.826500070292115,1,original_40_20.png
0.07081988913708943,0.532709189594841,0.4115532584736249,0.9831796206714641,0.08428278054406842,0.5384608957038209,-0.8019092267430812,-0.9301941333465331,0.5378225048453156,1,original_40_21.png
0.0841542288557214,0.49392595108995374,0.48308256971130165,0.9913162705749181,0.10509148519772607,0.23248924967285056,-0.10419400348936422,-1.3441901227382118,-0.15676529351002744,1,original_40_22.png
0.07118640104751216,0.5311946862283535,0.4556242890944812,0.9875720604373911,0.09023949256031774,0.33162767093206136,-0.6556668552414473,-1.0903380018018718,0.6525399664118496,1,original_40_23.png
0.07564982581988333,0.5635311268852289,0.4098862023050537,0.9852757784011896,0.11318776215149272,0.40500722691027474,-0.6607900445455446,-1.2025149311189411,0.44099507904376933,1,original_40_24.png
0.061060236382648375,0.4517092416239084,0.4403136050092049,0.9911534363320695,0.08761347619841474,0.31420353213836794,0.4526340929890402,-1.3036001267925408,0.25389391382804316,1,original_40_3.png
0.07582391338958765,0.44968053235769767,0.44540483227687605,0.9913745289417211,0.1141926589006334,0.22328129225403903,0.3552789308844137,-1.2576683388048813,0.9308841951040314,1,original_40_4.png
0.08397664150405926,0.4279956215864908,0.4661925350136835,0.9929251829992047,0.1186723829076344,0.25988448720063395,0.6952586540403098,-1.238672008734663,0.6463534186030264,1,original_40_5.png
0.06697364480383348,0.48601739466049143,0.45724944718070953,0.9896811944681125,0.0896887964204695,0.29047086763823954,0.02912337038738206,-1.3357316269277288,-0.05014679495174512,1,original_40_6.png
0.08393333333333333,0.4461483717235902,0.4755236960550702,0.9926000076379107,0.115731803724744,0.17635801618322544,0.1358933449583647,-1.3105904316662036,0.25306400795613504,1,original_40_7.png
0.08601513098464318,0.5485443499003418,0.4606500474054626,0.9910702757379709,0.1004615891856248,0.2884112544912383,-0.2181963216456641,-1.077083977553148,0.5367415301112834,1,original_40_8.png
0.06170442286947141,0.5260772792022792,0.40589002421526693,0.981473631856651,0.09209467074545162,0.4993521713954485,-0.38507319734170004,-1.0442214028399113,-0.06150875900187458,1,original_40_9.png
0.07196162840927711,0.5171701920639542,0.4716227428590538,0.9418319143737425,0.09360226303960319,0.025903651263443836,-0.4812867014948311,-1.4563280647042216,-0.46848074396170336,0,forgeries_41_1.png
0.07465174622037367,0.6034675348509217,0.4643338090165417,0.9507124787711095,0.09739448751076658,-0.05920852392403703,-0.6928746498765463,-1.5092629174871464,-0.5131331224734175,0,forgeries_41_10.png
0.0766410183338083,0.5593245293790658,0.42000596808009666,0.9319314154353492,0.10945894611168394,0.10243361333090842,-0.5888078346863924,-1.5695336657078773,-0.5950449531274082,0,forgeries_41_11.png
0.07662744165775189,0.5530138904134386,0.4657328564455234,0.934676162992819,0.09871208125627372,-0.02540120322462413,-0.5596969788013854,-0.9958057396395814,-0.8615620642935915,0,forgeries_41_12.png
0.0799479909935623,0.6001069278926582,0.4744257644972602,0.9776097660070208,0.0953317324963603,-0.08327069172302755,-0.626943404253577,-1.5148534272149279,-0.506141558708868,0,forgeries_41_13.png
0.07480874316939891,0.5975992208424641,0.44895493632755484,0.9438264456798554,0.09393225533472085,-0.019814524321102384,-0.8527327011795586,-1.5613940141106586,-0.3014212531645768,0,forgeries_41_14.png
0.07105352881009205,0.5662264875239924,0.45705935437175615,0.9587749360961237,0.09389586750049561,-0.045312332773263526,-0.568651541077823,-1.507109146756912,-0.6229823271037733,0,forgeries_41_15.png
0.071719210560041,0.5625703486666054,0.5100393295580461,0.9612304738419751,0.08866575564929792,-0.4450081835960362,-0.5669400890609039,-1.146481804566252,-0.7499929654143509,0,forgeries_41_16.png
0.06294921848055514,0.6282716344966234,0.4239041119892965,0.9576094245068104,0.09061662198391421,-0.014828223688443056,-0.757724539271327,-1.5411983547072412,-0.1319395365304019,0,forgeries_41_17.png
0.0799757281553398,0.5796785482022854,0.46450038830742163,0.9684352041077033,0.1032869105727464,-0.09300304301318703,-0.7199962053168293,-1.5036760411116479,-0.5135452131429159,0,forgeries_41_18.png
0.07356948228882834,0.525395614136509,0.4867370490821313,0.9531861230088258,0.09388249545729861,-0.1427894917175719,-0.4782582723678463,-1.598374156823064,-0.8824225424174283,0,forgeries_41_19.png
0.06353902507748661,0.5545756307482386,0.4793765177911519,0.9561855556420928,0.08774489776065682,-0.22699437965452793,-0.5416174476831013,-1.5483144034028333,-0.7782996415921088,0,forgeries_41_2.png
0.08048945147679325,0.5589445725868456,0.405804364155636,0.9629533138878935,0.10267616853618103,0.07345761458869571,-0.6157324725268587,-1.6223767797786137,-0.5138028780066501,0,forgeries_41_20.png
0.07413541710904432,0.5635694431263499,0.47353685880290763,0.9637659039276959,0.09681295522608792,-0.08009146738684458,-0.7829536434399038,-1.520196568672334,-0.12017015747681326,0,forgeries_41_21.png
0.06647176943066384,0.5520009848367259,0.45974011550422034,0.9635036801007095,0.0853605354468061,-0.1305678831359057,-0.6461683779746156,-1.5433565982606814,-0.4673402211473361,0,forgeries_41_22.png
0.07871360665478312,0.5816613567487762,0.46448253053272864,0.95071370456455,0.09607295670461963,-0.011433655402289269,-0.6362701244037107,-1.59583761639063,-0.5372641250562262,0,forgeries_41_23.png
0.11736032995875516,0.550216766035236,0.5058352256612818,0.9707225295899583,0.13308766210757564,-0.15727760018962492,-0.2611724621075688,-1.6287029260685024,-1.0638422411512503,0,forgeries_41_24.png
0.06871781367041198,0.5637760655259274,0.45783268132141086,0.9402046172021383,0.09553738507851273,-0.05773444065604515,-0.6371928050844914,-1.4701240892432286,-0.6089920384533989,0,forgeries_41_3.png
0.06564696155436131,0.5400484803635552,0.43804192009174503,0.9456437251944038,0.10011979068154593,-0.12898622026694315,-0.6155738537356394,-1.286336876691665,-0.6073271028719094,0,forgeries_41_4.png
0.07344122955114397,0.5727019287721502,0.48192894797911034,0.9267599419147757,0.09497637824916712,-0.18187954355899205,-0.6496195639707264,-1.4901285473416672,-0.540085396829181,0,forgeries_41_5.png
0.06767767284759083,0.5706383792383339,0.4316662127118043,0.9636267417753112,0.09625490196078432,0.08917030919175922,-0.6041842190099418,-1.4588823912245192,-0.4715398696831423,0,forgeries_41_6.png
0.08564456816853971,0.5636249835953037,0.43400740292433054,0.9490309844138024,0.10749024090409127,0.006069824445692551,-0.6092176484685965,-1.5048646945130035,-0.7998734933043314,0,forgeries_41_7.png
0.0678927418222659,0.5992592322288717,0.4337925976812727,0.9460756116985866,0.08081415751742117,0.026877120078201703,-0.7973469538341527,-1.4352096012648516,-0.46553779489042935,0,forgeries_41_8.png
0.09150509136560189,0.521614488532945,0.42986301066281696,0.964164392829469,0.11432554897176717,0.21868890678062294,-0.31525987446662707,-1.437411822359415,-0.43584349402694,0,forgeries_41_9.png
0.05045004552317072,0.6116251439232703,0.31174096113025024,0.8212729254613016,0.07843225083986562,0.7956470478530643,-0.7777213187156439,0.13847110033538668,-0.46955798246615954,1,original_41_1.png
0.056955140756211116,0.49369569104237443,0.3774157515767043,0.9186882124483534,0.08270885724034222,0.345864877977552,-0.4534294129559947,-0.7391849553651682,-0.5398777324242059,1,original_41_10.png
0.0715852019523237,0.5138870676682339,0.42004118078907177,0.8557567597829314,0.10711639558268356,-0.006330424829745414,-0.47495983825225263,-1.0132228672926273,-0.8507217222443848,1,original_41_11.png
0.04782824933687003,0.5450436469581834,0.458477758521086,0.58023996820897,0.06212651413189771,-0.38680307433152705,-0.31753683404275984,-1.0428468796484307,-0.7914702134470049,1,original_41_12.png
0.050318407461264605,0.5357798541655043,0.3880696063057797,0.8603668918496467,0.07453393082617414,0.1192308883428721,-0.38753676534495735,-1.1350031839492127,-0.7431654332041076,1,original_41_13.png
0.04621406335835927,0.5135726105870202,0.3581286180237871,0.9338684862096802,0.07438473252443877,0.30350982812917715,-0.8346420094560972,-0.9397578672750351,0.25767519678441797,1,original_41_14.png
0.05382893314806238,0.48950620560068026,0.3776386791630462,0.9177870870592358,0.0794046642980778,0.12087059434473904,-0.29560065236450406,-1.211981932811533,-0.3484194000639964,1,original_41_15.png
0.06296952623288501,0.47849283691296424,0.40677251858851377,0.8797127151753948,0.09200247847927592,0.06814167526395623,-0.23960090328029504,-1.0056626243906759,-0.8733295134492778,1,original_41_16.png
0.06175880313811348,0.4945568685376662,0.4008542468584235,0.9683261231174536,0.09118336341351722,0.21699950949128313,-0.35062823948276217,-0.7966369685771917,-0.46675927908041626,1,original_41_17.png
0.05470745470745471,0.525822297402102,0.41458281132548236,0.9165752596381617,0.07873393103300884,0.012421932472265763,-0.4478465954284627,-1.1664154333533303,-0.3891291055038941,1,original_41_18.png
0.06386289914311964,0.47742263762753917,0.4599262267115535,0.838365306367011,0.08815954651930269,-0.08109266671368415,-0.32771612379861365,-1.52812632226261,-0.7173603566541602,1,original_41_19.png
0.04968171688193358,0.5839519927636151,0.3213268753181447,0.6973623829505099,0.07714220165946545,0.4914196469048012,-0.688915757229995,-0.26721879329146203,-0.5218270286700659,1,original_41_2.png
0.06148053940568476,0.5287386102446232,0.4352480064414943,0.8155924314590551,0.09108854626209455,-0.018382378071864703,-0.47963819285996895,-1.2495630984345,-0.6607526785667925,1,original_41_20.png
0.05680381285867134,0.5219545009784736,0.503689027725444,0.89795361024254,0.07963843216706927,-0.3251708823942702,-0.33593445901338753,-1.369387828132425,-0.7686936847181438,1,original_41_21.png
0.06564172335600907,0.5464136960573922,0.46934365068398504,0.9160480618109035,0.09458399769976736,-0.19204333941499172,-0.4313274756007172,-1.3215381460066211,-0.822526754466391,1,original_41_22.png
0.061767500791891035,0.5580518569817023,0.4121329749588791,0.8860856789895437,0.0903802202368585,0.2004177362880726,-0.6529820191942014,-0.7389481602808834,-0.6876392173678054,1,original_41_23.png
0.06019549280477871,0.5130091147266944,0.39055089805871385,0.8639347607261031,0.08413449375094874,0.03900547876701748,-0.4682576230927871,-1.2098998728178847,-0.535180162948047,1,original_41_24.png
0.03946361446867896,0.5822741623506305,0.4069925914479825,0.7501185070585341,0.05795436703055145,0.09946729412856686,-0.8114473076215303,-1.160677426551216,-0.45067398236054057,1,original_41_3.png
0.055434257838114384,0.5731827095850183,0.4879467634340055,0.8671084179538944,0.06594263770550822,-0.14285524700972274,-0.4641205130330291,-1.1532504061742994,-0.9488489080053784,1,original_41_4.png
0.052092307692307695,0.526844063792085,0.41864237357444684,0.8945725998300476,0.07167654530059271,-0.059007717346305305,-0.45507334897103996,-1.0688551941322115,-0.8854198873833035,1,original_41_5.png
0.03875804049298656,0.5238236191799276,0.41727385770183495,0.8627359245233717,0.05860805860805861,-0.11197860031560834,-0.5460785812722274,-0.9281781925115049,-0.5870915330956743,1,original_41_6.png
0.061609366963502325,0.5591328135666398,0.4297426618886987,0.879717366320225,0.0824226233843331,-0.045325407024422344,-0.4945544655065004,-1.4499248443925725,-0.9522272480126559,1,original_41_7.png
0.05368462223181291,0.5930612264826364,0.3740254254759126,0.8715735300623207,0.07848994843582084,0.3277044329042137,-0.7503185341088507,-0.8719149505522381,-0.5667006149059417,1,original_41_8.png
0.06360606060606061,0.6514600603461966,0.3848762357576078,0.8062816590239967,0.09688884785819793,0.1354470991912121,-1.0246636039750876,-0.9005343152207521,0.039714776698483334,1,original_41_9.png
0.07451797811360084,0.4634808261045885,0.4038592985961407,0.9561935180314438,0.12198577238868494,0.3009625109200404,0.63520988610702,-0.9766675621717797,-0.2521209596771361,0,forgeries_42_1.png
0.07234916758726283,0.4643987487544948,0.43154682178255716,0.9548942338329313,0.1030390019045516,0.20957999899895063,0.8419419241152594,-1.1434785411767774,0.14266300334403237,0,forgeries_42_10.png
0.07347484448324784,0.47828308201607167,0.4285482346062687,0.9551690216332801,0.10244997336985467,0.17964851594893386,0.20241094111949082,-1.273343847341162,-0.08605886424286924,0,forgeries_42_11.png
0.07180094786729858,0.4299802281439308,0.4256843997156917,0.9579088981770426,0.12377263718474363,0.20561851451745058,0.7109961024027017,-1.0783587821781029,0.10702593696658269,0,forgeries_42_12.png
0.09585147478714745,0.48399315580670393,0.4299593144841912,0.9623528924357709,0.13200362969948223,0.2542045335936194,0.581490377763207,-1.2088121363809272,-0.22171816725258076,0,forgeries_42_13.png
0.06311612364243943,0.5591658210162512,0.41989794141210074,0.9665750176555317,0.10011794171823855,0.23212420291111766,0.9095873389380972,-1.213586224696903,0.26566401457743805,0,forgeries_42_14.png
0.09623964308476737,0.4722864161761099,0.42557319168154517,0.9715834184864929,0.12969722997637964,0.20021106046669546,0.4799042736717111,-1.1123154165206175,-0.33747687790271996,0,forgeries_42_15.png
0.0834076038519227,0.43775834530876223,0.43791913470011934,0.961935433094416,0.12212161237448081,0.133197822876,0.8458350860656059,-1.1111063266501164,0.055059183125107936,0,forgeries_42_16.png
0.07976078336874849,0.4639389098271432,0.4078954928700217,0.9597885026213899,0.1237341126894583,0.3398777388733456,0.7120236203645435,-1.1340745411365327,-0.1688243530758231,0,forgeries_42_17.png
0.087659706331045,0.46140559590683033,0.4050057143420132,0.9753539436797043,0.11851243131757465,0.2578289735513819,0.429994826328888,-1.152448918799466,0.1284267478449892,0,forgeries_42_18.png
0.08067770520447644,0.49784815515468395,0.4315299032808499,0.9734515629638317,0.11469931538245427,0.1342874681786698,-0.1001203276658987,-1.2281785932396676,0.3671647724920013,0,forgeries_42_19.png
0.07827452775235083,0.4703502706713662,0.43843445346114046,0.9608395089397974,0.124144188732162,0.24220744637046518,0.558203726955237,-1.1093839145973337,0.3132870679227344,0,forgeries_42_2.png
0.07022095748242384,0.41251335578261994,0.3902938942394781,0.9686454300907348,0.13131032084166594,0.343991311946413,0.8803430970661309,-1.0436517260797304,0.38268362344191287,0,forgeries_42_20.png
0.07286095639242202,0.48749399809898974,0.43248645472562336,0.9733878077352492,0.1273819520702797,0.2213017065038479,0.42451136534589584,-1.2095216899306405,-0.022875785525937165,0,forgeries_42_21.png
0.07020224811289794,0.4852945082674813,0.414037493440362,0.9651354394469703,0.10494603213541027,0.14923306145295065,0.5349288949220359,-1.1069585983620136,0.15851061092252383,0,forgeries_42_22.png
0.04964255075779239,0.6422009224203732,0.3910138248847926,0.9664547733543719,0.07666640496192197,0.21460179909737623,0.3374053522534489,-1.1223994986265906,0.36327893668835953,0,forgeries_42_23.png
0.08195368034854392,0.4257881516319486,0.40212418487260604,0.9581632011368371,0.11750587693774556,0.29777159553558485,0.9925812213640451,-1.1361659455012942,0.9398179193523157,0,forgeries_42_24.png
0.08225800201503526,0.48988453959114936,0.43295117251173026,0.9621994389835753,0.1187187159195772,0.15438923648933828,0.4061276871103158,-1.1852761781201337,0.35807949238914993,0,forgeries_42_3.png
0.08050071787508974,0.4641707030302555,0.4127062200423587,0.9572324499787398,0.10765889016897082,0.28752916717793353,0.5290093652845995,-1.2557389156084953,0.04927085212422888,0,forgeries_42_4.png
0.09066451439332796,0.48569309029249685,0.43344654189974313,0.9692152509863564,0.13382530569022288,0.21885572883312088,0.4962951044408215,-1.1777605932579742,-0.23714238502298723,0,forgeries_42_5.png
0.08873582729429175,0.5680375121949338,0.44157064997167766,0.980904689207141,0.12788947087789732,0.21365294300947152,0.0818058347822456,-1.2212463506681834,0.2568510644645783,0,forgeries_42_6.png
0.07479204339963834,0.3859580512572534,0.3926713267879441,0.9516779901385692,0.10379962856999447,0.31540396724639586,1.0652061852012764,-1.146765330360671,0.7911863863009936,0,forgeries_42_7.png
0.08329851924058859,0.42696162425775364,0.45054872662161083,0.9630664930867522,0.10743418197057458,0.08195582236448772,0.7958991365217052,-1.1251458476502298,0.4401462306653334,0,forgeries_42_8.png
0.08991751142913934,0.48928110896196003,0.4064388316614937,0.9724486893221778,0.12488569111582726,0.25023865001012796,0.43689969970273196,-1.166267530854893,0.13054576307957477,0,forgeries_42_9.png
0.1401508901921375,0.6212648944299785,0.43630043756059966,0.9844206333564669,0.19507306889352818,0.2513772624957636,-0.5462584890289099,-1.1726199760110212,-0.23464394029954683,1,original_42_1.png
0.12320556010804577,0.5620072062983752,0.477231252047401,0.9809798853625551,0.1802619893428064,0.14487885006259804,0.0041112562484937835,-1.0670162854879466,-0.28088537617191056,1,original_42_10.png
0.13530534351145038,0.6256728960977903,0.47106315744140226,0.979743571346186,0.17170188290851848,0.16483725585602377,-0.3995923155477174,-1.2549741627226993,-0.7580847378468047,1,original_42_11.png
0.13247011952191234,0.5884950471416637,0.46955155865379633,0.975840151832339,0.17888174889519864,0.15704142312058658,-0.15873101851344718,-1.195891856127305,-0.8846847246740732,1,original_42_12.png
0.12317946910970166,0.5779707082746416,0.47783121286877145,0.9820455782703762,0.18017437615427565,0.09765635615736737,-0.15913330150172653,-1.082954765534079,0.05815115869977738,1,original_42_13.png
0.11274087221095334,0.4861531872391372,0.4558092959592395,0.9817469102599828,0.17000248513696928,0.2440035130302067,-0.15252500907596075,-0.9141905648622877,-0.27262425081843755,1,original_42_14.png
0.09634930829535839,0.6211973873596982,0.4612510038085091,0.9673614796819274,0.1566862296495242,0.2077822759693871,0.2873302790666515,-1.1035803885156101,-0.44631137141934696,1,original_42_15.png
0.11747613117476131,0.5685695399099666,0.435922693141664,0.9781220133765559,0.16517710575274505,0.320078862833179,-0.03873521909509367,-1.1270217403066725,-0.1558771466260951,1,original_42_16.png
0.10685362747218417,0.5834934210060714,0.4549800356510372,0.9765126464507542,0.1555182484304776,0.18333658782998816,-0.11200670789133232,-1.1382225293573107,-0.41236564369223005,1,original_42_17.png
0.11073382131437783,0.6473672004584481,0.4151389511655619,0.9806368424337105,0.15309999634649812,0.3197820066532609,-0.2852822010575153,-1.1977069166514216,-0.40611492403770955,1,original_42_18.png
0.127936031984008,0.5556307611359762,0.4402794919311538,0.9759615613286858,0.16417375558783032,0.19288271729080675,-0.19948721875769912,-1.23902442650741,-0.2529683578879287,1,original_42_19.png
0.13175803954785759,0.5945863676518759,0.4205746683145917,0.975102087248798,0.18604747076897696,0.2509461616811418,-0.4474886827185957,-1.1094343767456964,-0.2830226810467349,1,original_42_2.png
0.12416259641818134,0.5276731528904507,0.430693782669764,0.9785040182824732,0.16481258414228017,0.26510487990073145,0.1703001900932839,-1.2397908029815554,-0.3443554856229105,1,original_42_20.png
0.12486724321043847,0.5218854932761925,0.4182853940775242,0.9761438629329791,0.16409280406017762,0.2625914084035295,0.22996184601896874,-1.2270778979041552,-0.1603306275384715,1,original_42_21.png
0.1134158581465373,0.5818857205287884,0.4295427440056183,0.9822810797451553,0.17185505069470522,0.25605845685370865,0.0175833264485371,-1.0793824750732899,0.09668789843275194,1,original_42_22.png
0.11064637310716084,0.4780675016090761,0.4446752876955089,0.9780682028726564,0.17941847564421928,0.31668047127077287,0.6109300931424249,-1.0783806575854709,0.4007773526993077,1,original_42_23.png
0.12175632482799718,0.5524030227589738,0.4321335423887748,0.9841481903364837,0.17699637738226492,0.2929460844003071,-0.1662553221745519,-0.9610003029707248,-0.0013716071396423501,1,original_42_24.png
0.153986675263271,0.5959579316464639,0.4358055469694495,0.9852065048584213,0.21012757221760595,0.2619815426213115,-0.4132977078128145,-1.1474556103518894,-0.356616529730613,1,original_42_3.png
0.14891785538612887,0.576164494213222,0.43339985319754104,0.9772473056065202,0.19944552716093436,0.21237611178359464,-0.3148148297175331,-1.086229933152865,-0.6040956036245984,1,original_42_4.png
0.11503925153242284,0.5256218811432029,0.4319545777110526,0.9782280969221174,0.17082518264202165,0.25133057189912167,0.2038561521398573,-0.9405438691820347,-0.16995112190368333,1,original_42_5.png
0.1266590761223162,0.5361378159000633,0.40334762097448335,0.9853111491509233,0.17844130250464035,0.32303531475360003,-0.12903901758226033,-1.0148854475992974,0.4537878435061198,1,original_42_6.png
0.12794703776261568,0.5281886908822457,0.4616960348871889,0.9864509910395849,0.1875108284038314,0.18817622634037684,-0.19741311190183025,-1.0637809295127327,-0.11186861041305862,1,original_42_7.png
0.13456847102261488,0.5266329047627093,0.436134060554053,0.9853659521598735,0.19908796059209402,0.2591973425603762,-0.09284945195764052,-1.109829394755373,0.13407795272880607,1,original_42_8.png
0.14346817456865305,0.583513957962111,0.4606879465795815,0.9829377576391868,0.1945632404266824,0.22082537319299483,-0.12796514479611146,-1.235301768754848,-0.31251103694954363,1,original_42_9.png
0.10513471575680632,0.5034388047450297,0.4363512544318497,0.6408162967797365,0.1341432685385169,0.2735635273151778,-0.12798581449160243,-1.1800967473704818,-0.674671805752372,0,forgeries_43_1.png
0.09552355509220042,0.5606075519378851,0.5130288701395603,0.4997057327731166,0.12022470374369558,-0.08423299754755009,-0.3520407515853945,-1.1907350290548526,-0.6789821323893825,0,forgeries_43_10.png
0.09513972980031817,0.4797530580476971,0.4323992419206982,0.6432612854859106,0.1326667439204066,0.22825305625621564,-0.056046889310005565,-1.0339997888111572,-0.4276626002930337,0,forgeries_43_11.png
0.08677640133455634,0.5267808603011138,0.49647288282396457,0.5030639844409988,0.12278925148334094,0.13736827221171502,-0.2429368910202126,-1.1587559976142738,-0.48857965847423124,0,forgeries_43_12.png
0.10066365589029025,0.4785270406278007,0.4225044302145935,0.6074734163171147,0.1362467387253075,0.2630242151457384,0.0248603333025259,-1.1487547566842469,-0.5910318203953624,0,forgeries_43_13.png
0.08238908742264447,0.4928301876745082,0.4303145941601376,0.575163092077655,0.11538168113642258,0.2547183697616607,-0.1560223814394504,-1.1348720314640874,-0.26469748824032413,0,forgeries_43_14.png
0.09551355753569034,0.529002163450925,0.45615891497664895,0.5210443617797488,0.1271585056683196,0.19389564937121942,-0.23276780416675308,-1.2578996529881161,-0.6847985690262464,0,forgeries_43_15.png
0.09307701198135378,0.5115147825564116,0.4699336655519856,0.7409928419804936,0.12189502362893324,0.16257662706507373,-0.12455754617968398,-1.3009927648995305,-0.13129596224757867,0,forgeries_43_16.png
0.09801884426611257,0.5773882738827388,0.5049884239545285,0.7444753880334526,0.12985903460059803,0.03321730730765254,-0.5016096342090253,-1.2270948607731065,-0.05106417977208011,0,forgeries_43_17.png
0.09486750412616908,0.4919684132404225,0.4293553691245503,0.6906394507254641,0.12533502930086768,0.37384679699578577,-0.06809120440288025,-1.0451254828176433,-0.8073752505684455,0,forgeries_43_18.png
0.09962883141762452,0.5155031745834409,0.4641498167287586,0.7424570793478692,0.12827192847232927,0.14125608872316606,-0.32891914604612127,-1.3144821826883726,-0.439729642332078,0,forgeries_43_19.png
0.10139279588336192,0.5516308025443226,0.4481871086012377,0.6141459063307017,0.13571743442803616,0.0861698767216559,-0.19071451567085732,-1.3049548386858838,-0.5777664925234163,0,forgeries_43_2.png
0.0895672403668067,0.5018045715215721,0.48604805620450914,0.6612374983909368,0.1170437272177211,0.04694271835735344,-0.2630244005607892,-1.2476664710589311,-0.3584343701964414,0,forgeries_43_20.png
0.09468946894689469,0.506020048392672,0.522931646776845,0.7119894786826431,0.12343940673988547,0.011803019468004366,-0.3064741315603583,-1.4224678415282868,-0.3747625015068543,0,forgeries_43_21.png
0.10151612385689074,0.5090333965112794,0.5292551937767501,0.6530482773739098,0.1356449970523608,-0.0226739965206057,-0.2403169663616827,-1.3732272511821648,-0.3297325992768094,0,forgeries_43_22.png
0.08523344191096634,0.5193280481460734,0.4904669747989714,0.6837953553973635,0.10656376480052289,0.04398228964734487,-0.22005384435460076,-1.2827376439617255,-0.011507738383282451,0,forgeries_43_23.png
0.08476153440182217,0.5877728340451591,0.44936444748837995,0.7294235439060494,0.11546465869532314,0.3286140929588944,-0.6754280129473716,-1.0128314870354085,0.025799682318004447,0,forgeries_43_24.png
0.09150005397171881,0.5687498728251925,0.4475595613694728,0.7177561045331763,0.11618946085897046,0.18774946150403404,-0.6446616639460901,-1.328053080775674,0.06377889096549705,0,forgeries_43_3.png
0.08005727439145958,0.5062964276103049,0.48470867404493645,0.5810094356495261,0.1082014599970604,0.13298070478045115,-0.19996338010965917,-1.2825532675147795,-0.8014929689646055,0,forgeries_43_4.png
0.08975141242937854,0.5145138276889504,0.42287314061843173,0.43418486858140465,0.11789939291386502,0.3313858281318189,-0.06914421644089343,-1.1725775442216047,-0.7176109339817378,0,forgeries_43_5.png
0.09819397993311037,0.5107231354121533,0.45199135271466206,0.5338984391659458,0.12441061357823045,0.1853797449441007,-0.18172181267797155,-1.3199290153648977,-0.46781133123072305,0,forgeries_43_6.png
0.09809243514279485,0.546552334751823,0.4719063060878818,0.7304774051233929,0.12271921450975044,0.1886513852054833,-0.23788720314094713,-1.2731553332614967,-0.6729723276416149,0,forgeries_43_7.png
0.11141636141636142,0.5287908438593371,0.5283203720314555,0.6700323710513943,0.1449798689223103,-0.03091634232318921,-0.08240835540429761,-1.296631829245311,-0.6654878132661404,0,forgeries_43_8.png
0.10694980694980695,0.536345009269197,0.47947064279983953,0.3904072030629993,0.13790242283438434,-0.0074243740825932925,-0.2221076226513968,-1.238130224932987,-0.5581498584088282,0,forgeries_43_9.png
0.11201070592171294,0.5931630334723936,0.413973008558262,0.5384347492764054,0.1526258205689278,0.3561109780041618,-0.4587030271043432,-1.1311675965015424,-0.4181306674227594,1,original_43_1.png
0.09254939433967567,0.604736712211065,0.45963107380820534,0.3712538892572771,0.12197877502639232,0.18805457725744407,-0.4892850833142605,-1.1998975490008843,-0.3215101637708848,1,original_43_10.png
0.11112630475409088,0.5576081868084704,0.44663973266267926,0.6274987282813539,0.1496531827389356,0.29177133360946045,-0.5548945328915086,-1.273749853208481,-0.3933547688559762,1,original_43_11.png
0.1370418341771939,0.5933741660556056,0.48388463787852953,0.1993288898321878,0.1716531119632548,0.047932432453851044,-0.6909489263309497,-1.2655821253532633,-0.0686322979508942,1,original_43_12.png
0.11536993852024592,0.5474531884550399,0.40568088125785434,0.51472216219045,0.16056886580904048,0.3707142047793548,-0.3350081778861413,-1.0008356772298315,-0.8767965782857114,1,original_43_13.png
0.08643889646272804,0.5583742150291294,0.3444705801151555,0.4772180884937344,0.13016156582514535,0.40556261888605233,-0.578092437684976,-1.0571954191129223,-0.3185520971686482,1,original_43_14.png
0.08959807389937106,0.5866155175357363,0.44266798910063065,0.5334121471521135,0.13186296664557534,0.388296724344362,-0.3800554126226437,-0.9374120728049538,-0.6464770737328527,1,original_43_15.png
0.10502998179676624,0.5293900439545891,0.37825109769802007,0.4834974319268005,0.14631463146314633,0.5729928113820978,-0.2748325750143811,-0.7665206746510802,-0.8242713259778123,1,original_43_16.png
0.10054334155053579,0.5356421162025365,0.4467325314129482,0.3948337932879451,0.14028006878882532,0.4051783201796529,-0.505429073430507,-0.8094254265176395,-0.5947768638427529,1,original_43_17.png
0.11491485613623018,0.4779219566840926,0.401465477226008,0.5868756683319398,0.1586285158466402,0.5514738935106311,-0.1556071597186626,-0.8104875719206781,-0.821221517726098,1,original_43_18.png
0.10497932225470741,0.5709923789771698,0.44796858741081846,0.4831128503351064,0.15454261629722135,0.34939680592368066,-0.5981704894911242,-1.018239227249317,-0.4518069582192865,1,original_43_19.png
0.08089836401983697,0.5536470187828381,0.35943487160972354,0.6434188949414036,0.12851812945991958,0.37143951758428806,-0.43982723375743776,-0.9736216454167637,-0.25216017297748294,1,original_43_2.png
0.10626207205441872,0.5366151230754069,0.41451784184047924,0.5828711251949831,0.14840878880287747,0.44171902525936324,-0.45430212836187495,-1.0392441304081665,-0.4871055945748064,1,original_43_20.png
0.11023119930002521,0.5242850785700242,0.43481007935396965,0.6977904299315814,0.16203431212259936,0.3209770118377483,-0.42888401901752093,-1.2007445996241308,-0.6230013782662742,1,original_43_21.png
0.09536555142503098,0.5249640505890505,0.42445648393603785,0.6620487471637698,0.1417024175581374,0.41799490926191085,-0.4383334841112659,-1.020872276723362,-0.6225256764148859,1,original_43_22.png
0.0966855440407854,0.5393950870714644,0.45936154521582695,0.7124125394591345,0.14822616844509193,0.26471332103725537,-0.48652595498707124,-1.0321464670006024,-0.4706234411624517,1,original_43_23.png
0.11134314190792596,0.5673055875535249,0.43095151103919827,0.568919850606665,0.16833063408433957,0.33248407486319154,-0.5073866658819413,-1.1108059198456703,-0.3555390395258078,1,original_43_24.png
0.0869929524115608,0.573432343551712,0.44703246538040775,0.4580784541110971,0.1200348432055749,0.2478853487290094,-0.26662339855324,-1.272844193980762,0.04517170661641101,1,original_43_3.png
0.10284371259233308,0.5213201817277656,0.4170016783583158,0.4553262211538373,0.1379749314531923,0.4260853303739585,-0.2854038735879764,-1.1525163760198527,-0.20847603701592687,1,original_43_4.png
0.10453648915187377,0.5107298362015343,0.46407578270785815,0.5325451015904329,0.1489600899381675,0.25038788077539476,-0.2514016439379269,-0.875248034685371,-0.46041950724018754,1,original_43_5.png
0.0968192839823135,0.5264439826732418,0.45103805855383244,0.6686091270823178,0.1437830968015251,0.32291246961159786,-0.30385267429685003,-1.0435803632517426,-0.22001936266467048,1,original_43_6.png
0.09104186952288218,0.5332006350479855,0.45101799830020234,0.6800984070824249,0.13361481000324782,0.32302912056500216,-0.4301190168289157,-1.249389231832622,-0.2880434819152278,1,original_43_7.png
0.10190870648207148,0.456382744212695,0.4599319288910839,0.5322728701148622,0.1469317019188608,0.31227435230734574,0.02744964061708884,-1.0806270018766129,-0.4833213571726409,1,original_43_8.png
0.0855795482750062,0.5661340090751563,0.4507893180474046,0.6003827854096824,0.12331241170895696,0.3731246248421467,-0.5452497225270801,-1.0038703420013293,-0.33340294918611324,1,original_43_9.png
0.07887498890959098,0.4626120452892106,0.409011589814249,0.9618551831666604,0.1207771035232316,0.5173167436178644,-0.095455260006685,-0.7743794714967134,0.3860613443559511,0,forgeries_44_1.png
0.07274669774669774,0.4698107577780475,0.3865089349902434,0.9574400246593177,0.1171868888367363,0.7025714126330644,-0.43589317277581935,-0.4908685854641037,-0.08031487627534872,0,forgeries_44_10.png
0.07114512471655329,0.4748416801115099,0.3661174719797372,0.951786601206244,0.1165470662726889,0.6798980561581223,-0.03579502372467734,-0.4003025760791519,0.4112477360245719,0,forgeries_44_11.png
0.08154680294154307,0.44878111463169673,0.4296097563600941,0.9674869004658463,0.13663655824152873,0.44876671075501506,0.2711900307526094,-0.6961266238670589,0.407499852290349,0,forgeries_44_12.png
0.06288343558282208,0.4539633632126505,0.39631279987407475,0.9301058339538324,0.09254536393750183,0.4954943117456611,0.19580652717465788,-0.6699551224709976,0.026895019162306077,0,forgeries_44_13.png
0.06707193515704155,0.4214013460654844,0.4320145782381432,0.9503062871259319,0.0984402881501553,0.3356267836223222,0.373112118662948,-0.893164782777498,0.7238968848638896,0,forgeries_44_14.png
0.06711573518296207,0.415612684292001,0.3942720071356355,0.9304525131648488,0.09682799320055166,0.5011383458120783,0.43394699641524737,-0.7262317880929183,0.3806330827666593,0,forgeries_44_15.png
0.06361101429069362,0.4425739005046864,0.42585616438356166,0.9382517229505682,0.0964301046861068,0.34777839763425833,0.16631703014779997,-0.8575928619620967,0.5622055699696942,0,forgeries_44_16.png
0.05996484006517451,0.4426698018939707,0.43726496257935227,0.9454628160568073,0.102929270626334,0.300331373542849,0.023823579116879746,-0.8493599045952913,0.709143000404592,0,forgeries_44_17.png
0.06553507194244604,0.4986191492774905,0.3735870497427101,0.9612831422843678,0.11131902543343772,0.7183382149455274,-0.5134729012792953,-0.3950676987843802,0.8541879545176272,0,forgeries_44_18.png
0.056498767171539274,0.48145078480269915,0.3799464661699046,0.9476073259492562,0.09271944275846122,0.5684976051479852,-0.22278234650483886,-0.6713124916896622,0.3538550057535117,0,forgeries_44_19.png
0.06617256530346192,0.49133987228312936,0.4191729369333193,0.9528082117796837,0.10595693687425103,0.4341996273031575,-0.19152117011905875,-0.7961214002541048,0.06179487280153673,0,forgeries_44_2.png
0.06305456965394854,0.5188748131274229,0.41355348941100917,0.9429612722753352,0.10024097801810274,0.43495042012628243,-0.3062091403504378,-0.7662401691202798,0.03815993523435246,0,forgeries_44_20.png
0.06417785234899329,0.4822324346405229,0.3847776023160942,0.9346538629586033,0.10584572812175717,0.6559502369952914,-0.36624228357234934,-0.5344220610011519,0.49094176935085176,0,forgeries_44_21.png
0.06636811464397671,0.4860492577597841,0.3872954027219,0.9603617998909563,0.11055576277508393,0.5854796572315345,-0.1400802456366237,-0.7313655980815628,0.21153595234376343,0,forgeries_44_22.png
0.055540471746139485,0.518121983810586,0.3868019605564951,0.9588151514458545,0.09614593737148229,0.6177670005094028,-0.20812651957711406,-0.45451228466809157,0.06292058214971652,0,forgeries_44_23.png
0.0651176948051948,0.43671006463153544,0.39331470084138365,0.9421601263040288,0.10104222425139331,0.5567575927724152,0.3717474276571991,-0.7478442996136456,0.5208740428678746,0,forgeries_44_24.png
0.06601607347876004,0.4927573850971983,0.40185242553944783,0.963151117160912,0.116335327234342,0.5087340085200629,-0.39570718459104187,-0.600528576408188,0.633228082399198,0,forgeries_44_3.png
0.0700424499696786,0.47662549868432225,0.41607905267699086,0.951079734453833,0.11686833340360049,0.4548684153547925,0.06062619535248272,-0.6545416435439098,0.30784671603827407,0,forgeries_44_4.png
0.06462488129154796,0.49125098647508636,0.4255637822867801,0.9663545414177006,0.11014445838222797,0.3788430846087185,-0.2656868823571357,-0.7957877044596224,0.3095055144663088,0,forgeries_44_5.png
0.06425445618529192,0.4698609573028178,0.3989908757551677,0.9720099302626121,0.11206254653760238,0.5186795854807803,-0.17764842788230994,-0.6112391822857619,0.3069926223118342,0,forgeries_44_6.png
0.07851572257222947,0.5104457740864302,0.38565267120682445,0.9405556356343525,0.11803730128927276,0.5560536196284173,-0.2802404973413542,-0.7227753537041024,0.38914487779420304,0,forgeries_44_7.png
0.06857585139318885,0.5725763336105502,0.4048997477094675,0.9582446318275472,0.12591189009947892,0.4365283829767847,-0.9706550717084932,-0.8314171726409558,0.6483495829318957,0,forgeries_44_8.png
0.08396970955682653,0.4512585856260312,0.4206772922200809,0.9531192789437531,0.12876672056445684,0.5217339293949314,0.24841414437730774,-0.5748329041353282,0.9064082789435624,0,forgeries_44_9.png
0.06435699834049421,0.599437566915572,0.38574910578420113,0.9780774867971185,0.09603120759837178,0.8603261767631298,-0.7113677990345875,-0.050750227918616275,0.5478996594680141,1,original_44_1.png
0.1004599524187153,0.5221013089235317,0.3414753102912244,0.9775039480629064,0.14043100390209295,0.8976358368669193,-0.17782785321789993,0.17756266389775943,-0.02332997697394079,1,original_44_10.png
0.053747882552230376,0.6896787142601325,0.3431921713845263,0.9643483545388988,0.0879355639596986,0.8020552261004498,-0.6834101868971213,0.08559115749786139,3.1241533957448295,1,original_44_11.png
0.04849674628276439,0.46295720064496054,0.38623029525699576,0.9760730294310914,0.09456298291628269,0.7455147304369822,-0.41617254120602704,-0.04527254702478034,0.3910688624919909,1,original_44_12.png
0.11383773021403683,0.5363720711977561,0.37049159847585733,0.9621020647301274,0.14730130104341105,0.6097844482551082,-0.136271482678698,-0.4957216399531834,-0.43463937789342255,1,original_44_13.png
0.08003956328223076,0.4976578730743601,0.392794255889327,0.9713702426543416,0.11922030825022666,0.6677672393741032,0.09673123037758587,-0.3197822154164087,0.35667155678540796,1,original_44_14.png
0.10292553191489362,0.5391366838670154,0.3928940568475452,0.9739391686534409,0.14655918632330664,0.539038428802547,-0.14360155465878194,-0.5181444608706265,-0.0669131227244395,1,original_44_15.png
0.07935625366818028,0.5757711028815695,0.3812996973759917,0.9763507336012325,0.13033331642230228,0.7200617323811583,-0.7704933358062943,-0.06738306197765453,0.830565395169264,1,original_44_16.png
0.09096638655462184,0.4904677806457456,0.3436173430111074,0.9628519707492262,0.12828996098958076,0.9002889270015704,-0.18257401838533532,0.1940123141021486,0.1757328942478238,1,original_44_17.png
0.08637948850426247,0.5873202365058173,0.3723222524547498,0.979212997785712,0.13385708566853483,0.6931710690421081,-0.4238394191859369,-0.157312530546188,0.011724992297372783,1,original_44_18.png
0.11049350855600111,0.5079273437846961,0.3631830815311031,0.9665943065219768,0.14611992019321643,0.744194387422049,-0.03347641799608047,-0.01556827547244266,-0.29966307012464277,1,original_44_19.png
0.08301035460172383,0.600413393964448,0.3800680215480848,0.9656939743230893,0.11364986338256841,0.5371660628376252,-0.09095839232966807,-0.4172049693248643,-0.19684887738986445,1,original_44_2.png
0.07256484149855907,0.5092930897537729,0.4481325236395932,0.9798974895040831,0.11785630704423122,0.7399655392121524,-0.31619216874947775,-0.16162723280526947,0.34972723632506364,1,original_44_20.png
0.07936703404962749,0.4950213877481299,0.3821767563430368,0.9741284983290482,0.1216439390364743,0.6622255785042122,-0.18357635119534557,-0.13395941101001263,0.6095796433620349,1,original_44_21.png
0.09254675467546755,0.5355398467038383,0.3808197127290738,0.9745025013733459,0.13791690148060864,0.5758885335659147,-0.4832159686129627,-0.5364803080578544,0.15791110073193693,1,original_44_22.png
0.04769526248399488,0.7162355305686858,0.34729597482248403,0.9690385640152823,0.08446993697268816,0.811923594536834,-0.07945429559148814,-0.056870435696818156,0.6409228208183873,1,original_44_23.png
0.0572562358276644,0.3234440569167831,0.3797703494356997,0.9679295464271395,0.10396061758782725,0.29728486518252006,-0.20353943846827696,-0.7496112793765413,1.4029969509193592,1,original_44_24.png
0.08885616102110948,0.5749062746645619,0.3978019213609007,0.9695574803924146,0.14312543244044676,0.47805117609718917,-0.24353026637610972,-0.47633615451350053,0.10648602318151701,1,original_44_3.png
0.08022442015154144,0.5303641270712239,0.3710799628671464,0.9762283793944937,0.12775756459264034,0.6964123645681696,-0.36705735280943413,-0.27776865028084297,0.2366524534019372,1,original_44_4.png
0.10614895308772859,0.5358703406456216,0.3895536423626311,0.9786524801621944,0.1493358191563738,0.5812735130016573,-0.33854530372700603,-0.33318070947786227,0.32144939112508597,1,original_44_5.png
0.09048248929201311,0.5459514509288265,0.37458533709341724,0.9777401268527759,0.13924296030630542,0.6986376347024507,-0.3175216422921869,-0.33803697666780463,0.10629730158224504,1,original_44_6.png
0.09153498131270081,0.57127861783313,0.3774265166321942,0.9790673020334715,0.14633123689727465,0.6999868137187909,-0.5953033470286652,-0.24618064331650702,0.26329065914480054,1,original_44_7.png
0.0923818946326985,0.5410745546287715,0.3468665659422255,0.9723493453083087,0.13522809558291093,0.8593995442444704,-0.378757288959888,0.1221083113974748,0.14656537581894602,1,original_44_8.png
0.09495706479313036,0.5952553201484474,0.36515813930922203,0.9766488914583987,0.1514970358192597,0.7108775507609147,-0.4334514864019078,-0.220639021533656,0.2350220267162868,1,original_44_9.png
0.0528626767910441,0.5105128918293557,0.46794609838432316,0.9617220359415725,0.0838513785759512,-0.05340398327941416,-0.30951842657680434,-1.182395565408458,-0.4790338870115205,0,forgeries_45_1.png
0.059407041883228505,0.5194548007344205,0.44968381791981016,0.9715376343027218,0.0838614822427772,0.020114009793817986,-0.2648885706231107,-1.5480189149038315,-0.720639921628337,0,forgeries_45_10.png
0.06174841772151899,0.6621012712288185,0.4452874759769379,0.9485678899650608,0.0895496701405488,0.11623514647946347,-0.7907646876789554,-1.1236354390892571,-0.4611095676266417,0,forgeries_45_11.png
0.049862433862433865,0.518001320505565,0.38970005659309565,0.9601300956672818,0.07942688579856721,0.4642970981690394,-0.4875121044572779,-0.9473631176026527,-0.2194781465681066,0,forgeries_45_12.png
0.04603069855934455,0.47201620780724285,0.4544329721971488,0.9671442454133647,0.07523778839284463,0.02485878905092476,-0.2384039076758201,-1.299756764158614,-0.1548130682356108,0,forgeries_45_13.png
0.0328902082257787,0.4646185149782272,0.3921173006683122,0.9619560592982311,0.0775263237953589,0.2580635535094798,0.18143991749345967,-1.0720465122267746,-1.038617866996135,0,forgeries_45_14.png
0.049224125311081834,0.5643879939418973,0.47106506310886465,0.9670527614379086,0.08898150904700473,0.04730782384722923,-0.2231068178566532,-1.3162908679847227,-0.3290891032485792,0,forgeries_45_15.png
0.04726312240080926,0.6070930846351813,0.43103126037205675,0.9544146596754655,0.08760872962133444,0.2544114831764082,-0.32466101531610075,-1.0238428500802592,-0.5785089610021039,0,forgeries_45_16.png
0.033884521550555706,0.48577459179609717,0.423547152194211,0.9606397593784725,0.08388479821045763,0.17613290714648222,0.3322399831017169,-1.0856318578438282,-0.6876700362475683,0,forgeries_45_17.png
0.046231945954340735,0.5021497715099995,0.4117126236148168,0.9749966975425115,0.09289308421422163,0.2947018429355863,0.17551550041055705,-0.9914713876436512,-0.5732912579208977,0,forgeries_45_18.png
0.04531514487702878,0.45894100106960417,0.4520833498794121,0.9445044031643486,0.10597522354694486,0.0985029715220813,0.31198602025093,-0.9232315394140715,-0.32915180703829394,0,forgeries_45_19.png
0.0321617008069522,0.4630460338203101,0.4541945865240405,0.9645691906945123,0.07183605089470112,0.07698873897340293,0.4128889868668384,-1.3144018600670044,-0.4795547316269757,0,forgeries_45_2.png
0.04650225056264066,0.512261005360233,0.402503756610659,0.959918728040635,0.08278521585255919,0.20473086577633198,-0.1746547043087298,-1.1249655926129227,-0.19805110170510298,0,forgeries_45_20.png
0.06052130037157391,0.6035387103646735,0.40800070545347433,0.9669317468753336,0.09745650445994877,0.27952764509254563,-0.7415863029801669,-1.0657970487852018,-0.24156164703912797,0,forgeries_45_21.png
0.06896321961620469,0.6096391908212561,0.4472781022424111,0.9727376699897661,0.09567608791107209,0.13378433638387197,-0.8362140765075805,-1.304268185379702,-0.26503596467384316,0,forgeries_45_22.png
0.07083294870611404,0.5866817555490379,0.432859265415077,0.9567927469878152,0.11008033664881407,0.10645555618702326,-0.6425661992837951,-1.2625705738152577,-0.3912033346470758,0,forgeries_45_23.png
0.04428780178474603,0.4581720959684795,0.3772331416551098,0.9576672567482555,0.08701540239432297,0.42816525259620514,0.39765368397299866,-0.7913463002962402,-0.4235996350088178,0,forgeries_45_24.png
0.048574330697235726,0.488141529783337,0.4755472076467222,0.9745194108785505,0.08448349290975914,0.2528483061754731,-0.014081346848064549,-1.1822446906576147,-0.46729183707566335,0,forgeries_45_3.png
0.056495139049776474,0.5602272527162907,0.459365132977518,0.9571072755757326,0.08333755252898588,-0.029822649468785788,-0.5118463456219852,-1.3216817872070614,-0.5400776821631323,0,forgeries_45_4.png
0.05459119496855346,0.5174594711251603,0.4104943443653121,0.9772401792916292,0.09327862446268073,0.27069109119198886,-0.28973465222421324,-1.226447597661893,-0.024431997763207924,0,forgeries_45_5.png
0.057343014477307046,0.5879363713503759,0.4179291997186375,0.9785603651370254,0.09223049588400208,0.1676685869692752,-0.9379835678575565,-1.073328874881002,0.39396769931780584,0,forgeries_45_6.png
0.04617120190689338,0.5380405035577449,0.4464623862402939,0.9777316948966202,0.0855457227138643,0.05616703418079056,-0.021005820307606324,-1.3677599092600408,-0.2540812154423566,0,forgeries_45_7.png
0.06865552668871044,0.5783672976499383,0.4561097353924629,0.9681478155806577,0.09155511811023621,0.05808917589441246,-0.6745650924876142,-1.2513887994074582,-0.5438562665212605,0,forgeries_45_8.png
0.053405823731598176,0.6206045710643073,0.44646905689299804,0.9748311934989701,0.08118499531719821,0.08777950572425569,-0.8319711792085682,-1.2645200340335532,-0.04436041856586659,0,forgeries_45_9.png
0.08077636459989401,0.5047686279029563,0.4915570820750803,0.9750258051805872,0.13403534998241295,0.049022830042746185,-0.33349911314303443,-1.0100225169357369,-0.39190288823550246,1,original_45_1.png
0.0757141784400176,0.45476873958276504,0.47908961572287057,0.9795842568595716,0.13052483633539225,-0.018040302033488904,-0.11126578299130792,-1.1576600883577597,-0.6035881939210039,1,original_45_10.png
0.06721868365180467,0.42035098237242036,0.46801589808380717,0.9836941264370114,0.14303139823808447,0.18594725389208946,0.35735636316705605,-1.0182475064128436,-0.2524803668780584,1,original_45_11.png
0.07044121024827212,0.4852312763727208,0.46932855966025344,0.9700403452058229,0.12587451726646892,0.17927344914524512,-0.01308489490845236,-0.8688364159152369,-0.452988554284119,1,original_45_12.png
0.04014244304245747,0.42486194041889813,0.45060662962200915,0.988374030348838,0.16622311535954812,0.19579876405636112,0.19005268578957182,-0.9938030733179333,-1.029158990365156,1,original_45_13.png
0.09121824681281833,0.5814439035668318,0.5241677625075989,0.9810512590964245,0.14853831294269157,-0.1546945390423966,-0.5853936653012662,-1.0075411842792101,-0.3938145012502581,1,original_45_14.png
0.07203185328185328,0.544531986971457,0.4791766983978039,0.9809105457187572,0.12059941601013718,-0.016375213002460174,-0.21568943780399427,-1.0998689635056238,-0.6326350678622683,1,original_45_15.png
0.061479516651930445,0.43579172505347,0.5302947093620549,0.9721371525592508,0.12455962261897653,-0.20769121773104224,0.5904171459013895,-1.122900358744461,0.28121453910339334,1,original_45_16.png
0.05692579573176588,0.38738358740045936,0.4760481379167936,0.9832574331614579,0.16471667176166524,0.02709772512749055,0.43922010602465,-1.1510867844157693,-0.653042763366126,1,original_45_17.png
0.03400472813238771,0.4100626622172785,0.43624836303536635,0.9840005583890051,0.11315470665051369,0.2075534423918092,0.27707554151070074,-1.101085380436333,-1.1079720891369602,1,original_45_18.png
0.06581726707120363,0.4341969675807377,0.5024293843330252,0.9711247033220237,0.11267258382642999,-0.10061731001374535,0.17637697143414482,-1.1530586620224594,-0.53658842470039,1,original_45_19.png
0.03352219074598678,0.4251651056728349,0.4340185330635356,0.9828732825012088,0.11340868448009445,0.27862032751295185,0.3963145068297354,-0.861648228072601,-0.7685193079586896,1,original_45_2.png
0.04744044828433014,0.4108506414911644,0.45203815196964864,0.9830805554820173,0.1379452114077985,0.18953379067722056,0.4345341944133495,-0.8804126252701985,-1.0722905835274086,1,original_45_20.png
0.028979938197479866,0.3662112245932384,0.5038924724962155,0.9828446369046432,0.11462588265096102,-0.09104121705840308,0.47934503210478274,-0.9648508330993857,-0.8638490047642935,1,original_45_21.png
0.04495418374728719,0.41848247612329503,0.4446676328901084,0.9731017611112622,0.1260075364571892,0.10388801003436793,0.3715883864246733,-1.0207102235027028,-0.864022874018314,1,original_45_22.png
0.04557863754638911,0.3734527971225926,0.47903231042457955,0.9835172189901515,0.1357227538318232,0.16611204090651013,0.705577454972662,-0.8748985995144389,-0.324677792377595,1,original_45_23.png
0.07336829836829836,0.5112660841938046,0.47108899837255674,0.971903300668981,0.1280694972839908,0.11275861486093079,-0.1962607973921798,-0.8092584760772734,-0.5121231922658631,1,original_45_24.png
0.04990640769236244,0.40061435878742546,0.4716122520667828,0.9752145296137364,0.13440932354463378,0.12154061906678937,0.568693533058836,-0.8187669197694425,-0.4344747547095129,1,original_45_3.png
0.04794881687242798,0.4000072638684011,0.4405395874619423,0.9765449642037419,0.14527000701316917,0.18942679619160213,0.4708005007212821,-0.8263299982636205,-0.7380698977494986,1,original_45_4.png
0.0493328345180197,0.4243329574565765,0.4557305444059741,0.9688330351167567,0.12570435961530313,0.19197820531972656,0.5626403655021958,-0.9740398121200737,-0.3150353732521265,1,original_45_5.png
0.042014630300030505,0.36415073168451073,0.5130587447157476,0.9739291390036146,0.11673276192912882,0.03673563672767791,0.7033288901237489,-0.8968541712620435,-0.3860268812735863,1,original_45_6.png
0.04842977648828713,0.40705435298764936,0.49440767700253063,0.9816260210684437,0.14482246143958868,0.03116788928148515,0.4862530581941844,-1.040557715523254,-0.7174492385025282,1,original_45_7.png
0.04515810276679842,0.41541022957634127,0.5014631051493532,0.987471205172006,0.14219722355193873,-0.04652926516017417,0.5191891403697946,-1.1481589380369284,-0.6350872350738359,1,original_45_8.png
0.037747245169237206,0.39171826699225065,0.42187348318830464,0.9777833509036369,0.1171806947868838,0.2802159133480948,0.3972369216922848,-0.9171528268308013,-0.8609598617236389,1,original_45_9.png
0.03980395925427638,0.5943531713252094,0.37819500746746315,0.9315691135567874,0.0806966957605985,0.34361956217761114,-0.6604992159183178,-0.9780657853614394,0.33574163838054005,0,forgeries_46_1.png
0.05942705806242924,0.45771456542456274,0.3592061827093295,0.9344941324808083,0.0894865823401373,0.5073498963942237,0.12192401856537108,-0.758938113654124,-0.26112144890466915,0,forgeries_46_10.png
0.05149791852512638,0.4490778552299189,0.37749328701013524,0.9595149362608376,0.07182384883555164,0.4635982428897851,-0.09963118118668947,-0.8493139283121582,-0.4747898189637123,0,forgeries_46_11.png
0.04399698781639167,0.5205298399170871,0.3966245662043121,0.9044505863893073,0.07994322591185721,0.2445354165984489,-0.26509628502257415,-0.8785054044261127,0.4140124336849711,0,forgeries_46_12.png
0.04221038235796912,0.5877122188146562,0.3772653243210607,0.9567791354503599,0.08736032078308813,0.2770192079265829,-0.5640892955664367,-1.0435385528897962,0.056470934173631804,0,forgeries_46_13.png
0.043297981088678765,0.5736361187463754,0.404273990728174,0.94586475852887,0.08976872334225236,0.12474366239077632,-0.6925249679158199,-0.874360199187532,0.5529114011041925,0,forgeries_46_14.png
0.03446800011413245,0.6092219020172911,0.3971837912268048,0.9676956663580222,0.0856446032556293,0.21506034736313281,-0.8299683497370082,-0.9527956849200621,0.07464973796423235,0,forgeries_46_15.png
0.049411872257435395,0.5328315437082126,0.42156113717457383,0.9386744674449509,0.09621289662231321,0.12722730875348448,-0.31602423371521926,-1.1183656772309793,0.24742674257785824,0,forgeries_46_16.png
0.04750672198704043,0.5553809897879026,0.44077316656429577,0.9384786419048511,0.08439234270748894,0.08110338427748603,-0.3986274656824856,-0.9666149019951318,-0.01597116578532143,0,forgeries_46_17.png
0.04264608333835856,0.5200115581349597,0.3731417212142512,0.9369965519210568,0.08000905079760154,0.3237017573716977,-0.20844336910360467,-0.8275067543069228,-0.31708292745284483,0,forgeries_46_18.png
0.04442061855670103,0.49696744646614677,0.39477862295399935,0.9277060572238345,0.08352286824911091,0.20243135435437845,-0.07965130034822132,-0.9961426009188856,0.23294843640998097,0,forgeries_46_19.png
0.04828102322206096,0.5908194931210432,0.42014439708015394,0.9231817706675586,0.07635750663510509,0.09642003156028742,-0.5126382009188283,-1.1607698516567042,0.09614602415365292,0,forgeries_46_2.png
0.038889648571037876,0.5143848180503555,0.3961913345076673,0.92675816412519,0.07741640443810499,0.2942435648233593,-0.3267291960829831,-0.852125351486134,0.4949660932643356,0,forgeries_46_20.png
0.049398395721925135,0.5524806972856802,0.41137839832697753,0.9082007766328963,0.09761058790896723,0.3461520255133535,-0.375107133983287,-0.8470448855780015,0.20183565403162884,0,forgeries_46_21.png
0.04788648244958925,0.5236436489274917,0.3653313871442501,0.9087530831689092,0.09096325719960278,0.4270811390593881,-0.3831234340483032,-0.7796559191053909,0.4911150449624442,0,forgeries_46_22.png
0.04101893789707268,0.44196757431163436,0.438277614219128,0.9231219677514706,0.07475320473758268,0.11494446449553926,0.4929735665619464,-1.1015345166430537,0.5103112127150258,0,forgeries_46_23.png
0.053661580350558735,0.5358326392365179,0.397041795957977,0.9264824328827723,0.0985900814388018,0.19896932665609832,-0.1807323091258421,-0.8466078542163458,-0.11646285457626115,0,forgeries_46_24.png
0.04962013295346629,0.5523536803441109,0.43207597100594053,0.9363912280585682,0.09331872057152135,0.12584156068578572,-0.41243612919596734,-1.0858099339040275,0.15062079129189732,0,forgeries_46_3.png
0.046952215373268005,0.5306237566111893,0.3988784861115486,0.9354869229615211,0.08437715984510656,0.20228654104559074,-0.23163719836054208,-1.0354441129016616,-0.02028664452711393,0,forgeries_46_4.png
0.0517683755093827,0.5190914527649222,0.35830499837253615,0.9114519513027256,0.08362680825702985,0.3789226284416652,-0.17860598149144657,-0.874042400670926,0.2637422697114915,0,forgeries_46_5.png
0.04231010671688638,0.5167761709028117,0.3931916957544149,0.9451234560324167,0.07901692458541161,0.18132365294969197,-0.3859130670584697,-0.9613947743922715,0.2216157532666272,0,forgeries_46_6.png
0.04192807543703223,0.4867898878368382,0.40969486856645193,0.941472359719259,0.07107198798215643,0.2317534298731272,-0.158996523994599,-1.071507869104546,0.07378039868064912,0,forgeries_46_7.png
0.03424510137048364,0.5574512001665962,0.356552267179267,0.9746846766915851,0.0546759857862329,0.7533979070563543,-0.7022095270433105,-0.38742677088922406,0.7977850983538897,0,forgeries_46_8.png
0.05704867401181956,0.5614150577092617,0.32742941479078497,0.9588221044063279,0.09053918180104317,0.5945270582030724,-0.1259531850607049,-0.5835645466883954,-0.6111219127735654,0,forgeries_46_9.png
0.04449383594120436,0.5060617297729326,0.3625210037882772,0.9363139167545385,0.09055925497008299,0.5182721129485146,-0.21949016499732216,-0.9124439657870207,0.06109392312123907,1,original_46_1.png
0.0467856223344117,0.49429845248608806,0.34723820404682576,0.966454893483835,0.09201083127861923,0.5865875788756713,-0.2556415020386092,-0.7105065808339677,0.029570714643994744,1,original_46_10.png
0.05268156145349128,0.4577996521189121,0.3565903677071659,0.9585953241248006,0.08859003992435385,0.5599067111007358,0.08891492608534453,-0.7320075364292138,-0.002762680586394506,1,original_46_11.png
0.052905239245266376,0.5251977545690277,0.32544363479674515,0.9526097938984616,0.1085677431034873,0.7956218575785717,-0.16613621462212746,-0.5546048773413781,-0.4156255614205717,1,original_46_12.png
0.04194778527427398,0.5327472527472527,0.3417645097316555,0.9677867978508796,0.09359047078842882,0.692998095202472,-0.4566363259039251,-0.5940173530527462,0.06433282810854779,1,original_46_13.png
0.04113470798864057,0.5345066160014381,0.37853381157389376,0.9370468637832277,0.08744783053783763,0.5387080294005787,-0.2908868903835937,-0.7755922061507938,0.27091928510330465,1,original_46_14.png
0.04581011781011781,0.5280858445278147,0.35199596024962115,0.961218759925589,0.09734231793228565,0.6982225565253479,-0.22070516040051033,-0.6930908090552621,-0.29302619226874693,1,original_46_15.png
0.04544773323342076,0.5061659516595691,0.3447391817402971,0.9794781925774815,0.10427830472533456,0.6045170657036658,-0.22864680971298956,-0.8134360304200468,-0.3355723280846896,1,original_46_16.png
0.043602058319039454,0.5162029420880719,0.36178639114449573,0.9651794500967804,0.09567901234567901,0.6320615609000039,-0.29449051156371375,-0.7393609097637137,-0.28243626011693346,1,original_46_17.png
0.047034057680874555,0.5287044134168121,0.342891493744875,0.9700959714849271,0.10629867280903806,0.591490981768287,-0.36591305858130563,-0.8486611921264573,-0.19968915170597645,1,original_46_18.png
0.04597567716970702,0.4911310945572725,0.3623027801156934,0.9680821100367228,0.098592885000652,0.5640148672528459,-0.12927822368009503,-0.8134928215987425,-0.2531207589710207,1,original_46_19.png
0.05202087736703619,0.48086267782887776,0.37209668764499215,0.9581470527129319,0.0969804189618431,0.612249069285625,0.029947290019113833,-0.7490855840984194,-0.28980111771404715,1,original_46_2.png
0.05342025501672241,0.467417682320869,0.3691535216434336,0.9624357860583033,0.09399891955264882,0.544116877987462,0.12370755953260534,-0.8616702133299112,-0.2203874434987041,1,original_46_20.png
0.04776544195793279,0.5600032793157161,0.38208910760369985,0.972856880725282,0.09122601805025171,0.5073611053425736,-0.4238609951029624,-0.8647254298206706,-0.1935932191210168,1,original_46_21.png
0.039965916804267136,0.4902886843923071,0.34844292215681966,0.9624451550855577,0.08543701310061644,0.5808206632631352,-0.08799346669907547,-0.9402922192718743,-0.17812285390778237,1,original_46_22.png
0.06334188109765083,0.47444683122851444,0.3468635159690509,0.9560224759561483,0.10207813798836243,0.6252596238731823,0.2835211323154258,-0.7005103797773247,-0.42820090827633495,1,original_46_23.png
0.043297495917256394,0.5382474090009514,0.349032760418899,0.961196241765951,0.10761581003602415,0.6895380696376443,-0.34790519189397645,-0.602762156626742,-0.018269407485791866,1,original_46_24.png
0.041052588575338826,0.5320487044263865,0.3495892307609101,0.9635361180227501,0.0950865821347464,0.6297840986748787,-0.27283854895034687,-0.6969755055319165,-0.323533193355519,1,original_46_3.png
0.043527425974140596,0.49864100402872863,0.3502751074471265,0.970657082290504,0.09529387612158392,0.6545250173418221,-0.06303346590096168,-0.7099070940510055,-0.244990934976566,1,original_46_4.png
0.041144844699419945,0.4768585891667141,0.34571378396026675,0.9467839420348421,0.08478465135589887,0.5935061170723605,0.039480635772386294,-0.7520079821944603,0.0781281837111214,1,original_46_5.png
0.04089335180055401,0.5335105333189026,0.34611340859709455,0.9749303574940089,0.10771616198467712,0.5962036284941226,-0.4158378345044565,-0.6880650314409,-0.05631228798365928,1,original_46_6.png
0.049833705573897845,0.506225201751181,0.34841749952026374,0.9747080060763116,0.1004354526995621,0.6750723534549345,-0.11711934056955482,-0.6172650947509646,-0.3978601840206224,1,original_46_7.png
0.053437746256895194,0.5266580757217094,0.3438516881406941,0.9674353487023198,0.10720738524081079,0.6272836924179019,-0.22094595604084297,-0.7604476293577918,-0.26144489902202794,1,original_46_8.png
0.03978536119227447,0.5239568700745221,0.3685689938372998,0.9589899419830723,0.08594595131052689,0.5048511343174595,-0.3312716107606552,-0.9037184040184147,0.1256241824062143,1,original_46_9.png
0.06337778826861797,0.5647932734923956,0.47724732839148204,0.9327083084400907,0.0850288971577864,0.03019064639836408,-0.6682130195870707,-1.4308816439961702,-0.1915959452082161,0,forgeries_47_1.png
0.07788743664977327,0.5141367461035253,0.5339708492984679,0.9662422943132866,0.09742354031510658,-0.2459952201116034,-0.34624771546042454,-1.174812255095867,0.191691280249068,0,forgeries_47_10.png
0.06880560208058041,0.4692537464946007,0.436042949922772,0.9428844582623753,0.08743596051210199,0.12680881580222536,-0.08207029822371768,-1.3915896352928039,-0.3127947010021144,0,forgeries_47_11.png
0.06509184799747714,0.5232230723477885,0.48638548962004496,0.9493268281441193,0.08001792983136266,0.004230094344213793,-0.0728587140597164,-1.5127391177755594,-0.5215621633782774,0,forgeries_47_12.png
0.052632123280587445,0.4551078678313892,0.5006344407431675,0.9221187818041955,0.06704874835309618,-0.05881718749180126,0.18508733979359712,-1.3339778434842233,-0.2468335693690369,0,forgeries_47_13.png
0.04894471918050159,0.5382456140350877,0.4868263237399835,0.8842682800834929,0.06596565144428179,-0.14440248688733834,-0.08811341672792021,-1.4426749035433046,-0.6829552479857255,0,forgeries_47_14.png
0.05280446862699699,0.5243698534497383,0.500410775418737,0.9224937144424116,0.07045353619214952,-0.09241911590611637,-0.16657747069656875,-1.3684604594111676,-0.18997016410879475,0,forgeries_47_15.png
0.04635549872122762,0.5664216033874955,0.5008851458771968,0.9383899135321815,0.05689651515472883,-0.08462290343189982,-0.02790023602192855,-1.3449964723343788,-0.21350656470426754,0,forgeries_47_16.png
0.050404899825145795,0.45366650420090054,0.47873718021675077,0.926045843943957,0.06586589397633423,-0.03215441762028376,0.23501276800449436,-1.3777702942124832,-0.3938889167122741,0,forgeries_47_17.png
0.05626707650273224,0.5139892000261661,0.49156664488843926,0.8948461928116109,0.07217655326838944,0.0032909099633547357,-0.13543607651953124,-1.3517229521764615,-0.4618917168434158,0,forgeries_47_18.png
0.053849043862026984,0.5077600412239435,0.49276972347852765,0.8973624385106114,0.06961445531284391,-0.15235287388481641,-0.18611429455822875,-1.2901075441245002,-0.35481445393043565,0,forgeries_47_19.png
0.07181019130234963,0.50597928802589,0.5357186061801447,0.9608372097943891,0.09252291484190918,-0.18006480686791598,-0.35991447587999004,-1.4372136322455369,-0.33078745770982465,0,forgeries_47_2.png
0.0602381993006993,0.5326313939778704,0.5144363164497392,0.908453761700872,0.07365397461589847,-0.20305333436118372,-0.10937836139903682,-1.2936699072318847,-0.633216553455624,0,forgeries_47_20.png
0.05276292335115865,0.500774081131224,0.48984422973393565,0.8778084348917543,0.06989885132437858,-0.04068040636560363,-0.14477267428022095,-1.3042162251523697,-0.4960106908277959,0,forgeries_47_21.png
0.04901405307029969,0.47749421665192404,0.505930548229491,0.8999546102710695,0.06657882001737497,-0.0856141078476911,-0.1087473262924023,-1.305178439889509,-0.10662711625068999,0,forgeries_47_22.png
0.05095483935642324,0.42540614531176835,0.5275788459613127,0.9122369922907351,0.06937402329755218,-0.15734710519137401,0.2354017814461139,-1.2133187635136045,-0.04222262962393142,0,forgeries_47_23.png
0.057291666666666664,0.5198391494099788,0.5164152850973504,0.8879942908073918,0.07002571761368223,-0.0401969068137755,-0.037638509908566826,-1.3272632607181083,-0.20665396503978828,0,forgeries_47_24.png
0.07651130595293032,0.5325935133421371,0.5309540925946233,0.9654340898835049,0.09021765417170496,-0.17279752063436524,-0.313159884420231,-1.5021934205840664,-0.285272674002071,0,forgeries_47_3.png
0.0700026872432723,0.5359716469677072,0.48886018243464996,0.938190739597769,0.09622564346116806,-0.11295534056396926,-0.5604558259200242,-1.3770440365074135,-0.3224922007401889,0,forgeries_47_4.png
0.06087583379655364,0.48132821576340623,0.4925201783365801,0.9597789216367371,0.08532057602648846,-0.11379749557676415,-0.33472268335106686,-1.4894205857991998,0.14840397117321968,0,forgeries_47_5.png
0.08203545890880595,0.5451753281783852,0.5445273631840796,0.9785835317058555,0.10064744851207018,-0.2780118752363846,-0.4148018763695689,-1.3996495824142943,0.46653932072943816,0,forgeries_47_6.png
0.07846500382302495,0.48864371459884043,0.500023029746165,0.955966813737233,0.10471594043022614,-0.046995111333655595,-0.15951586153478828,-1.368030514356291,0.25057984296613744,0,forgeries_47_7.png
0.06329135700522984,0.49177219644313286,0.487563900930187,0.9595621527588561,0.0879039483901798,-0.09036083642458079,-0.34387449629556205,-1.425432374352881,0.12881809496781527,0,forgeries_47_8.png
0.0691112024701941,0.49324263357130615,0.5349638707709922,0.9672800469759113,0.0789428985362442,-0.14891431977535363,-0.11295758435646111,-1.4734860199768993,-0.6001104503635282,0,forgeries_47_9.png
0.0678134524654503,0.5416889316529354,0.5267748994837287,0.9576978750563007,0.08747212977025237,-0.1719762433561358,-0.4547462549743788,-1.3877134755131009,-0.5107930115295876,1,original_47_1.png
0.06359154929577465,0.5739127353266887,0.49636715642693374,0.9527855307535611,0.08773208196100149,-0.03774496932450138,-0.5888454641583739,-1.4296642297352684,-0.35461328044639817,1,original_47_10.png
0.06828614162669555,0.535126893593231,0.5451186498423749,0.9380847247604489,0.09160490196926323,-0.24085207897490693,-0.2667088618267167,-1.399747515134552,-0.325545471347648,1,original_47_11.png
0.05800996240346377,0.519096370186912,0.5422877623991944,0.9547175361908034,0.07315612002122451,-0.1442142017288742,-0.21475844455177978,-1.4841199086523682,-0.689441460376734,1,original_47_12.png
0.05259645219834904,0.5569664077133295,0.5012223201556587,0.9450529655312201,0.07607370275030484,0.08995989815105437,-0.3723710678873263,-1.4467763825629445,-0.38240705773933525,1,original_47_13.png
0.053952478389777424,0.5849464486751639,0.5015316553512588,0.9415827246889548,0.08222687170348685,0.0979642922183757,-0.6163762357783916,-1.4075805446366707,-0.005799934135693352,1,original_47_14.png
0.05675459221915333,0.536201646206518,0.503798090391077,0.9215656150149069,0.0802290392109904,0.05887085470829357,-0.2887679367580952,-1.4435899022399354,-0.4223291415814554,1,original_47_15.png
0.055064304244632115,0.5390134977143798,0.5039652543152747,0.9383708229030039,0.0755935105971857,0.036443192144812044,-0.29918694093258924,-1.4356819598276864,-0.5498495876494531,1,original_47_16.png
0.05960948706534105,0.5420986607619331,0.5228291217861147,0.9353981566964898,0.08248560501706864,-0.12517568747130212,-0.46642395315043406,-1.3980127536515363,-0.3912632408684513,1,original_47_17.png
0.046053861104881515,0.5112460961427716,0.503131804028375,0.9195184883237699,0.0694106048869798,-0.03258529568986387,-0.36845583695089584,-1.3857585963650498,-0.38632859481382287,1,original_47_18.png
0.05281916789462765,0.5553353097211018,0.4987901452759788,0.9380399159255453,0.07906198988732731,0.08560561420101256,-0.3975005754561223,-1.4545819257706334,-0.20706040112836366,1,original_47_19.png
0.05142719851859665,0.5990860876595662,0.51653027025311,0.951777732367797,0.07376339567135953,-0.12542448918686946,-0.416101043506913,-1.3125007830438244,-0.42562542968835926,1,original_47_2.png
0.05379734341069968,0.5857497752078218,0.5108269958959154,0.9361485206883061,0.08023081711276728,0.002406749043000891,-0.5220368703570966,-1.4419467606138983,-0.27565320813134386,1,original_47_20.png
0.06310257377598927,0.5736107321779497,0.5308681157776185,0.9056682566435252,0.0862092415619743,-0.12618434185361058,-0.44808245187102363,-1.3638552255535097,-0.33750122665269444,1,original_47_21.png
0.047806781140114475,0.6168560915688587,0.5076631232327571,0.920018392593095,0.06769250897672593,-0.01576895931488946,-0.7216647273229908,-1.4867005070149168,-0.029829560648507503,1,original_47_22.png
0.04534521788341822,0.6688610985299627,0.49177856237056505,0.9301966753947508,0.07379521539913886,0.0843361832143576,-0.6247477658729895,-1.3504379251306973,0.06850858221782863,1,original_47_23.png
0.05517893885949442,0.562301433160431,0.5727973036087527,0.9093785942689427,0.07451143347990846,-0.28552230275127743,-0.01066316069396448,-1.3209215528614635,-0.4304370000891806,1,original_47_24.png
0.05865080964859235,0.522465065984146,0.5500150064996606,0.9568806058877488,0.07412345133870571,-0.17275584150950152,-0.24667377072150404,-1.4725008504020527,-0.6588919302940854,1,original_47_3.png
0.0671981494485522,0.5418135760888833,0.5219153337895752,0.9578560582535782,0.08745202180387265,-0.1727526573779961,-0.45653490609987907,-1.3867514340541782,-0.5067093830782468,1,original_47_4.png
0.06383210882374336,0.5138417519533399,0.4950062291757207,0.9522197360548436,0.08656748811238482,-0.12495661819152026,-0.398741386987791,-1.3119246240982285,-0.47690530364709094,1,original_47_5.png
0.05795431132172659,0.5706375762170216,0.47441099655982955,0.9528242696786138,0.0834260186112038,0.031429941423144515,-0.6821474319395584,-1.4927120401823717,-0.0499682506946697,1,original_47_6.png
0.06884433264279373,0.5086066284169107,0.4952130895395097,0.9479906704140315,0.09138676095069731,-0.0161181599113158,-0.299489386289757,-1.3933756424795818,-0.5733057869526923,1,original_47_7.png
0.06135091926458833,0.5698543804057997,0.5088088905329902,0.9445053005703177,0.08429599701884795,-0.11304771778313712,-0.4385197066381603,-1.4244644843715846,-0.6346637893731173,1,original_47_8.png
0.0623701423624471,0.5714266555802914,0.49966789137409257,0.9445388137810994,0.08568559044296438,-0.007686489370747189,-0.5352005001544843,-1.443326348149192,-0.3175307570497541,1,original_47_9.png
0.09980401025177145,0.40091085358704964,0.5140468407923929,0.989979712170957,0.16473125414731254,0.06774357604136072,0.8459887212257958,-1.3505978823059668,1.5652794555695388,0,forgeries_48_1.png
0.08718852499143291,0.43064964232847447,0.5269126001529337,0.9827985081597379,0.13339824732229796,-0.04512860900230024,1.057376465948841,-1.3465581566357263,2.736597989200922,0,forgeries_48_10.png
0.053185969281859695,0.3395237250554324,0.5257058135649849,0.9767438981567416,0.09170700283620682,-0.10958166275204535,1.7892469107028945,-1.3214312825613834,4.049055613472378,0,forgeries_48_11.png
0.07575920227104654,0.49982353986981753,0.5331803861969513,0.9881824711117474,0.1246797860332728,-0.03982304113239087,0.9527463282520983,-1.3130211547414348,2.172077091638923,0,forgeries_48_12.png
0.06060824289387076,0.44275995513626165,0.5308051870709345,0.9824113863981281,0.09914473529203874,-0.07794083623983686,0.8899890705570894,-1.379474774323505,1.1958232538962665,0,forgeries_48_13.png
0.053259350144364885,0.3386210202277351,0.5107803200323702,0.9798202204267779,0.08864257485090776,0.046671298814462865,1.4396078511502444,-1.4827143457310614,1.8677272267346678,0,forgeries_48_14.png
0.06170157704462934,0.42124868014547734,0.5482336806880248,0.9798345272772788,0.10578254614877855,-0.21463662753350793,1.386475855554189,-1.3471755343440734,1.8727874567719782,0,forgeries_48_15.png
0.057369402985074626,0.33693119767018564,0.48732039157126267,0.9839085357815343,0.10127981931962546,0.11493860233253948,1.2726227419358176,-1.3091460066548979,2.4845267311294537,0,forgeries_48_16.png
0.0739163370086693,0.3671249992164958,0.49289037835940486,0.9803610785776157,0.12359091996566136,0.0280489204317566,1.5258120455473583,-1.4157321615559122,2.391755231849804,0,forgeries_48_17.png
0.07090080660057878,0.37138236125994417,0.5167360854094601,0.9808080854878845,0.11568940183606063,-0.06485388616441468,1.5726379022618497,-1.4124831956512944,2.9733154274841906,0,forgeries_48_18.png
0.060252572384288154,0.3602443016100866,0.5123542145166792,0.9735073210542574,0.10186351948038644,0.05436262568708811,1.4299108143983148,-1.381165495156219,2.605096136177841,0,forgeries_48_19.png
0.10130056079226822,0.3804239619571479,0.5092075699537765,0.9894894143875176,0.15655747421661992,0.04710599680240782,0.9671623494286831,-1.3431709532846234,1.9252675660347869,0,forgeries_48_2.png
0.06301939058171745,0.4354771839331453,0.49644296610344546,0.9835212239687092,0.08777202697233011,0.06686540488492541,0.9115299008796331,-1.4281612076838957,2.1048809190597275,0,forgeries_48_20.png
0.06241915455062865,0.387683129258946,0.4929144009032103,0.9789871895526212,0.10533956209478487,0.02655865381135177,1.539382011045888,-1.4424787548005464,2.9775379384236063,0,forgeries_48_21.png
0.07982694198623402,0.331492138571366,0.5027907325563954,0.9805831812674521,0.126156141223272,0.16755850789903426,1.730832896678161,-1.2615265440525238,3.4989273004492505,0,forgeries_48_22.png
0.07363734484619536,0.3921107590465037,0.5163211311734983,0.9810310061030543,0.11097255167739749,-0.07929844205994213,1.3999696435171252,-1.461323520922803,2.7808176722323426,0,forgeries_48_23.png
0.05496928838951311,0.4553687319608801,0.5042366946473346,0.9807071242169986,0.0929843590029498,-0.0412442592700769,0.9937406200274479,-1.3025965486018056,1.7510872675782876,0,forgeries_48_24.png
0.09165236187933117,0.39607777073093386,0.5201732628336116,0.9851733605251954,0.14454883636983484,-0.03874584634265609,1.001099480531362,-1.4170274215741923,1.7708827359907682,0,forgeries_48_3.png
0.06703885257806827,0.5177751448130595,0.5703566892791871,0.9728605121756594,0.11211902683417467,-0.15771714144095905,0.17195513082111563,-1.3566702410472522,2.7400356413120166,0,forgeries_48_4.png
0.0685233918128655,0.453307256477728,0.5378911892252263,0.9831394520192522,0.0685233918128655,-0.05249403609453412,0.5649118053747342,-1.386050249272408,2.6957101756021045,0,forgeries_48_5.png
0.08480821142459073,0.4649787517736565,0.5615789411216346,0.9789391848063348,0.11683423678745211,-0.1121838436256438,0.7122875418869365,-1.2727798342541428,1.9955258345336038,0,forgeries_48_6.png
0.10043942747058543,0.4054391086347674,0.5369313920173951,0.984824392161154,0.15765534993564834,-0.03992517419012354,0.9426569997180477,-1.2980589921180865,2.2848986434351133,0,forgeries_48_7.png
0.08778867203157278,0.3076468060131891,0.5162282355203222,0.980796549068455,0.1386906646533038,-0.08223589936143771,1.910063380894575,-1.463531674754211,3.9318151833927786,0,forgeries_48_8.png
0.0968497232865049,0.4403112099540671,0.5428213119275751,0.9854335388233754,0.1488022238574115,-0.12517634941016131,0.9055361424886467,-1.3260302439940423,2.2501970320066835,0,forgeries_48_9.png
0.07162859745605453,0.37577662107693344,0.472375319707168,0.9793422418857987,0.1134606477357751,0.20105194994086986,1.7173053175316932,-1.3236725802871554,3.3885460915624455,1,original_48_1.png
0.06226782890139394,0.33706386462316457,0.507380324829951,0.9674941369741495,0.10354819226446685,0.04090977777020903,1.8773321456840293,-1.4440074480129634,3.131310811609951,1,original_48_10.png
0.0704252506334692,0.28004153574366514,0.48379465752722906,0.9812120374502412,0.11866971114576372,0.15138249160542694,2.411446424248921,-1.3542736927468375,7.23566858703497,1,original_48_11.png
0.08693021379588543,0.3870881709242111,0.4737411165364207,0.9865937476674955,0.12799727220731225,0.16188843115062934,1.4246149598125972,-1.380842918584575,3.035155621460585,1,original_48_12.png
0.0784313725490196,0.3394398437455898,0.5044000253279181,0.9772731869440388,0.12922524678432545,0.05090871501558747,1.8967199927131215,-1.3633541293201767,3.682712816964276,1,original_48_13.png
0.07840857531760435,0.32442671634345577,0.4286985759493671,0.9857810430315233,0.12865252186860227,0.3804002974773589,2.19146790635386,-1.015005438399011,8.564423951531023,1,original_48_14.png
0.107174688057041,0.40185207832266656,0.4984519614149244,0.9864491869803509,0.15566529623991657,0.11071233255946941,1.286744835479738,-1.302905140147652,3.2688333383458277,1,original_48_15.png
0.07458019953071844,0.3228419243986254,0.5127508668293309,0.9716146363962347,0.12096511552168532,0.07711040976065382,1.8614343056109497,-1.3880868956061334,3.335223262408567,1,original_48_16.png
0.08149954698340595,0.3880067941134267,0.48778812878452016,0.9812228407333653,0.11691132614636839,0.05513150630429337,1.6963556975366587,-1.360864254217699,3.7486064256861793,1,original_48_17.png
0.08602150537634409,0.35904527889784943,0.4541376133786848,0.9824736126615436,0.14023225968009514,0.1844401213690539,1.836454895667121,-1.3403257648883176,4.155970130747337,1,original_48_18.png
0.08530455556015852,0.3672779979985404,0.5029084575798738,0.9810715474180108,0.1341564054118618,0.02670859830932176,1.7496209510529561,-1.3997383726478971,3.4513447627209324,1,original_48_19.png
0.08246855345911949,0.37850168149560426,0.4919663680894053,0.9837384961431567,0.1260703662530421,0.1432520696324836,1.641733425707649,-1.387023485506439,3.659384986720471,1,original_48_2.png
0.07656176023522962,0.36065067741227225,0.49776426061442913,0.9804881697964734,0.12479311150147741,0.052084827842727006,1.8721987543478196,-1.3779957987716376,4.034236879398426,1,original_48_20.png
0.08997257391892399,0.3679006063525235,0.5041484605983939,0.9866290710714845,0.13355045226915313,0.07890090510131094,1.6631126186005112,-1.3316985768724878,3.753492233302951,1,original_48_21.png
0.08945051099998542,0.3443279103260223,0.47071778373543016,0.982913243357813,0.14145244956772335,0.1015494848303075,1.74642780066577,-1.3130560440897436,3.2402421718826595,1,original_48_22.png
0.06818281263673755,0.31370104842167285,0.499886486114025,0.9668737176243312,0.11619301499715716,0.01726348701950345,1.9074214319168352,-1.3983648976492797,2.9362245407236722,1,original_48_23.png
0.08579886230136648,0.38265571670219906,0.44440250310587315,0.9839840647454001,0.13023534104507378,0.26809963889317956,1.3881594445737842,-1.36627467421423,3.1122217547744837,1,original_48_24.png
0.0809855439485069,0.3941406358751635,0.4861994561064865,0.9864053060832912,0.12244490976169109,0.12759914344383896,1.522556167500158,-1.3161572948901974,3.5393501704429386,1,original_48_3.png
0.07254350594227504,0.3414042080627591,0.5016439274010707,0.9720123456603509,0.11949311776272668,0.03817872929998431,1.799698278386169,-1.4349813676694196,3.0663449774229212,1,original_48_4.png
0.07705293769716089,0.33487675915560533,0.4496268289643684,0.9838258196994206,0.12059904145652321,0.23540045562724393,1.745268504260553,-1.3193395074164875,3.746449031291874,1,original_48_5.png
0.0782874617737003,0.3709975665589412,0.4706403575835613,0.9785343255004496,0.11571676671874133,0.18054446293871967,1.6777081854927516,-1.4191172426105647,3.054370458930629,1,original_48_6.png
0.05632608132608133,0.4251884979411132,0.5499676904694722,0.9592550729213558,0.08631458834619106,-0.06346589400894671,1.2818011261384108,-1.4010358207322702,2.4834342291691085,1,original_48_7.png
0.07992436348141047,0.39309939192528665,0.48237984164008824,0.9755491939853042,0.12376686792701838,0.1250989648457029,1.468641032999778,-1.3354917615507949,3.296588529901511,1,original_48_8.png
0.08545901541044552,0.3500550318359171,0.5108743791310797,0.9819045162413849,0.12828198273611824,0.058951598050284625,1.591310186920592,-1.3791665365332364,3.206740629445825,1,original_48_9.png
0.04901306056891669,0.49601089797183134,0.46072426728969224,0.8065165855817701,0.06927782822730966,0.0018816559184095336,0.09269031658626796,-1.038162176617518,-0.011370484037102724,0,forgeries_49_1.png
0.05126522961574508,0.49515639022768826,0.49038523153470664,0.8453028415552508,0.07473902825599825,-0.19292317618888818,0.1323215280480922,-1.0073575073791428,0.2954089550353509,0,forgeries_49_10.png
0.047483498349834986,0.49211906420876667,0.5185182450043441,0.822011139842374,0.07013332033439762,-0.251859145856272,0.050308067281749934,-1.2250004831537906,-0.02073225958083391,0,forgeries_49_11.png
0.04854546970075852,0.47498916853755563,0.46330301239458216,0.8352267465228536,0.06626087945844474,-0.04389157505867879,0.2275361888004391,-0.9350925963615451,-0.08648915389338852,0,forgeries_49_12.png
0.04692202462380301,0.493036897298602,0.487153177993235,0.7919543154372883,0.06623468577681464,-0.1673527482139571,0.09452839486453218,-0.8844852314756633,-0.04357941212320071,0,forgeries_49_13.png
0.039487605535791635,0.4556686286903717,0.4901068290654776,0.8233297286122522,0.056934291623154575,-0.22492098778528086,0.5144347867980558,-0.7356232385121233,0.0012486623727530066,0,forgeries_49_14.png
0.043887375996887766,0.4803292369103261,0.44271720761685746,0.8197498388170791,0.06153548944294188,0.16774076407673907,0.14399071135151714,-0.8682557871358352,0.003941864198733214,0,forgeries_49_15.png
0.05234803296210737,0.455369922354938,0.49229562657766923,0.7985287205205183,0.06898627771719375,-0.09256048275471618,0.21493340255632573,-0.8938116115085295,0.2342518595444032,0,forgeries_49_16.png
0.04721702733992341,0.45900653179535034,0.5042944239028658,0.8516132822065184,0.06924654224404769,-0.3074818268221895,0.40039320537149536,-1.0521975236973284,0.3982295912994398,0,forgeries_49_17.png
0.04158820805679889,0.4082461884723361,0.432233923258525,0.821630879467497,0.05787902221076599,-0.015601485092362147,0.2108500539459216,-0.9406245269045983,0.2120936785865486,0,forgeries_49_18.png
0.05077159646328738,0.46217087984560973,0.5032635755246285,0.8070389583550525,0.07501724301150886,-0.07923063621183607,0.44804007022133396,-0.9585003502110112,0.4013968153551808,0,forgeries_49_19.png
0.04742608318353685,0.5375296811112877,0.5192080376066076,0.8624450791625917,0.0663580581513844,-0.2573718626692576,-0.4878837190252264,-1.2940026315149504,0.17724424368892366,0,forgeries_49_2.png
0.05156825017279707,0.4760593044872939,0.503427752783115,0.8540804837609107,0.07260652288269331,-0.22957530212632876,0.30893781221433936,-0.9953552467408056,0.3053720052421669,0,forgeries_49_20.png
0.048187571921749134,0.48612392582541836,0.46424737074123057,0.8522667821924921,0.06825776304708088,-0.09653315943898053,0.1505373754231326,-1.0721149720756982,0.030877297174889407,0,forgeries_49_21.png
0.04810126582278481,0.5047527657828679,0.49976082356334606,0.8627672492719513,0.06597485531829975,-0.19944062854953107,-0.1060015405959244,-1.1110056371118426,0.08115563901480272,0,forgeries_49_22.png
0.05039109778347815,0.49704885950683136,0.4638423821018449,0.8687765467819567,0.0731010626449508,-0.190197681660519,-0.0653627132475407,-1.16869932452584,0.4230185154994617,0,forgeries_49_23.png
0.05028415104785788,0.4852987284644537,0.47819491535541175,0.8522334800122575,0.06913613415275773,-0.1070193604787635,0.2603531574995471,-0.8488860073041353,0.21577026548658473,0,forgeries_49_24.png
0.05694444444444444,0.43492092765918205,0.5021151196427669,0.8151268377196648,0.07800571955283496,-0.2656467758483565,0.4514076195815152,-0.9609233324466793,-0.1448169962255399,0,forgeries_49_3.png
0.04895281951466528,0.4592610358289696,0.5036619901231344,0.8648450133477856,0.06902591679403791,-0.2796063028062233,0.4474611051655088,-0.8644548502850427,0.3055936736611189,0,forgeries_49_4.png
0.047892173195614576,0.45687499791553876,0.46496408475551276,0.8274521019560782,0.06877107445548164,-0.06955880948884507,0.12260993547541064,-1.076169305473172,-0.036865088497568976,0,forgeries_49_5.png
0.05073257960313798,0.4660871075737477,0.5336269165394505,0.85827979282178,0.07600789318276752,-0.38191903071470906,0.25146419946476223,-1.1015287146243897,0.006571468296893812,0,forgeries_49_6.png
0.049585081585081583,0.46824917091182605,0.4854374596194829,0.8504552819708899,0.07232717233125247,-0.15391836403858958,0.2955330605349103,-1.047239675454102,0.3782529599408275,0,forgeries_49_7.png
0.053932830106115305,0.4655636187003122,0.513274649811161,0.8223450828205451,0.07988441335727885,-0.23569908153062194,0.16292844546733787,-0.9977718555334074,0.26175010158369183,0,forgeries_49_8.png
0.0586281179138322,0.43929449559750416,0.5487698489438966,0.8436028490819614,0.08398707141580991,-0.4733705388888178,0.4368366934034809,-0.9837853019995153,0.22969509191513415,0,forgeries_49_9.png
0.05462642573369217,0.41568004523412494,0.48054309700419756,0.7535598519051252,0.07962731613912596,-0.0007596640904509246,0.618657039699551,-0.765040883471261,0.10152471962083887,1,original_49_1.png
0.043789404732661914,0.4449907681412348,0.4354353212282044,0.8270055402574713,0.06838932983230889,0.061969795075469014,0.32275435346713466,-0.9435989910458256,0.3301889692256208,1,original_49_10.png
0.044270959087860495,0.42747917424150605,0.48611362759029025,0.7508123189928126,0.06819797331922701,0.19186885932433254,0.5668245051807578,-0.7783190355257266,0.32518132884482,1,original_49_11.png
0.05070827967578214,0.41432553241806314,0.4722907011485468,0.8105600310281537,0.07512653894930586,0.15285706846538802,0.7473161253782629,-0.8101782989443804,0.4668314643899829,1,original_49_12.png
0.050715458597232,0.4168323820431657,0.49808393675502677,0.8435714587670244,0.07558471524629709,0.06166310683309834,0.6681345053186255,-0.8384487085083774,0.45600933403226174,1,original_49_13.png
0.05449779646858888,0.4275738893539736,0.4982680634067998,0.865050561992127,0.0769355888093689,-0.021150960319220972,0.48493108132619983,-0.8760163957070191,0.6058292395188123,1,original_49_14.png
0.04902581285678829,0.44842425009492465,0.5111097875424059,0.8650177398398592,0.06484467971603267,0.1051001275893238,0.25296283828161864,-0.9366769831921689,0.3611349053533157,1,original_49_15.png
0.04551396648044693,0.4857870018301969,0.497918743095618,0.8278732155029763,0.06381195563631807,0.04558869430144612,-0.10233360187185243,-0.9706013816511954,0.372515398818718,1,original_49_16.png
0.045768585196816286,0.43436309391656364,0.50240670454487,0.7947578050471897,0.06806341742288213,0.04582775175555424,0.379196098616006,-0.8633850398460821,0.3127974487840257,1,original_49_17.png
0.04279739776951673,0.43480616881811235,0.5136645915377616,0.8249984166878988,0.0626985567758918,-0.05932626532504769,0.46762640187098503,-0.8449297805899385,0.32664944339822144,1,original_49_18.png
0.04929878048780488,0.47673273300450997,0.5076326530612245,0.8631327218026547,0.07035084055549755,-0.12047158944529465,0.1394797488512816,-1.089940269129215,0.4263221132248143,1,original_49_19.png
0.05498520162782094,0.4349813376429911,0.4740093281707053,0.7914928986110743,0.08219840995506394,0.07091630664149143,0.5051414989182826,-0.705528791521679,0.24209815014734382,1,original_49_2.png
0.04843146088729756,0.46212798474407785,0.4967078340626494,0.8110862055696666,0.0690447819215915,-0.0287505811761709,0.13236948333348644,-1.0998445752979584,0.3113661904904763,1,original_49_20.png
0.05389069483949614,0.4484550439495144,0.4749715376077937,0.7556376724741575,0.07803335355875485,0.0259701732422913,0.40103873455180655,-0.9749614193151253,0.3161501629077552,1,original_49_21.png
0.0447910455177897,0.46165378797895984,0.47849795006916074,0.7842563548444944,0.06420678663330633,0.12278341764370751,0.20862732924487934,-0.9063531647240648,0.02875514728951467,1,original_49_22.png
0.04528816569924192,0.4572118501512941,0.4400034943600727,0.7925911253937031,0.06392657264383254,0.3027983824751443,0.12596322752810152,-0.755411248646142,0.21743619142574788,1,original_49_23.png
0.04706945644175704,0.4081895266335447,0.49027700819655307,0.7841311685574368,0.07023092069932574,-0.01555323592299057,0.63052721256961,-0.7551779008177428,0.24500306029338725,1,original_49_24.png
0.047238327738785474,0.410499543928919,0.5155127862425376,0.7690706799759481,0.07155109545281797,-0.01607030032530594,0.7367581072023388,-0.8651165460989914,0.7477451888492621,1,original_49_3.png
0.057726231431741444,0.43586660549915646,0.4962791333136207,0.8087407918441478,0.08303862582097092,-0.030734082490855717,0.5896692764990572,-0.7484994434044565,0.2837324809706061,1,original_49_4.png
0.05186034324642998,0.4193622807213071,0.4859459205515576,0.7831770484739816,0.07661118637507258,0.015056013161970827,0.4917575829941194,-0.8515100614323012,0.37938716361635283,1,original_49_5.png
0.05299812661775852,0.42024581262684624,0.48920417592840687,0.786072716605054,0.07694064400938402,0.07796684427499741,0.5962991673449608,-0.8634243413499871,0.4599628092509307,1,original_49_6.png
0.04568123239225559,0.41757046025612654,0.503047487153706,0.8528048960237254,0.06843386043838617,-0.0641062681612033,0.6865467448932425,-0.9018068621069393,0.6528633640395589,1,original_49_7.png
0.044675303930126024,0.40168947160015844,0.4891689798313195,0.8412790547606859,0.06360822983762884,-0.0645230900983596,0.6086610250306874,-1.0200727143764343,0.5778198820578027,1,original_49_8.png
0.05050222867856123,0.46262054439520234,0.4733072605723219,0.809594601637757,0.07092662342191533,0.07964563078258864,0.2484434223873902,-0.8904799367411016,0.27524292209897583,1,original_49_9.png
0.055446194225721786,0.46077854913106275,0.39543727810650886,0.9279924385617049,0.07096725428113111,0.1692633477235941,0.1760203302901572,-0.7820382200092482,-0.22690196426240172,0,forgeries_5_1.png
0.06913399197283113,0.4484548125597366,0.3904159535784896,0.9474006802926545,0.09773796143731654,0.4248671041770178,0.137077256518477,-0.7426110008896978,-0.9623028585700095,0,forgeries_5_10.png
0.0410163139329806,0.4876848688055353,0.5103592611393681,0.950165495788466,0.06269375926674754,0.20261749150081299,0.13856428409024002,-1.2677783306415658,0.8964855719396674,0,forgeries_5_11.png
0.05306269085683492,0.47924154778731975,0.40308931103619167,0.9215332084967771,0.0773662982557226,0.14769202557589495,0.08691095637474999,-0.9924524721644108,-0.46067280875465366,0,forgeries_5_12.png
0.042645380592324075,0.5590107014892559,0.352135280536349,0.8688677317236736,0.07031242139155808,0.48028554871580675,0.08742482668328075,0.010441577801517887,-0.7217031755368795,0,forgeries_5_13.png
0.05901580105778391,0.5099667415204857,0.4319492638563794,0.915222620702883,0.08284337460515091,-0.0351087870965625,0.0866385801324853,-0.8459504438944596,-0.711043118817519,0,forgeries_5_14.png
0.05114503816793893,0.5119549463426668,0.41184604389571916,0.9315477417071011,0.0809278704275616,0.2638035554062984,0.04846784673536869,-0.5567546385995761,-0.1880755285577358,0,forgeries_5_15.png
0.039536940886888965,0.4282769373431761,0.4873445156002306,0.9232121494973903,0.06091942102845968,-0.01544866650606875,-0.0547644418044283,-1.228406928027481,-0.48243551666911255,0,forgeries_5_16.png
0.05640087840636454,0.48145686686224143,0.4210967531803985,0.9196805578020675,0.07574358220860183,0.2955286567752612,-0.04006093389377561,-0.9102063945141041,-1.0200018096567298,0,forgeries_5_17.png
0.052324759751271904,0.5573048848634427,0.4258863638879357,0.9108092613657072,0.07564130393145804,0.16292532069919183,-0.47811284325361747,-0.5357077044495657,-0.23347994213255996,0,forgeries_5_18.png
0.05199595920096458,0.4625526802480406,0.35097446302028334,0.8887590297934278,0.08439023874250294,0.6163043963663446,0.16299854177349804,-0.19612763239468078,-0.6644912331259136,0,forgeries_5_19.png
0.03708475432613364,0.6625559835885872,0.3697198351149305,0.8909782248636535,0.0502808603918345,0.4922005591480285,-0.3550456872442049,-0.5401002568986577,-0.05808468990120952,0,forgeries_5_2.png
0.04933663528857614,0.49256423044937436,0.3857109204897521,0.8789610520101954,0.07664164791183938,0.11342020961651712,0.012337269857609882,-0.6582507385153678,-0.5568379090683813,0,forgeries_5_20.png
0.052235245179602624,0.48079572618366945,0.3980454561131767,0.9287717882493004,0.08492461312010184,0.3608481293525358,0.25516656690819917,-0.6143957883430664,-0.17787869302976356,0,forgeries_5_21.png
0.06230208595124403,0.5324885560446884,0.4185840572692441,0.9092389534231092,0.09727036111801404,0.18816091684228303,-0.04784860482397905,-0.6506942189697056,-0.8030779972266688,0,forgeries_5_22.png
0.07856748985781244,0.4743396115263396,0.35436503728269614,0.8962760782858875,0.11506236931285602,0.5185905098995395,0.17368634622906798,-0.5448722750150985,-0.7798734759073946,0,forgeries_5_23.png
0.05240951084912434,0.48940724434010546,0.3323822880855326,0.8772607095690261,0.07416367489524768,0.26644893505953704,-0.08899849850570332,-1.1045580485874067,-0.7776545758972455,0,forgeries_5_24.png
0.061977433543698605,0.5138423983104309,0.39328871008242156,0.9417213077890662,0.08889717903422245,0.3899708797748256,-0.2771911101547339,-0.8632867307160907,-0.7308735519695548,0,forgeries_5_3.png
0.049590626764539805,0.3637331747387256,0.42913700552099543,0.9340772128971906,0.07826232247284878,0.24382507191679473,0.10557619795399144,-1.0410118601203198,-0.36581283462059666,0,forgeries_5_4.png
0.07254464285714286,0.5587488129154795,0.402140426445982,0.937745421241995,0.09193174526263406,0.17155865992423033,-0.331673122035857,-1.2089240337315135,-0.659670161290844,0,forgeries_5_5.png
0.06974721941354904,0.5876020686818559,0.46820956294830257,0.9619411505991297,0.10012773616675376,0.20653534096374268,-0.4768544497451028,-0.9591352623510301,-0.3898859705029114,0,forgeries_5_6.png
0.06547286279990683,0.42340748646894694,0.4888523229268582,0.921019148213805,0.08656652063105862,-0.006145550780445459,0.2666353089151048,-1.181060523635276,-0.7629148030163364,0,forgeries_5_7.png
0.05902698095269318,0.4860010648473664,0.4362748349164552,0.9180906006516723,0.07964875804560836,0.12726213211177645,-0.033266672093206766,-1.1256816813869377,-0.7731788973856335,0,forgeries_5_8.png
0.06749343803863511,0.4735372788437459,0.3896029051213293,0.9362633081666699,0.09562943972112725,0.41809927509061423,0.15210407421085825,-0.6286497225629923,-1.0013714621342835,0,forgeries_5_9.png
0.08009806476064145,0.4852721729293912,0.44128596605308124,0.9527882950870257,0.10308351243007606,0.12838782951508093,0.10727731173990633,-1.1268192845354126,-0.95236250431733,1,original_5_1.png
0.06527124773960218,0.5153317634021333,0.4700663083429377,0.9508535664562822,0.08129138327102382,0.047627155477172355,-0.09370335423540561,-1.3761271983454688,-0.7347666820205587,1,original_5_10.png
0.06126732612810649,0.5098870322096886,0.45576781114547466,0.951968094687313,0.07790329781245754,0.13829693439807317,0.03702860369417903,-1.316535980810679,-0.9575634804845135,1,original_5_11.png
0.06963419617318387,0.5292446310883536,0.4435046422203659,0.9721600309493323,0.10162174775405437,0.023669962038236375,-0.16340487109440605,-1.0807798003140177,-1.0064677802069677,1,original_5_12.png
0.049743301480232344,0.47378969748715116,0.43903066792250817,0.9631355612263274,0.07945838521214443,0.21594581154961137,0.1894364939286071,-1.1928331120954792,-0.5262938717039773,1,original_5_13.png
0.04217764972419228,0.4405356778686344,0.4168374649280721,0.9037540796408001,0.07220928149077226,0.25720622506355817,0.33741085311284547,-0.5391762048486175,-0.2167332742823329,1,original_5_14.png
0.04561442730456815,0.4720384606829563,0.4105942850919162,0.9710634400536874,0.07502512686000049,0.38007107340710683,0.08497055309275325,-1.0214561728184333,-0.418781600917578,1,original_5_15.png
0.052365762892078685,0.44247872320667025,0.4543459465999996,0.9646205055067402,0.08296483470204254,0.2161447572022089,0.2617048097911462,-1.1615323463543406,-0.43854783561496324,1,original_5_16.png
0.043736171511406116,0.49211975996420615,0.4956339128179255,0.9516549835894427,0.06617095365436042,-0.062167539263245405,0.007942557533564537,-1.4822161062513963,0.07238710684769556,1,original_5_17.png
0.06177707676130389,0.4959011907888976,0.46226424592254517,0.9680092733544715,0.09445337620578778,0.20651138304152336,0.055888533624433086,-1.1610364132964888,-0.4649448464101589,1,original_5_18.png
0.05534805890227577,0.5909670851746568,0.5013913411537066,0.9504019524646612,0.08568467955028237,-0.12233627803496416,-0.4770983461247575,-1.270088889777919,0.2957329163871507,1,original_5_19.png
0.05760681246118139,0.43183499139862846,0.40711460373823827,0.9457139529572574,0.08727250216664603,0.36927740452080415,0.2494176971388696,-0.6808180010221858,-0.5788820259604686,1,original_5_2.png
0.06185240991870826,0.4834378764591035,0.4435087719298245,0.9727351271725845,0.0960011549011116,0.2858863348723193,0.14141892434494333,-1.1163162077913569,-0.2812453851712231,1,original_5_20.png
0.05260141093474427,0.507541807286919,0.48279296040542197,0.9488236614508297,0.08007939856545587,-0.15314566007960578,-0.12634043519953678,-1.3221802516311998,-0.23591475671661444,1,original_5_21.png
0.06327185305984948,0.5232338486068342,0.45123979734743314,0.960972280751277,0.09392723594330724,0.1635754170091038,-0.11699594195497702,-1.181726999231721,-0.05329969675446611,1,original_5_22.png
0.05708529687312892,0.5169401160441685,0.45006320174954306,0.9574225844960971,0.09321263845596439,0.11151066903573785,-0.09616354394968117,-1.135373042375156,-0.13175810994776116,1,original_5_23.png
0.0522169093675288,0.5652983026970404,0.4327354880194703,0.9662593033715752,0.07657806363481132,0.1850224111551713,-0.24724249807402834,-1.3622215232671198,-0.5270640301606031,1,original_5_24.png
0.06412014992529946,0.5469908001408234,0.43998077842680944,0.9628764452796958,0.08922687870056291,0.1948925810496138,-0.17790698109719258,-1.2804269979149987,-0.6745745818342868,1,original_5_3.png
0.06925222909031234,0.5222348656666614,0.4486634915924539,0.939378763427184,0.09190229029799281,0.07672501793824711,-0.062251075883989614,-1.1399461759805032,-0.924311533053817,1,original_5_4.png
0.04795907377490576,0.4869043341567483,0.488199311640117,0.9332333249763968,0.0704014924547244,0.22961496906664317,0.04033293444722747,-1.0801611666881141,-0.44377467931510006,1,original_5_5.png
0.05173560716013546,0.46890335013177775,0.4221452160979484,0.9726282158760778,0.08702175543885972,0.30982006717130234,0.12006579706263369,-0.9615295220469786,-0.5992567997616844,1,original_5_6.png
0.04971932638331997,0.5204795990664333,0.5117653874675565,0.9411783583869472,0.07450654435843256,-0.26760041715230437,-0.14045501334745542,-1.1040705402395605,0.19507233672523272,1,original_5_7.png
0.05884324427846404,0.5046544662189185,0.42779026630442274,0.9745816510766581,0.09116399133608284,0.2676624207040777,0.06440018468185503,-1.0679618487951847,-0.6122371319281363,1,original_5_8.png
0.05957929649995636,0.5541090329192012,0.46910882538899257,0.9611736807201787,0.08474134399324651,0.009993291576744194,-0.18999602635778778,-1.3606400450388754,-0.42580248451513425,1,original_5_9.png
0.041500694067233994,0.47160545124551667,0.3787977021806613,0.8881552418426459,0.06539700655040004,0.5644696896772844,0.4132013497517415,-0.5341426086326932,-0.7958027546336481,0,forgeries_50_1.png
0.04069658864541833,0.4469494869470493,0.4271066114961759,0.8658155225528301,0.0650570337475588,0.2927581134623596,0.6205255303631692,-0.6540970330509777,-0.7678917643689749,0,forgeries_50_10.png
0.05068530068530069,0.46164558317995463,0.41569664993516114,0.8959791783414738,0.08130432768762834,0.3894976885370153,0.6021280353988324,-0.9237958183029802,-0.46639692164264135,0,forgeries_50_11.png
0.04507549759780371,0.4688990758813953,0.4172876732934661,0.8904812689676254,0.0684364091074871,0.341331467790189,0.32734005039834735,-0.7352395892628332,-0.6703434695104766,0,forgeries_50_12.png
0.0378834991708126,0.5004951835385316,0.3699510739734978,0.8424717505006252,0.056713378266983465,0.6421410693867015,0.39301130976260007,-0.39859219545091973,-1.1755062534664344,0,forgeries_50_13.png
0.03939713721351841,0.4367547722895661,0.3805678511940815,0.8112815606157402,0.060024529254743525,0.6915217694416071,0.5677980655754397,-0.37270387919728565,-0.5704631382383809,0,forgeries_50_14.png
0.04403887794474383,0.44694577702338223,0.3544629115461063,0.8517804143383375,0.06547258864819074,0.7401813041453323,0.5761818658260802,-0.35719727595419215,-0.6867084701046804,0,forgeries_50_15.png
0.03115487285158994,0.39980126480427347,0.4016408197572513,0.7779873555001635,0.04717290527304798,0.4794945284046004,0.7307500941707925,-0.5640543303075067,-0.6594128410146487,0,forgeries_50_16.png
0.036475657165312335,0.47696704987970867,0.3797083759005453,0.8658198339951693,0.0554163690444461,0.5965790188720986,0.5071873538146422,-0.6530162726807176,-0.8837290897389329,0,forgeries_50_17.png
0.03175745553290958,0.4281961900552148,0.39741401190094505,0.862249079825173,0.050601318274679105,0.43814895368989765,0.8026084963184532,-0.6111371415721059,-0.13684313674773607,0,forgeries_50_18.png
0.0356726308813784,0.4330534398414762,0.3736200667073169,0.8026645539839224,0.05793217748791959,0.5589215064347814,0.7836614166296577,-0.36482102270261274,-0.5123431109546694,0,forgeries_50_19.png
0.04202478127362785,0.46464180835891394,0.43027088532540686,0.9130698213217233,0.06155567358654748,0.2838201500416722,0.35648002361000036,-0.7614748726909077,-0.7577218451189394,0,forgeries_50_2.png
0.03833017381358034,0.4527876921305624,0.4045808776631895,0.8725123437868338,0.06199705022382074,0.37653115926581865,0.6857837765573479,-0.6246550498620924,-0.32464391778338353,0,forgeries_50_20.png
0.04189412991473962,0.4424761678297763,0.3740553139264491,0.8281349447242872,0.063627365356623,0.6205816961124778,0.7028039122901395,-0.4492833590526857,-0.34037086722360765,0,forgeries_50_21.png
0.037586805555555554,0.4758265071689761,0.39686439711458954,0.8966183476184282,0.05889086602214641,0.5327626186907577,0.587134523964501,-0.5468196690256444,-0.6230908988258745,0,forgeries_50_22.png
0.046114478114478115,0.4699636552440291,0.4294734730482394,0.8963523468583636,0.06830604726629518,0.35535584882605853,0.3660209375160595,-0.905581842256725,-0.7636934384296259,0,forgeries_50_23.png
0.039873380389689544,0.4732253785087073,0.3982180716137367,0.8760807263326732,0.06276047039405817,0.500184523951773,0.4671121205372405,-0.6341546669939087,-0.7361427782940302,0,forgeries_50_24.png
0.041763161957696464,0.5021649904667647,0.39978906165053824,0.8933418327634254,0.06298607553672053,0.455324556392234,0.3123150052193051,-0.7014422590275116,-0.7177466446279679,0,forgeries_50_3.png
0.041459558771167734,0.42137311331746236,0.4028413189384181,0.82666736154797,0.05708066983018942,0.4340939691423339,0.45066239398604124,-0.655810009676475,-0.6668256778008681,0,forgeries_50_4.png
0.051347103343413115,0.49252898737635437,0.3827994424870357,0.8998818214302702,0.07323610755753743,0.5451139265467219,0.10277599814588118,-0.6034416714014363,-0.8620362078207733,0,forgeries_50_5.png
0.04267961797265032,0.44352108810344304,0.4075156127295165,0.8488482349687273,0.06754116662015071,0.3982885135731796,0.6208658114411417,-0.6226401106919481,-0.5923184484862403,0,forgeries_50_6.png
0.04509150217062816,0.4584179394367441,0.4209653725795651,0.889717695881181,0.07381136223842116,0.4078356136093971,0.49368362554240386,-0.6014000175679786,-0.5120695865724789,0,forgeries_50_7.png
0.042759573949101556,0.4280152635322941,0.4222223515761125,0.8024587975477436,0.06439802115987461,0.5300123984770804,0.5771137834958752,-0.1284347960306511,-0.805152347108351,0,forgeries_50_8.png
0.045772325550718904,0.4163709887109705,0.3463431069568734,0.8191133278527849,0.0737679869258467,0.9376426372402259,0.778719013918467,0.0948061074531803,-0.41004999120174235,0,forgeries_50_9.png
0.04766676803140464,0.5000760606298296,0.4270036022700683,0.9243648907618522,0.07146557798317238,0.37692369939100623,0.4394630261236033,-0.890471561244353,-0.5728595680564479,1,original_50_1.png
0.05075083017426313,0.5214644348276598,0.43142924621175754,0.9444351067971062,0.07221031725291381,0.28914399964088333,0.27662114233673596,-0.8385850546246112,-0.368329184568454,1,original_50_10.png
0.045526315789473686,0.4660415328623421,0.44414919463881286,0.9491810824529617,0.0665825653745002,0.22068224084469673,0.4920397960644104,-0.9007572439006282,-0.10085774245249102,1,original_50_11.png
0.05276768071039984,0.5059957025022527,0.3860161000151237,0.9168270606974687,0.07669487518910742,0.5988497189601203,0.23505087471800803,-0.6264209599440771,-0.6928518579276548,1,original_50_12.png
0.038423554507986256,0.5815878369673326,0.4499306196576836,0.9449564682204498,0.06157157326130992,0.24765768267758637,0.5635477155063439,-0.9316107760784842,-0.25650635192707494,1,original_50_13.png
0.04262961482073837,0.44718067126752553,0.38924699204784763,0.9383391870785794,0.06317151208721757,0.5064467863233032,0.6134529448607321,-0.777991072910377,-0.1503440446774742,1,original_50_14.png
0.048684152132427994,0.4721214597805929,0.4109806433598594,0.9472198320755773,0.07184209147587363,0.46687599562012977,0.3446411197451054,-0.7230432384227337,-0.2894747318387547,1,original_50_15.png
0.04203100158982512,0.4731754198921491,0.4116888164760505,0.9266945493565265,0.06539619063324538,0.44714649863297434,0.5997835635176364,-0.7743921665125773,-0.16384136682154615,1,original_50_16.png
0.045853828710971566,0.4563982013986362,0.45917489894970115,0.9307647854952285,0.06647448540939666,0.07864070721967847,0.6686457992089564,-0.9449847694725428,-0.1302655971097728,1,original_50_17.png
0.04605038574452106,0.52611581953286,0.40660770712341904,0.8966418252200355,0.06691689539998016,0.5309825585202474,0.15707750945371984,-0.6975547130684747,-0.6050261481963237,1,original_50_18.png
0.04643980812873943,0.4797815371669777,0.44336092131281635,0.9136456805830748,0.07192642594663684,0.22553969620114075,0.5509686645923152,-0.8956242212030174,-0.4705967307293841,1,original_50_19.png
0.052294011775113634,0.46779272400760963,0.38552266465868834,0.9369553750850385,0.07843832576442192,0.5961338257758508,0.3069434593616447,-0.6417277899784515,-0.29386551587771903,1,original_50_2.png
0.051292575897788,0.45961797713465347,0.4173891790103491,0.927286794871903,0.07278098989770633,0.42773111559380544,0.6136945864620167,-0.8648713480471426,-0.05093909746202341,1,original_50_20.png
0.04139344262295082,0.5354598644670895,0.3893330759748549,0.9046216630858062,0.06281094527363185,0.6060722187754093,0.16434648168667024,-0.5442152815773627,-0.5751714373094092,1,original_50_21.png
0.043509888611047966,0.5163857179472013,0.40622961425382936,0.9229089377823881,0.06656134493859545,0.4989949908274619,0.36170801717072515,-0.674968533035547,-0.31665297912877444,1,original_50_22.png
0.04539765545614513,0.4647428969872637,0.4197623483164528,0.9363952224237088,0.06599771210333366,0.33329977564889807,0.5948789402450307,-0.8934723968092366,0.024949823865033416,1,original_50_23.png
0.04867426668374536,0.5504672819489482,0.40752520941994624,0.946792761016588,0.0754886899401388,0.5337978192585132,0.07727676399197281,-0.6625128394951587,-0.5059315378623865,1,original_50_24.png
0.04568280525120916,0.46902788860925254,0.37616013477995985,0.9244115543580529,0.06707366781097997,0.637943394477397,0.48285797212056836,-0.593887110919253,-0.3853687145273481,1,original_50_3.png
0.038067407632625026,0.5724213087157853,0.42183731512233213,0.9289279503848573,0.05647674020365374,0.35243822400443775,0.45699763794726805,-0.850355844452308,-0.16191788485155767,1,original_50_4.png
0.05073771529888551,0.4356258357477156,0.448161671147697,0.9358116671102553,0.07403386385160889,0.11616991894676172,0.6452520676801866,-0.8846026220582783,0.0024115016859664884,1,original_50_5.png
0.04577012419055529,0.47363737210287615,0.41087935971264095,0.9206301280236647,0.06342669603920334,0.47500202247983586,0.2901471073929953,-0.8280872224270261,-0.3476027149304195,1,original_50_6.png
0.04242666666666667,0.4259459459459459,0.4131010370835952,0.9337095113804109,0.06318255827806679,0.4623530692573794,0.6590089236474962,-0.7324909611206207,0.20249321568956802,1,original_50_7.png
0.04759781439329596,0.46198884758364317,0.42830626110205655,0.9475613286516125,0.07165995354090744,0.32696241840792245,0.6684163506257125,-0.8562440613231694,0.1769655277462956,1,original_50_8.png
0.049491402361121775,0.46907754956956954,0.42155800855726344,0.9430614815680531,0.0672127883494041,0.3777787913724506,0.408090515796495,-0.840788174203063,-0.4224407720458201,1,original_50_9.png
0.058846061242804296,0.43555438813784303,0.4590192480593801,0.9606812449315001,0.07195813928590547,0.08989761843433654,0.36781016527739213,-1.218197180829684,1.1806381094299665,0,forgeries_51_1.png
0.09274247441970981,0.5422521708353807,0.46536204742340587,0.9725226917763901,0.11989555935262157,-0.03553166999888414,-0.653403017368479,-1.3181249415985816,0.3556978034074132,0,forgeries_51_10.png
0.08785804816223067,0.5301925583979825,0.463266005381263,0.9734082841797962,0.11780166993327064,-0.06693755179114899,-0.6352048201025037,-1.3389966343977533,0.5785599547784788,0,forgeries_51_11.png
0.06616872107409613,0.5294663853404811,0.4481559153183831,0.9601506056277127,0.08880893624545462,0.0689287421471841,-0.1595395990664954,-1.1968523151430313,0.5187691620412145,0,forgeries_51_12.png
0.0739793749316749,0.501282658250585,0.4452880150885161,0.9648675840014914,0.09338106773787985,0.041594503963726416,-0.2601503132367176,-1.12989966049787,-0.22709237110105862,0,forgeries_51_13.png
0.06493049952744288,0.4605775685443093,0.4638231342577871,0.9621572232823934,0.08042112776588152,0.10606650034675891,-0.22470601064072834,-1.2876397435691485,0.11015694433286827,0,forgeries_51_14.png
0.07655193798449612,0.46387850608147824,0.4802882696046662,0.970546597762704,0.10112479212235903,0.006865166858846239,-0.22382789249647633,-1.2824530349937187,0.12772650235517702,0,forgeries_51_15.png
0.0640511419291643,0.4555103618960334,0.46388597293392564,0.9308090428255497,0.08707292287206084,0.03399709862612707,0.358218721220102,-1.1472258229408774,0.4420143133048051,0,forgeries_51_16.png
0.0685165553951642,0.4693885640010263,0.48735391517676596,0.9643686958218379,0.08128520396558875,-0.04629777423306515,0.0568446979320869,-1.1780554332254245,0.47406300350571495,0,forgeries_51_17.png
0.06230264117904567,0.47487522782632396,0.468093364383415,0.9662057590752876,0.07637323716916737,0.022941191273246092,-0.07000494618670555,-1.2803099973201442,0.8878932292305071,0,forgeries_51_18.png
0.06574325319198165,0.4488579486145093,0.45807375222480123,0.9579106970053771,0.08418571765260428,0.08640450509280587,0.18951287662223001,-1.2336192496039011,0.536824030155969,0,forgeries_51_19.png
0.06904761904761905,0.47999067387249506,0.4966742345200291,0.9676616108143296,0.09009335082718786,-0.14654752481784608,-0.2862962868140996,-1.2553380250245745,0.07331142896158038,0,forgeries_51_2.png
0.06488694448784625,0.46956502516993953,0.4654778863195402,0.9621116552839082,0.08240788643756689,0.07138121991771097,-0.22957794467268042,-1.241894777225437,0.3393740111187551,0,forgeries_51_20.png
0.06820145155086418,0.46142069487254483,0.48394093389070425,0.964039827145818,0.08771531449703182,0.009233637146481156,-0.05255737886639777,-1.258616011930238,0.42535999054035223,0,forgeries_51_21.png
0.0682168911335578,0.4484272350756926,0.44796190987279244,0.9596715674546301,0.0929228907220435,0.042164225558510446,0.14346497100575994,-1.203972499850848,0.9503147731383637,0,forgeries_51_22.png
0.07580793965213144,0.4741106157840591,0.4883777018204802,0.9562590849572558,0.09541658839802593,-0.07702357552125902,0.09551613457384647,-1.256366929715143,0.4985732934240841,0,forgeries_51_23.png
0.0627344309234073,0.4043130990415335,0.42120126358007165,0.9585522813942782,0.09070898740727963,0.17194832395654416,0.43835696969374016,-1.1687629055406183,1.396443930223402,0,forgeries_51_24.png
0.08100642443097399,0.455417535317177,0.4649687780642156,0.9468537672888001,0.10498955800056052,-0.14041333304376433,0.20378537148414627,-1.2231998994000597,0.6826941220060831,0,forgeries_51_3.png
0.0753709953926926,0.4614746387226592,0.473824626820381,0.9633733727946912,0.09265814864820364,0.042070574215091174,-0.0643626024964926,-1.3167679030004336,1.0635338309878968,0,forgeries_51_4.png
0.07754817275747508,0.5085452831805329,0.48576276319958234,0.9720991227583176,0.09634943697784236,-0.12379231328759918,-0.11671659395715926,-1.199689413280871,0.4541457820942876,0,forgeries_51_5.png
0.08654564792457169,0.47047407477465836,0.44157633863271994,0.9739921056805618,0.10442752592695363,0.09907703231488067,-0.2447054377352085,-1.2486084585195396,0.035061835824002685,0,forgeries_51_6.png
0.05526248354231282,0.6092705710362175,0.4736202899544922,0.9629537426204505,0.07526325290330345,-0.04473494121745373,-0.12927875574651435,-0.9590705283978398,0.8251354570419802,0,forgeries_51_7.png
0.0744274168083148,0.480394364049489,0.46067331237306397,0.9761233173935453,0.10439912545235223,0.03470639113464989,-0.046156772867877616,-1.2728132814072408,0.3913814181390878,0,forgeries_51_8.png
0.08227048675292668,0.5313502465206266,0.481833415758747,0.9664043081229018,0.10848855395990331,-0.12857460224907177,-0.3861640655348675,-1.1848838919145597,0.21925794893780948,0,forgeries_51_9.png
0.1485377888318357,0.48776453229389494,0.4926841359018368,0.9868591310978783,0.19985426871230216,-0.06455613217904164,-0.4594074737645847,-1.3135898916778237,0.043352114977284195,1,original_51_1.png
0.12777209492635025,0.4895905051637179,0.501525615628195,0.9881319667758942,0.16746437142205955,-0.12439117506099652,-0.44031791401870884,-1.2648545531169058,0.22082044398177203,1,original_51_10.png
0.117708799604859,0.4571821234967752,0.4992682551575503,0.9797681991963758,0.16117339983726264,-0.07528108589332731,-0.32782178950789886,-1.2426656642545437,0.3197031698364432,1,original_51_11.png
0.11838973301067164,0.4673671390183076,0.4682930753483465,0.9824135319204339,0.17020032793897483,0.001493677727999602,-0.38229861468885507,-1.2050414977549058,-0.23116712091587654,1,original_51_12.png
0.13295073215375228,0.5028478351563824,0.4772238702107939,0.9838278803164993,0.17886825364252001,-0.04747260266759544,-0.42281762372480897,-1.185440089820802,0.33416406869193427,1,original_51_13.png
0.11495958549222798,0.4026886061552177,0.4855510204081633,0.9858774793320613,0.16875578055785426,-5.5413527954025685e-05,0.1313241483251505,-1.178768040507861,0.8677204093034101,1,original_51_14.png
0.1043852767153738,0.6296766009004127,0.480087284283636,0.9823979836704282,0.15203056560655112,-0.10008983326464041,-0.6038178464510058,-1.2191848097058684,0.2564402088293489,1,original_51_15.png
0.10979744046105602,0.5078429381055881,0.4495708233194179,0.9832785893441512,0.1545426349191201,0.0607510161777589,-0.6328345758326589,-1.2772566769147784,0.49390294522028944,1,original_51_16.png
0.11983381502890174,0.5451562366578895,0.4895121250376847,0.9861580832893134,0.15672840672840674,-0.01354856455928362,-0.7704890318718335,-1.3203680589559348,0.45845737750391935,1,original_51_17.png
0.11981848184818482,0.47540433701819435,0.48148051232612593,0.9791904900306684,0.16521422557964913,-0.14723974877123386,-0.25672001597336475,-1.1161483495431619,0.10962710392096886,1,original_51_18.png
0.11663961587881247,0.4912345095985549,0.47612303214119994,0.9828487240085911,0.1555650762153874,-0.0941079993803878,-0.33500455241907023,-1.2274872088083095,0.019381406569715764,1,original_51_19.png
0.13955988117573484,0.5493730809034739,0.4916015183178396,0.9853106252302255,0.17488948483401295,-0.07088277919598972,-0.7208868858784211,-1.3060665017673767,0.3806488150100451,1,original_51_2.png
0.14287705048574614,0.5192808808677132,0.5025712032382648,0.9874735980926207,0.17889056443873927,-0.12021446426458915,-0.45987437259445185,-1.2810116022821316,0.02051574612580742,1,original_51_20.png
0.10552355980084593,0.4563867077316153,0.45723554038398984,0.97348700171997,0.15402840902618778,-0.008320198036509668,-0.36159876272313746,-1.2030772494033117,0.5693361438252533,1,original_51_21.png
0.12820007700779928,0.4840681228551461,0.4746432056098603,0.9840406768489388,0.17957079607169285,-0.05768489995338481,-0.3087426168695534,-1.1941001619641916,0.61928169361236,1,original_51_22.png
0.11885057471264368,0.48143444321635814,0.48782175446047155,0.9805824308560905,0.17391095413152646,-0.061289395306639405,-0.39291286917541673,-1.1987439859759323,0.6338075386723832,1,original_51_23.png
0.11943202516973009,0.49205766503860093,0.46713602485060274,0.9726335901434109,0.17639002677949106,-0.040000112234958064,-0.3465865647938449,-1.145645534479814,0.4797810308958006,1,original_51_24.png
0.1181678668398064,0.4630771693860889,0.47729169264527593,0.9816117700824443,0.17173598686306707,-0.030675496880463362,-0.416028883623147,-1.2596822305414381,0.3908495552147504,1,original_51_3.png
0.15348409840984098,0.4718769089798412,0.4814249079153487,0.9774629222696428,0.20972391262571263,-0.05792107741410528,-0.33294085079435015,-1.0092658497717582,-0.1691189772959567,1,original_51_4.png
0.14803827652627133,0.5745345936629713,0.5043719845895303,0.9842070081424393,0.178678436004227,-0.0427701487144964,-0.692215072661572,-1.268204768795211,0.2398771861570741,1,original_51_5.png
0.1357942934988269,0.49674412661071243,0.4758763725828894,0.9805648341107968,0.17381932671348996,-0.05987734491612374,-0.39968348627468603,-1.1613273973178566,-0.0344126285226527,1,original_51_6.png
0.12311827956989248,0.46010493678497805,0.48143309598353246,0.9840912950510167,0.1706387837269395,-0.037207684748540186,-0.516555596936408,-1.2958157379106283,0.11606424335680288,1,original_51_7.png
0.14818507775360568,0.5087362002505073,0.4914160767846569,0.9813540103879761,0.19668997232731308,-0.14930825224218236,-0.4043961928624726,-1.2125999669303982,0.11551203440095748,1,original_51_8.png
0.1302333562113933,0.5058347976576713,0.5012374073887014,0.9792308153493393,0.17623121104729317,-0.1793298143853004,-0.353478021252532,-1.116146449770039,0.42593958598759274,1,original_51_9.png
0.06809719772682736,0.5479566346922462,0.4302056767284585,0.9959105222570914,0.10307749351130886,0.38345536203882225,-0.327419888955987,-1.1574423081518648,-0.39904880984164404,0,forgeries_52_1.png
0.06379531869727949,0.6126846737617315,0.4578540114236003,0.9953686016563736,0.11478540556839884,0.17820360972920174,-0.5933441298153824,-1.271090815524918,-0.036251908144310896,0,forgeries_52_10.png
0.0701321150759353,0.5099541066624467,0.3948018882525925,0.9925744086814565,0.11718105297903944,0.41762989218994234,0.04472402980014996,-1.1286686137181752,-0.32063827883335305,0,forgeries_52_11.png
0.0724008350730689,0.6428296808919646,0.45205593801645266,0.993072765528108,0.09893495625713199,0.176018746383946,-0.9030992289963168,-1.2631107225038272,-0.04763718283675944,0,forgeries_52_12.png
0.06125941136208077,0.6189078503258846,0.4155479620983561,0.9868724262487866,0.08213835034989102,0.4152884888013009,-0.762824902440131,-1.2167635618333592,-0.6490163569382319,0,forgeries_52_13.png
0.05818076140656786,0.5663762760536953,0.4630840630840631,0.9901350181239279,0.06989572665487384,0.035585113012721416,-0.5326282251509915,-1.3273232243490662,-0.7668861167142556,0,forgeries_52_14.png
0.06761377923057581,0.6445999510199639,0.4116917721300602,0.9911132998754141,0.09580987671916198,0.39172362062175015,-0.852548996936883,-1.108329786824396,-0.37262991935723644,0,forgeries_52_15.png
0.07616316124920332,0.6434797768479776,0.4393465443170636,0.9932101714031102,0.09390347717896667,0.13854734707032537,-0.8703817050563364,-1.2217426548419446,-0.3165414382723126,0,forgeries_52_16.png
0.08001022494887526,0.6396580286356645,0.42890048950536225,0.9927551605778189,0.10361188759746948,0.28363069247893835,-0.9485057547630122,-1.2030559038543338,-0.11845604568597023,0,forgeries_52_17.png
0.06728614735732173,0.6202020934853669,0.4326068341808963,0.993511742685048,0.08742685885543028,0.2718244370551282,-0.8127900141237691,-1.1626115901824898,-0.2765766930835718,0,forgeries_52_18.png
0.07554671968190854,0.6728067138066773,0.4385742332707357,0.9919969330545162,0.09401347700120447,0.24450713266300597,-0.8888075083954674,-1.2535765088147215,-0.4086099740583755,0,forgeries_52_19.png
0.07257732900808699,0.592668233158384,0.4351635929411604,0.9930580389664108,0.1052126109418466,0.22022649204992145,-0.37276669077292784,-1.3927558578440193,-0.8439478187787768,0,forgeries_52_2.png
0.06220274564373092,0.5574534336253306,0.41290999478490026,0.9919209144609132,0.08885394725131278,0.40101864808993615,-0.5420089849851734,-1.090400452223074,-0.5042290921272943,0,forgeries_52_20.png
0.07946352841391009,0.6699049366244163,0.4250944650122983,0.9930176466945305,0.0971137961193353,0.21227758655743453,-1.0451138813394678,-1.2820898429090235,-0.06849220688905389,0,forgeries_52_21.png
0.07039811776360597,0.6219725555839268,0.4355531471793582,0.9905160661165182,0.09638860630722279,0.2625735395642778,-0.8675968460375164,-1.179125443899687,-0.08311009897890953,0,forgeries_52_22.png
0.06663620937214462,0.6050562305068734,0.4573846964261751,0.9913810742726888,0.09732769851609419,0.20522758701226254,-0.7649950939241127,-1.3111990319461855,-0.17441637947094346,0,forgeries_52_23.png
0.05507587389579054,0.5544055181886725,0.4364867495731655,0.9925754431259126,0.0860141384572265,0.2731600177181438,-0.9849306449700599,-1.1165382156244963,0.10855733097239595,0,forgeries_52_24.png
0.07068812835338854,0.6563588889798666,0.4330514693307712,0.9923421514271166,0.0953049829687116,0.23254225479911517,-0.9131260904357225,-1.2266766527905586,0.24656440323082007,0,forgeries_52_3.png
0.05740440115440115,0.5902529815039634,0.4144518634895697,0.9930279023931571,0.08898675334661493,0.39420664880037803,-0.39825107868298126,-1.115568940559684,-0.8010035929970036,0,forgeries_52_4.png
0.06826490263858148,0.630527310875931,0.4478576873114539,0.9940125793826173,0.09186132119670705,0.14680823443451374,-0.9771402475903612,-1.3511467971864564,0.0736806040550948,0,forgeries_52_5.png
0.03140536549347773,0.24651945417665497,0.4323928398106006,0.9933750924272664,0.04589928057553957,0.22565161449040963,0.44154470443756744,-1.3205616004755834,6.990888380715091,0,forgeries_52_6.png
0.07022812285970181,0.6447963342186899,0.43482361818524806,0.9929915896012239,0.09782768237193601,0.2687794198023672,-0.8970479073853554,-1.1845543978771276,-0.2790391513274595,0,forgeries_52_7.png
0.06716561582519132,0.5899115148601517,0.44640159229898385,0.9947149274385227,0.09632774211361911,0.1543561119784332,-0.6391016748734162,-1.2759328133108148,-0.21376971608766127,0,forgeries_52_8.png
0.07369901547116738,0.6166870229007634,0.43899732663381325,0.9936309496820209,0.09554720834396994,0.21925336453609828,-0.9402592508359309,-1.3430116758955968,0.0038925907224771628,0,forgeries_52_9.png
0.09777269647696477,0.62012776093547,0.4589411528589084,0.9967434111786428,0.11960631960631961,0.20222048606016055,-0.785880891270819,-1.3384083477629853,-0.4996732472096759,1,original_52_1.png
0.08017123954076669,0.6021365216349035,0.44277554848984635,0.9971801475959517,0.10842105263157895,0.34990856362342165,-0.8827508696977321,-1.2328872949575471,-0.34010601213416924,1,original_52_10.png
0.07811014639711009,0.626670156382909,0.43493546188884064,0.9947282136251673,0.1038725717416038,0.2892784244339272,-0.7004864107541035,-1.2524873003128982,-0.731454053999609,1,original_52_11.png
0.06968407479045777,0.4598272884283247,0.4439229054486468,0.9961835931683884,0.09773212283430391,0.2614805223613274,-0.9781916219581785,-1.281802918944934,0.060283291524764415,1,original_52_12.png
0.07617431684229327,0.6202943858277973,0.44649685880796697,0.9953718879276612,0.10496738996677468,0.3656974098625471,-0.8426516066877918,-1.2360923792056684,-0.1164785227835794,1,original_52_13.png
0.03318907374100719,0.7721607747671465,0.5115170353133243,0.9952136546149045,0.057170519181895196,0.21425958248269125,-1.0678424805131452,-1.330318970811852,0.8799235371570822,1,original_52_14.png
0.06193883277216611,0.6421710498720692,0.45502233547250537,0.992135676546428,0.0918834547346514,0.26301275926739587,-0.7787782151660883,-1.1741507472718014,-0.3379223670837086,1,original_52_15.png
0.07444461236209762,0.6777475873699991,0.4788456583765865,0.9950057950287485,0.0995071105365223,0.05527511530183526,-0.8802858316442421,-1.4028240880588756,-0.29667061538213346,1,original_52_16.png
0.07808833678398895,0.5745176020032405,0.42664558762850757,0.9944022282188345,0.10459902935058932,0.3999396415894086,-0.5545622930975914,-1.1839355498365922,-0.7215788807565655,1,original_52_17.png
0.07872390811597145,0.6739892055676546,0.42803349038922583,0.996096237025922,0.10993527660981717,0.3166932955226856,-1.0109093901701458,-1.2379397120234426,0.14996316196253812,1,original_52_18.png
0.045542158792650916,0.3510759042473361,0.4282262724813608,0.9965158026207734,0.0738855622089155,0.37376015885754693,-0.6773159770380687,-1.2173367677929452,0.04095601912075786,1,original_52_19.png
0.06642975869777039,0.6007658940749583,0.44568250656134817,0.9942101293970821,0.09308863097867555,0.2972798756952567,-0.8423615656629171,-1.2044004701634201,0.08102822549378841,1,original_52_2.png
0.07747641509433963,0.665959141933029,0.43462565693116223,0.994663310468665,0.10621185789920382,0.3109096388450845,-0.7679249893630937,-1.1451578969409686,-0.38684799741621134,1,original_52_20.png
0.042863146098893405,0.3641765246043321,0.4593503440296395,0.9952072362163646,0.06988606085213286,0.15153226209233728,-0.8056070409149955,-1.3277467253787134,0.2251410475402822,1,original_52_21.png
0.08799061065276675,0.6201501419632823,0.4170750240300297,0.9951451183681029,0.11450518844616145,0.33906979544375865,-0.825174364322586,-1.1714743161069827,-0.5227224593794193,1,original_52_22.png
0.08520515124288709,0.6437751067034899,0.44876258690630144,0.9958300163237276,0.12471232876712329,0.28746455267533366,-1.0067334245388706,-1.104337036281113,0.3587796039211404,1,original_52_23.png
0.05078557463547924,0.43436138500343957,0.5069544112670797,0.9937297947885659,0.07600916622598272,0.06033081121983782,-0.7773121698495434,-1.2232705185928066,-0.27566940752990066,1,original_52_24.png
0.0720282441899255,0.6162054169409948,0.4594944401844687,0.99524181392673,0.1012504884720594,0.24817294726459008,-0.8163431456990246,-1.3354387419621823,-0.11418077223179202,1,original_52_3.png
0.06990131578947369,0.5702426470588235,0.45576123839009286,0.9954895079182031,0.10221260221260221,0.18993479289196985,-0.7927032483349925,-1.3465981041907555,-0.3188667615475622,1,original_52_4.png
0.07305157918654852,0.60620247969587,0.4175372980055784,0.9925545592147175,0.10053551186334675,0.4072090899059829,-0.5208504551996622,-1.1899784938976936,-0.8119475505629827,1,original_52_5.png
0.05566784918736078,0.6635670216022037,0.4623351258776706,0.9950974012798782,0.08489824164071592,0.21840416291488365,-0.7500628110388197,-1.4065663311197976,-0.1562984180489213,1,original_52_6.png
0.08466933867735471,0.602629513343799,0.4302645866542891,0.995222481963019,0.11694923632049825,0.3216518177824051,-0.6121926704470789,-1.2493844676354673,-0.6376745762055003,1,original_52_7.png
0.08441865173088603,0.6838115714325091,0.4667092157976163,0.996212107279987,0.11318194155432915,0.17273317268003086,-0.9956704092847549,-1.3517110256169165,0.057095775917982206,1,original_52_8.png
0.08134328358208955,0.6376228947008079,0.4273746788990826,0.9943647864552017,0.10592396797014693,0.4005893941769055,-0.8374980577698321,-1.2092918864159716,-0.3303031834237049,1,original_52_9.png
0.0858953991838769,0.5768318481008926,0.47775797806747883,0.9895417037185599,0.11002493765586036,0.15117718065045355,-0.4622000797329857,-1.4149730585516966,-0.2624347573144967,0,forgeries_53_1.png
0.06886132315521629,0.5860709876964985,0.4639306535539104,0.9868067142136607,0.09833001432414491,0.15082333928073616,-0.6114378037746029,-1.2417618992745698,-0.021016408775296647,0,forgeries_53_10.png
0.08414502164502165,0.5560849654097242,0.5003602477075145,0.9920670785891901,0.10575593389404003,0.03261428899100785,-0.5300515765553465,-1.315867482896893,-0.09388298153676278,0,forgeries_53_11.png
0.08764710129232546,0.5770810452132528,0.47483830618097506,0.9904773451562381,0.10207470624093498,0.13055979281567068,-0.42794492376785626,-1.3351888790166624,-0.2947254194467659,0,forgeries_53_12.png
0.08149712412125927,0.4542125739693334,0.4761433336399328,0.9859584895831843,0.10676713625277566,0.07880205111810588,0.044161553108347656,-1.434963720715864,0.7020060080302923,0,forgeries_53_13.png
0.08612446764665475,0.5147144405146287,0.45311146544782743,0.9829177137444037,0.10533301969218362,0.23444314794021365,-0.3095432500477294,-1.2105855535754086,-0.30596393613116524,0,forgeries_53_14.png
0.07303074449914598,0.38791685064256004,0.5073013326002807,0.9906831316614185,0.09602523242564856,0.030577416426923906,-0.004228188848844088,-1.201576341592305,0.09289019611027793,0,forgeries_53_15.png
0.09988636363636363,0.5497983245423519,0.48329778156996583,0.9887697704606461,0.12113834209982315,0.08685947471145683,-0.31115621866916904,-1.150504922813238,-0.44186468098712384,0,forgeries_53_16.png
0.09394284886982644,0.5946711718546225,0.4571905362395746,0.9911683432511128,0.12000647309043833,0.29624847954447947,-0.42027238731041283,-1.2322523379747725,0.23050421864165482,0,forgeries_53_17.png
0.07147392290249432,0.515518245006487,0.4926692910666805,0.986134762803469,0.09811280482382027,0.03782821455129518,-0.4154693075672178,-1.3379736429520606,0.3552406476375154,0,forgeries_53_18.png
0.0746665608129565,0.5009105613808862,0.4892999119236354,0.9884753557474859,0.10119794842365769,0.23239153368953175,0.01969843596584332,-1.3206002829358674,-0.04374185125723651,0,forgeries_53_19.png
0.09943015658160793,0.5511186492945802,0.4703341445867965,0.9907568798504217,0.11206539345312087,0.25418749729910095,-0.5869316118063822,-1.368468474437134,-0.34818160072578497,0,forgeries_53_2.png
0.09195985171714345,0.5900738307400778,0.47985506927754873,0.991155195517326,0.11986597985139262,0.09005761556666007,-0.5485246155113075,-1.204291464764909,-0.18232224652560047,0,forgeries_53_20.png
0.09689843564423632,0.5079225379154417,0.48915544232904906,0.9903224002159717,0.12491251093613298,0.1410966882966638,-0.46251563551944425,-1.2965086340567011,0.10281162741697214,0,forgeries_53_21.png
0.09486730989862514,0.5132259539476035,0.47830614599871857,0.9902901512659897,0.11563237890007107,0.08296814244694198,-0.35452527747087664,-1.2767888131461234,0.08684109513912208,0,forgeries_53_22.png
0.10975325638038759,0.522663470718479,0.4814506490894421,0.99316840923236,0.12293312457001875,0.06459726909838577,-0.23930822123147488,-1.2806423317956297,-0.24023949615208284,0,forgeries_53_23.png
0.10115986054057786,0.555164994693449,0.4676857031758481,0.989280771732567,0.12064635652531906,0.22861564405541712,-0.5010285722987868,-1.2842713325854862,-0.022533587070376893,0,forgeries_53_24.png
0.09084712152196815,0.5683345505992163,0.44753750310375323,0.9915679668047463,0.11554528019336363,0.2013384068762688,-0.4750329045623271,-1.1197475474306198,-0.34248239806138914,0,forgeries_53_3.png
0.0743788971501109,0.47101201992227376,0.5047836634483296,0.9913737017298798,0.09791211414510531,0.051688380132532706,-0.18183424586407956,-1.4261416608876574,1.0483957838516709,0,forgeries_53_4.png
0.03126598657879691,0.5069764562191491,0.4398666417933855,0.9708141982452986,0.048904857537341535,0.2360087625943319,0.5657448055036314,-1.3230474116149114,2.6198513981255163,0,forgeries_53_5.png
0.07775249091060475,0.5069677219320724,0.48436436482628464,0.985434565808612,0.09753337859244172,-0.045754452748012354,-0.2042414403143072,-1.2093898116169386,-0.3579837714012446,0,forgeries_53_6.png
0.05520697051415552,0.6077166962222581,0.5035684447222001,0.9833363736417569,0.07289756968927749,0.08172399245125818,-0.021487888994718225,-1.2226512184622809,-0.21849919513634442,0,forgeries_53_7.png
0.06756857483601669,0.6742469510326653,0.48380032765414827,0.9931074549338962,0.08776969129726153,0.11088877777632988,-0.7229855085468908,-1.3881975644683595,0.1956821386851133,0,forgeries_53_8.png
0.08783935742971888,0.5622618873445502,0.4940225422538729,0.9859155456396291,0.10747066569704593,-0.05901302412539179,-0.5174587573577126,-1.0517020755567041,-0.4138184607822599,0,forgeries_53_9.png
0.10215210355987055,0.5603016736922886,0.4759887005649717,0.9929851195092927,0.11628078318690022,0.11075859918013964,-0.3419832368300287,-1.208930259632598,-0.5596507497501917,1,original_53_1.png
0.10654234474237949,0.5418252098810171,0.48105174778950344,0.9931148440492096,0.12222615936572619,0.11874134434891431,-0.4515841209002334,-1.2014180383048754,-0.39708372801351466,1,original_53_10.png
0.10903677476462541,0.5251308675877456,0.4387332575747903,0.9951086455947221,0.12362574700059303,0.3295096986802329,-0.20699920534982688,-1.2425059189566676,-0.42484070660988626,1,original_53_11.png
0.08337576756028156,0.5879811225239643,0.45432175780495143,0.9949339915508623,0.0995564934368182,0.26581934951179653,-0.2034885649684937,-1.1971817858458151,-0.2588618814317889,1,original_53_12.png
0.1015,0.4927513227513227,0.47876232371762384,0.9922235555363966,0.11947683923705722,0.08117192410815298,-0.16091695539649484,-1.1809876650065554,-0.4439948117984325,1,original_53_13.png
0.06804966985315856,0.6123599310269381,0.4752729062720085,0.9945364337490732,0.10138198102299631,0.14286285149156724,-0.2793340315091431,-1.2005173991230622,0.13352142932950573,1,original_53_14.png
0.07772264298772526,0.3492355510752688,0.4421161491812624,0.9911629156026316,0.10273050502261037,0.2834902031276889,-0.34038983665404554,-1.0814373556501666,-0.4272864322884553,1,original_53_15.png
0.11093984504928406,0.5257687488445658,0.4388301137151116,0.9932125309952036,0.13027841951080096,0.29147429404869674,-0.20540922538279957,-1.080853457249924,-0.5769198617605578,1,original_53_16.png
0.09422102390852391,0.5246542373330858,0.4398306792398328,0.9932562933299593,0.11102392344497608,0.300485799851522,-0.16095751402008918,-1.195928258316052,-0.4794785043946743,1,original_53_17.png
0.09285410592808552,0.5690193902581474,0.4434005818189909,0.9939688932666406,0.11934967600905613,0.30239009079717116,-0.25134386169269174,-1.1976634312972128,-0.3685276438238536,1,original_53_18.png
0.10167533217793183,0.5226855330161115,0.45404503917384015,0.9911238517429871,0.12151390254618491,0.2506429363391147,-0.2253117679688603,-1.1077548464295857,-0.7384063707853925,1,original_53_19.png
0.09523286467486819,0.5733131487889274,0.46882671191085756,0.9912880778788544,0.1143864146107017,0.18705057752480928,-0.4150986187153698,-1.0295472366398697,-0.3160321966470665,1,original_53_2.png
0.09083946078431372,0.5660446678202853,0.4511826504694689,0.9931345383359371,0.1098306340419402,0.24501365694219868,-0.25724261184927616,-1.1096057148645948,-0.5953818355237321,1,original_53_20.png
0.08897243107769423,0.4803349603201345,0.44397129954630804,0.9918108616663084,0.12025956885173779,0.28241119989759833,-0.21329759030274395,-1.1337302392118078,0.07785710950312152,1,original_53_21.png
0.0952491557826654,0.5004476829747035,0.4698319596279178,0.9926279366679459,0.10719240745581404,0.12844110091592129,-0.20409476007686014,-1.168535109172325,-0.5400209790383705,1,original_53_22.png
0.11814784053156147,0.532810633824244,0.4567296813928331,0.9922243054193117,0.13498339395856399,0.19943693841569193,-0.21629832833523285,-1.1507415076940548,-0.5618707161143757,1,original_53_23.png
0.1011496922540936,0.5087073454182861,0.4362728712813731,0.9895850003907509,0.12653753026634382,0.33110396306837836,-0.10885024126318596,-1.1449865492232745,-0.5462374130950702,1,original_53_24.png
0.09589614740368509,0.4943767558598547,0.44260685604961575,0.9925133737538036,0.11956837036607298,0.3127588917942998,-0.15510930878546764,-1.1287198833544918,-0.5491250369801821,1,original_53_3.png
0.09323542501112594,0.5125879852532095,0.45676775654005203,0.9921657303162645,0.11472940992391793,0.22151996325308534,-0.1887990900508237,-1.24439469389849,-0.4595232296355247,1,original_53_4.png
0.0516049997128802,0.7532361717734138,0.503477926791663,0.9940482410094943,0.07937582805829531,0.03286768494422088,-0.47550321149291386,-1.2572104663503365,0.4907752399113927,1,original_53_5.png
0.09824304289292957,0.5021665392905292,0.44540068339272093,0.9947160435687953,0.1207127601658361,0.22911712708984436,-0.15135711755841477,-1.264883606999332,-0.4070225758694761,1,original_53_6.png
0.036529068096925583,0.8339226880113979,0.4601895649092857,0.9943172841334312,0.05704229565078669,0.16854999386816474,-0.5310642368757047,-1.2532148457926657,2.833811475889499,1,original_53_7.png
0.10234850234850235,0.4990443347349757,0.457897173545684,0.9898673941440728,0.12395322379096183,0.22081690540253052,-0.3456221868760908,-1.0389471901172562,-0.653246230971023,1,original_53_8.png
0.0866909677778396,0.5191890911395853,0.4369970803959268,0.9919308800444464,0.11482116203217425,0.3213468589427536,-0.42649007360114305,-1.051069920160146,-0.13695716256411705,1,original_53_9.png
0.04896822934572073,0.5928096520891843,0.4026755565926373,0.9332033092994422,0.06971802401929184,0.4948435509202475,-1.0869895430206544,-1.0715378688225923,0.25526196617587704,0,forgeries_54_1.png
0.05454487220549612,0.6881607564535194,0.39843948563115134,0.9478720250541259,0.09554399203332539,0.3862209502661644,-1.1765860645803876,-0.9545070574796855,0.8138142349731856,0,forgeries_54_10.png
0.0544097548854298,0.6574768049685428,0.3608946889917484,0.9636724520074058,0.08159978704997671,0.7358005994860555,-1.1463861192257663,-0.6612655133255987,0.37099296263379156,0,forgeries_54_11.png
0.054097881527713616,0.5498921936276012,0.37261611965128955,0.9760665781784702,0.09683244173684122,0.5786034432983498,-0.3734477203341039,-1.1315995948924118,0.5128610025603666,0,forgeries_54_12.png
0.04663935691137891,0.628363903840977,0.38335211013693804,0.9581417443704587,0.07218151224013461,0.5939695436460858,-1.166449230781719,-1.0212476923826905,0.443718886269751,0,forgeries_54_13.png
0.0510759394978949,0.6800092453118205,0.39272384129102744,0.9590583197086592,0.0792936078531053,0.528906329079122,-1.3871100097992937,-1.049601360341989,0.9718399115213949,0,forgeries_54_14.png
0.04607710863076986,0.734422286024676,0.3806555503610202,0.939983985009983,0.05910529168050627,0.45989964492549584,-1.198821621867209,-1.057564318553643,0.47982646320233036,0,forgeries_54_15.png
0.03863323229539818,0.429600153498344,0.4183272905517119,0.9840903551766942,0.07009922111976534,0.32886046384737355,-1.2360039918395151,-1.1769828529903967,2.5775462781731635,0,forgeries_54_16.png
0.048920377867746286,0.6298187444739168,0.39724630861956933,0.9718193532964482,0.0857044346298455,0.3843515119575282,-1.2713403565441392,-1.1884687726192933,1.8229209236676258,0,forgeries_54_17.png
0.05341635145281709,0.5951087939291556,0.3718665322521233,0.935639202630984,0.08916241013999243,0.5521319674261465,-0.93820696210513,-0.9987219363465027,0.5638751865328064,0,forgeries_54_18.png
0.05156663325830143,0.5193741548905423,0.3493178257205215,0.9382721429484636,0.0869981012044185,0.5136953484538085,-0.0418481532078034,-0.7073004539754546,-0.6521644798060335,0,forgeries_54_19.png
0.054082978031198096,0.6740579819288682,0.31897522404619655,0.9595447875895727,0.09347855039436495,0.8138336457311616,-1.3114804488893632,-0.5569720169055126,0.8651143355043431,0,forgeries_54_2.png
0.05112640801001252,0.49524410054719564,0.36683800359384355,0.9238332406002496,0.07531168621667089,0.41890184408141506,-0.8511281372782712,-1.1159008673267412,-0.2587907180855735,0,forgeries_54_20.png
0.05901333025119433,0.6171408882360409,0.38797238389366817,0.8619486093249905,0.08312643303892439,0.7068408215758825,-0.9598981411872245,-0.7565804706774992,-0.10390380010242506,0,forgeries_54_21.png
0.05075247650495301,0.7204127146759142,0.4086650034810861,0.9379039355242247,0.07880886938730233,0.38882678678966154,-1.484022588590426,-1.2437021182040962,1.6483039060887315,0,forgeries_54_22.png
0.053799015782847986,0.7595451634502041,0.3577936837587229,0.9446649431526255,0.09438370416339642,0.7229409045203345,-1.7256308100233828,-0.5948074576008127,2.202807528407466,0,forgeries_54_23.png
0.05051970026589316,0.7323148947005675,0.36764097152090225,0.9641287015853807,0.09395710370230724,0.6100152748990232,-1.442957902324192,-0.8507610862253747,1.266194173377822,0,forgeries_54_24.png
0.0568492336937151,0.6110759745061015,0.415804735295667,0.8994825120579417,0.09011440857515027,0.30437515119663344,-1.0393460969731236,-0.9031968712595937,0.29567398645272425,0,forgeries_54_3.png
0.04039752533894959,0.4753572756185205,0.3900238441088607,0.9603727068786733,0.05889351576442594,0.4571557915111722,-0.9736939078271621,-1.2636530994123498,0.7878551583692048,0,forgeries_54_4.png
0.062220817530552044,0.6429635721542256,0.39854138134610373,0.9433938152405905,0.08922663201945884,0.30781944599480476,-1.1557609058338123,-1.2786872036865422,0.5309404418602046,0,forgeries_54_5.png
0.060322748804424196,0.6609802565769608,0.41841986055775277,0.950204936536374,0.08237515281883037,0.31859549820965954,-1.0695959451068318,-1.2414434392053086,0.44366971810609,0,forgeries_54_6.png
0.0662490788504053,0.662889321468298,0.4042385843027092,0.9067780794151954,0.08619677121660654,0.4745566091796606,-0.9269133379892563,-1.0347659839334828,-0.41724891378617013,0,forgeries_54_7.png
0.06402851039714025,0.6902395975264647,0.40396196573150067,0.9513703030558587,0.11205844205386435,0.4761279637283397,-1.2830080068702434,-1.1733772850086424,1.0752732510687668,0,forgeries_54_8.png
0.057889176990300585,0.6905662464056624,0.39254142341979625,0.966328433903091,0.10115791240140963,0.4995741234075697,-1.0779799456044192,-1.0660928694742307,0.6909008727374628,0,forgeries_54_9.png
0.057562017927871585,0.6234707791849308,0.4571072883657764,0.9505652738362907,0.08899901291271328,0.2661847288628059,-0.9628590479515554,-1.0498322664232005,0.411900817933887,1,original_54_1.png
0.06232658723682063,0.6323454471060854,0.42096777511040856,0.9666153165885176,0.08912291961433552,0.5328952452762874,-0.9588444262981568,-0.9093882355619614,0.12684963194199517,1,original_54_10.png
0.058419243986254296,0.6644992707826932,0.47914421796664475,0.935326445577753,0.08748817080821292,0.17416970412045227,-1.192934927171451,-1.0914126533308754,0.515264403033433,1,original_54_11.png
0.04607670164360665,0.5704487689461128,0.4506231935714183,0.9374957775530437,0.07806387330221826,0.3159235408338305,-0.8054826044361425,-0.9968533157018178,0.14613536262883065,1,original_54_12.png
0.05257510729613734,0.6378877403179637,0.4317671122974729,0.9586248516688597,0.082204222944093,0.369453459048385,-1.044440013768117,-0.9646870869438544,0.5784164415491357,1,original_54_13.png
0.053232180215971765,0.6677074207890636,0.4325461495417244,0.960718946414441,0.08403109050271874,0.49536869910699616,-1.1021484720919719,-0.9942392562617268,0.8605322788298273,1,original_54_14.png
0.06420761744563258,0.583839029258556,0.43756534549947723,0.9707033475454956,0.09719191037392697,0.3043867315416796,-0.5964588418477325,-0.9410053779468175,0.3246164216458225,1,original_54_15.png
0.06960032849712565,0.5977457014119466,0.4120320589630576,0.9676657274874727,0.11224103679878913,0.3766161669533113,-0.4994653998986983,-0.7765121639672499,-0.17581151810611795,1,original_54_16.png
0.06069760838013504,0.6661352017359962,0.41562105437010094,0.9592568492660862,0.09475550739450062,0.4236903254855008,-1.218075081938487,-0.9696211257820999,0.739610301955508,1,original_54_17.png
0.05576525353737364,0.6507525747325401,0.4794910756537765,0.9479968377913047,0.08298544453586047,0.07165943987907934,-1.2638044712964795,-1.0122961447057108,0.961130188297131,1,original_54_18.png
0.06276435616922159,0.6544017343856573,0.42492681920670894,0.9495953099432829,0.0926951640545441,0.4525266842346954,-1.1893951354124743,-0.8001706711044547,0.7843834261298746,1,original_54_19.png
0.06746242263483643,0.6441247437577713,0.44380169024268995,0.9630665360025009,0.10810274719825448,0.38158094840186524,-1.05995407492197,-0.8860935480040308,0.6225927315802902,1,original_54_2.png
0.06826740122125007,0.620123592841101,0.5040002328480715,0.9672083959743816,0.10116322967297438,0.06184459008372584,-0.7515446688463043,-1.157209042649109,0.1320890240448569,1,original_54_20.png
0.053602679379639126,0.5754372739547519,0.44678334727743096,0.9618953570198406,0.09099407117155187,0.3519917417323814,-0.8293951690102133,-0.9986386545217201,0.5357928837973631,1,original_54_21.png
0.06877444589308997,0.6315123278734813,0.46108551795755587,0.9663281211022708,0.10925609201173683,0.18360654531886716,-0.9759875461248441,-1.019930222923568,0.49902962037346965,1,original_54_22.png
0.0670529335658435,0.5910592077608642,0.4923337279994494,0.9704783600399074,0.10483465674942205,0.09910863352490785,-0.7573317157355899,-1.1382616029292965,0.17868840884229575,1,original_54_23.png
0.04326363203574175,0.5615076234831375,0.4845361275326948,0.9639664803143859,0.06303624023562555,0.1451214338967551,-0.7920572950911413,-1.14205893501223,0.5641906794550597,1,original_54_24.png
0.05033073206986251,0.549692467705899,0.4097715076155714,0.9602898701135364,0.09298876774778239,0.5905900565738581,-0.5884971497548034,-0.650471019115133,0.28410505153261933,1,original_54_3.png
0.0620363371686123,0.6525967152471364,0.48227543499349196,0.9519158918201757,0.10163622395743754,0.1527970718791248,-1.0654193954229159,-1.02051298992387,0.7370781541688554,1,original_54_4.png
0.062099823224420404,0.5985715121063493,0.445395931698872,0.981272855761636,0.09741922643136734,0.39013910254099154,-0.5581087234599401,-1.174760993081168,0.5481100226850648,1,original_54_5.png
0.054560059317844786,0.5797335921911233,0.43311180854204856,0.9625644366202134,0.09475830491498342,0.39457645292495275,-0.7104540582442057,-0.8774720661108542,0.3086627640044801,1,original_54_6.png
0.06057199211045365,0.5643681394376483,0.404079290133507,0.9762980684551054,0.10145023289617125,0.6309015442137923,-0.565058942243557,-0.6687363139034614,-0.17611283252214527,1,original_54_7.png
0.05133864312446022,0.5895969890472365,0.41725260149434196,0.9545882148253206,0.08793779238841826,0.5099131401228719,-0.7363529174595861,-0.715076866355262,-0.03483940919177142,1,original_54_8.png
0.05894075466443888,0.6600179517645929,0.4186211019761126,0.9644814617778721,0.08795304322983624,0.618659400387351,-1.079591733540082,-0.782042025862383,0.285597194623497,1,original_54_9.png
0.08164151667575703,0.5172548885769908,0.5010115830334098,0.988550105376224,0.11881348208904764,-0.2272022011804958,-0.9384898441132853,-1.275345146656852,1.4505342110481587,0,forgeries_55_1.png
0.09647503613921939,0.5070654679575841,0.5302601270174944,0.9873581065775366,0.13097628357059826,-0.27820529321238574,-0.2580914449995506,-1.3376518288427575,-0.20525323654907135,0,forgeries_55_10.png
0.08843537414965986,0.4617711387221369,0.4952233612284139,0.9921570885934657,0.1225261285301312,-0.10464317240525672,0.23375710259045349,-1.3623368225139272,1.038147364864514,0,forgeries_55_11.png
0.08664204370575562,0.44874619942395955,0.48792981247841755,0.9844393628458333,0.11653557277189662,-0.13630939113654383,-0.07371239220393423,-1.3037184814882317,1.2637598548563007,0,forgeries_55_12.png
0.09965718894938495,0.5035924773347846,0.49505728438187063,0.9868905055566469,0.11683767554021467,-0.0917865999518551,-0.2579523335298309,-1.410361733612766,0.5272512521018213,0,forgeries_55_13.png
0.11155511155511155,0.5020286823458465,0.4951900297049551,0.9910401872613129,0.13343733921962392,-0.1326322237995378,-0.30208673035469497,-1.4132247462044258,0.4661256584523379,0,forgeries_55_14.png
0.09949649150998982,0.5682890652896421,0.5125984251968504,0.9848687525640151,0.12665780232518495,-0.21792932076493876,-0.9460438182492898,-1.3927752677297722,0.954136926399408,0,forgeries_55_15.png
0.08971962616822429,0.44757283822037064,0.5301443767498719,0.9871786460488714,0.11376796375746302,-0.20989538293036988,0.11644781520052558,-1.3281771602846402,1.603368176247061,0,forgeries_55_16.png
0.09176523600315421,0.46968729772559875,0.5258632649317246,0.9879519956475984,0.12152223531693344,-0.2664115390840069,0.2509184880233482,-1.2061507538709249,0.7769826716560408,0,forgeries_55_17.png
0.08974162133707668,0.5076810043427332,0.48439210259557236,0.9878349635755894,0.12464964660004875,-0.10557284763545159,-0.3158652782611769,-1.3580531288782274,0.637672794197945,0,forgeries_55_18.png
0.09940140582697896,0.41918457948939636,0.5094520047668474,0.9855784103709212,0.14124124300764085,-0.03479756074711483,0.06840585975960047,-1.3598295858156537,0.8811368403195994,0,forgeries_55_19.png
0.0942970073404856,0.4338619838245587,0.5061367301628628,0.9899829539878959,0.12258567692801761,-0.1455521348816822,0.23542400538640182,-1.4010022529502926,1.0912288880331538,0,forgeries_55_2.png
0.09489928740044565,0.4276602254492886,0.538454536347741,0.9822964185118036,0.12924597749500474,-0.3008992799624739,0.07855732592537235,-1.1692108474297662,1.2010828194983878,0,forgeries_55_20.png
0.09170142853813708,0.47393717181304634,0.5389794017386005,0.9830643486318916,0.11881397385186751,-0.2757928189943056,-0.13707014413429483,-1.3398113403004568,0.9890291578812911,0,forgeries_55_21.png
0.0819277108433735,0.485778196820897,0.5041758891056423,0.987843185042313,0.12146730462519936,-0.14093073175696047,-0.05039921616846386,-1.289032960627406,1.161408282070373,0,forgeries_55_22.png
0.10032852079190802,0.38782714447461497,0.5631357622099179,0.9807393440082549,0.12593255744553863,-0.43790097700952346,0.6144174262635212,-1.1159749436427473,1.2794013286536936,0,forgeries_55_23.png
0.081296992481203,0.5250774281024763,0.497049705187825,0.9832332648128491,0.10824978794999791,-0.09116291650062985,-0.5575027932702696,-1.3844581592206584,0.6946561098098387,0,forgeries_55_24.png
0.07299690304137219,0.38365765125740264,0.48984009337674833,0.9809205494141935,0.11383548496950559,-0.058638313773710864,0.8013733195136385,-1.2867283214168737,1.685019686822101,0,forgeries_55_3.png
0.06949118815050656,0.4647462187449298,0.5283776462029511,0.9761813362889487,0.10851854353847193,-0.15566719665032624,0.10412324098797561,-1.275111148091894,1.5728305267844274,0,forgeries_55_4.png
0.10013440860215053,0.4933481593264763,0.549698829666761,0.9831955355030482,0.13039380679905754,-0.27556078922171123,-0.39788739725667777,-1.2584870246264732,0.3164617461201975,0,forgeries_55_5.png
0.08173766535370323,0.5422347505546011,0.5056565554931846,0.9921286114941398,0.10597629555283317,-0.10367900672290777,0.014384092131207973,-1.362873521390469,0.19480896204264297,0,forgeries_55_6.png
0.10485748353395412,0.500581737822837,0.4981568233087197,0.9831062913812887,0.12416795535534189,-0.03597080402022543,-0.1944328339810933,-1.3647757018522244,0.7696119787536357,0,forgeries_55_7.png
0.10983759093216038,0.50195227120107,0.515455576548217,0.9893998900585307,0.13749955878719425,-0.153836361213583,-0.3160593665149476,-1.2981336685401599,1.4807437899844729,0,forgeries_55_8.png
0.08180674494570496,0.4546885718303957,0.5085324480432212,0.9784085308862182,0.12130981213589055,-0.18738785606242606,0.2539957488526482,-1.3710190247515945,1.255294653461724,0,forgeries_55_9.png
0.12824125322867397,0.5051454492889299,0.527849701089661,0.9927293053463438,0.1900666202644924,-0.2800437520293772,-0.6864475697981813,-1.2912254458780146,-0.004202764897459854,1,original_55_1.png
0.047465200004690816,0.8150410250514885,0.5073692742548408,0.9925659934130217,0.07897946241280063,-0.14328121043985564,-2.6361354903986856,-1.3571389334922812,30.404053129648858,1,original_55_10.png
0.06061436773731743,0.19599694207471466,0.530054249637184,0.9916955080881741,0.0983736220277819,-0.275141014028671,-0.28677420102287965,-1.3062177142163485,3.2271506788746374,1,original_55_11.png
0.1451970687264805,0.45976393558378204,0.5093714391218143,0.9946833176142381,0.2016392991720989,-0.13388026059220812,-0.3127093924008381,-1.3818286678822378,-0.2794482102196967,1,original_55_12.png
0.11743156199677939,0.521974631470689,0.5173748258998143,0.9931385764329048,0.17844616639477978,-0.10386577491683761,-0.6798130931945183,-1.3199124938656108,0.2298200160484165,1,original_55_13.png
0.13573526152482268,0.4730170170425554,0.5200036695016643,0.9929199673076522,0.1781409638773247,-0.17827480763384462,-0.2624313253484433,-1.384896740845804,-0.29711548877802896,1,original_55_14.png
0.12600893869655128,0.49896097443184456,0.5081123051808851,0.9926296616471293,0.16985118913815583,-0.06677435356836077,-0.6416134589991331,-1.381030465221543,0.7956059532743174,1,original_55_15.png
0.13923619208208513,0.4859295344922664,0.523777189032053,0.9933040280755306,0.17274224418035342,-0.1611198332571778,-0.23041665869475741,-1.410728069596807,0.10989150845687634,1,original_55_16.png
0.13140676117775354,0.49225079978461245,0.5279364256075875,0.989791305471294,0.17205375787538596,-0.21404828380631558,-0.31808670135117517,-1.3752608763515946,0.03521517280966835,1,original_55_17.png
0.1222879684418146,0.4381281800636639,0.5235505574581821,0.9928677696857289,0.1679044766320627,-0.2921910303938384,-0.2833692732834584,-1.191873744941824,-0.036323214647780766,1,original_55_18.png
0.13813443072702333,0.4500648240097098,0.5131303100518592,0.9949709349827272,0.18093206064008985,-0.1323485566976818,-0.0738178370897312,-1.425828350008776,0.07505665857242017,1,original_55_19.png
0.12303782810087494,0.456352550970637,0.5188147960333559,0.9909035079038001,0.18930957683741648,-0.16356683544250125,-0.35738705798877574,-1.3779776966654138,0.3577627498833178,1,original_55_2.png
0.13425992491413052,0.4808709324416131,0.5285113452872908,0.9931335984383522,0.18108556529983408,-0.1752125896358205,-0.3215680285746041,-1.3670781755382084,0.37387533466537093,1,original_55_20.png
0.1418148971650917,0.4087347763701267,0.5210702486192585,0.9924227392421799,0.17689374241636333,-0.18857080140122065,0.07527525377825948,-1.4181855671469943,0.0129750263067141,1,original_55_21.png
0.09262435677530018,0.37072253143681716,0.5492053509034641,0.9931200404963948,0.13298153034300791,-0.31818026855395,-0.5721762216065212,-1.261593341334546,0.17503784448513704,1,original_55_22.png
0.1229359025826308,0.446171625493007,0.5049089053235601,0.9926073555428941,0.20006097428191894,-0.1261415333086223,-0.185669755036056,-1.4206464798715845,-0.06839193146147027,1,original_55_23.png
0.1267664574279736,0.43026427982350285,0.5199598157404685,0.9953536790792364,0.1691617087995876,-0.0967432045576023,0.0070799692069124275,-1.4247744038546608,0.12805926753486396,1,original_55_24.png
0.164,0.5006977621322605,0.4948824296405362,0.9920102653890829,0.20263419356482307,-0.05038338009810531,-0.47503696531865264,-1.3268613954352824,-0.07688819656203671,1,original_55_3.png
0.12558997683000087,0.4784925875017325,0.5224942649153175,0.9921634494133422,0.1826065256722191,-0.12508497913192151,-0.37867586144186544,-1.2438095041381845,0.6617325025046861,1,original_55_4.png
0.168250784792466,0.4700933986866843,0.5184136827259249,0.9932279193606227,0.21594247502867855,-0.26793356221124254,-0.2919987490164699,-1.2448317197445389,-0.18049002961506355,1,original_55_5.png
0.15127400867410162,0.47542690601134857,0.4950587549013964,0.9952517634281843,0.1876365906962223,-0.049998709882202515,-0.29682835252025236,-1.3539814201347777,0.13191386203806,1,original_55_6.png
0.1504215174628663,0.5020101187332845,0.49423186347820397,0.9960332352651592,0.19962706446457112,-0.08812156916197808,-0.5491535426259002,-1.4100812489389363,0.5341470632811234,1,original_55_7.png
0.15270361140777658,0.5306600718940991,0.5303165941562082,0.9927281682024339,0.21059378665139242,-0.22823576823098482,-0.732845270320248,-1.272957565401894,0.5132750453746975,1,original_55_8.png
0.11059311981020166,0.6109571311094425,0.5189286206424016,0.9932675781101311,0.14825003577845977,-0.15277144501239662,-0.2345957231393264,-1.3812172285594735,0.18764486234926725,1,original_55_9.png
0.05626984305690032,0.5402689165553862,0.3770470111892452,0.9509023527674405,0.08497687704026115,0.40722975983379817,-0.4466279755425547,-0.6863338654219704,-1.0398021653376266,0,forgeries_6_1.png
0.05915218832056778,0.47964400074404073,0.3123818381176589,0.9501106777872446,0.09077216200211129,0.8946294233996844,-0.0704364548164187,0.1704188961691253,-0.5898703269005257,0,forgeries_6_10.png
0.06826749865359259,0.48024858062661036,0.30268188306597865,0.9496757976061638,0.10489969466084524,0.9007887720225832,-0.1789034754770043,0.16175442525537242,-0.4836500542162412,0,forgeries_6_11.png
0.06148412485029208,0.5629404440932476,0.37537625288945586,0.974715368068512,0.10178647298035487,0.6202570063727535,-0.6107274328839293,-0.7471503670928654,-0.7128809809187189,0,forgeries_6_12.png
0.06390252454417952,0.5478552447598789,0.35358220127734263,0.9806024230418512,0.1050230503265463,0.6407024835846105,-0.31500610110498545,-0.5630294409558805,-0.22738031824611848,0,forgeries_6_13.png
0.05899877491925604,0.5306392909552838,0.34925394322371733,0.9733611493438837,0.0925186106926889,0.6120846172161974,-0.3078767177086704,-0.6941208124875229,-0.15464086892236795,0,forgeries_6_14.png
0.07150055789511572,0.5281782987546894,0.2962685199929456,0.971466879113083,0.10539579796264856,0.9471585105385407,-0.3133789974418188,-0.12383848821380061,-0.3200932856042016,0,forgeries_6_15.png
0.06796177346075513,0.5481310068446998,0.34355043620578435,0.9799446122541446,0.10756260848003968,0.7134504436074384,-0.28128159936012187,-0.5988213540083724,-0.09435156339109385,0,forgeries_6_16.png
0.0682274567303095,0.5026504824406604,0.3455631616903776,0.9750983619864769,0.1056228565789149,0.46775812418547486,-0.07458754490919997,-0.8850754457886154,-0.4566923636589033,0,forgeries_6_17.png
0.06145781049578942,0.4725188995808797,0.3487765373739079,0.9740408912650393,0.09465524275805794,0.5586665311760752,0.3027253653026593,-0.6430000708148915,-0.3860508477744218,0,forgeries_6_18.png
0.06120558459604314,0.5368440093636944,0.3523262548262548,0.9790847792692099,0.09488882619957428,0.5667080212240667,-0.4926315595220879,-0.7966487173901582,-0.5623425641233082,0,forgeries_6_19.png
0.06712356673069088,0.587705821921036,0.40207524222186813,0.9830244113191453,0.1018974619513596,0.3779309060571154,-0.6006188292027587,-1.0539695991443183,-0.7110329403218758,0,forgeries_6_2.png
0.06308386270218332,0.5299847180532605,0.33969142670738345,0.9806231666544873,0.0971773944863598,0.5676252637465286,-0.33701998288606244,-0.6635127535736967,-0.6248997849120226,0,forgeries_6_20.png
0.06033014722039112,0.49889104902763,0.3940336529475015,0.9792945414481102,0.09072884611412875,0.3483256632700353,0.18447997531438914,-1.117625834210171,-0.09034416854714777,0,forgeries_6_21.png
0.055612561598196074,0.490319681403313,0.38919798254879256,0.9750379959976663,0.08401592283548955,0.38608373157914877,0.1526818235407896,-0.9714910351736541,-0.3310542111838757,0,forgeries_6_22.png
0.0792476570635196,0.541035583102827,0.3665122326981965,0.9472666572972677,0.11325727041607242,0.37275062231393125,-0.08723067149943887,-1.1665809331451455,-0.6217551886078017,0,forgeries_6_23.png
0.0491313901903064,0.502874176267008,0.30926012424681204,0.9695437496752897,0.08199415315954263,0.8894358656954587,-0.07797563637277655,-0.5499002330545881,-0.34393733928511416,0,forgeries_6_24.png
0.08069399161620866,0.5546798350235514,0.380224039200019,0.967375905300337,0.11707211120764553,0.415965651020072,-0.43067455522238535,-0.7911067846123663,-1.2314956204117398,0,forgeries_6_3.png
0.06681017042419926,0.5369472500424376,0.39662238522490934,0.9676371884139195,0.09915449654112221,0.3881954502302882,-0.37426136253865244,-0.9135629880109475,-1.2372650884559409,0,forgeries_6_4.png
0.07303607197562659,0.47675178987328015,0.38240723907627727,0.9841749045679968,0.11265740620537452,0.4647368054526453,-0.32013472993586056,-0.9004891633761765,-0.6355865391951263,0,forgeries_6_5.png
0.1021555763823805,0.5002549060769148,0.34732939753979,0.9884108208912494,0.16412648279407985,0.8277043073300955,-0.29796527073447415,-0.5364853834146417,-0.49743079884515096,0,forgeries_6_6.png
0.06280140936558865,0.44273531725527987,0.29550950058931785,0.9381149556085749,0.107996953541508,0.9253415897345222,0.19713467746220278,0.3873365721209976,-0.04002410117820787,0,forgeries_6_7.png
0.03977919122970318,0.35207884007445267,0.34225942559627137,0.9585369917025283,0.07473797986422318,0.8806412969290474,-0.0005040782650120915,-0.23193040675571064,-0.35372024182574346,0,forgeries_6_8.png
0.054388984509466436,0.4606777644105032,0.318495500991307,0.9434745062734514,0.08889343528629517,0.9503644589949574,0.09789730357740804,0.16252127486311574,-0.23078802005545151,0,forgeries_6_9.png
0.0612292921686747,0.4507642406675125,0.2892828082965027,0.9734998926741493,0.08861341461338056,0.9491059543408433,0.08502799963896118,-0.24694287483074584,-0.3262804386449911,1,original_6_1.png
0.044233807266982623,0.5127963126485029,0.3772736297792626,0.9515668721313459,0.07674909755403442,0.8343331435227168,-0.164421032660884,-0.11331342130368283,-0.7686050859629856,1,original_6_10.png
0.056671562535306745,0.49952129234354253,0.30976685925792186,0.9737513885159513,0.08865010073875083,0.873124117619586,-0.39177251557311255,-0.28825290985917995,-0.5363272065328779,1,original_6_11.png
0.058492675835849266,0.47970664395822105,0.2784849192403222,0.9746387593839576,0.08600223595948968,1.0550487621777858,-0.09269772354592477,0.0306238039105855,0.0725026750289004,1,original_6_12.png
0.05117772786945719,0.47666087698222304,0.35010106341763875,0.9700022720336222,0.08221923968555542,0.6597149781127097,0.12066620517727587,-0.4954770114304634,-0.0610323814300342,1,original_6_13.png
0.05210276866327822,0.5037523120140838,0.4327053203365202,0.9764572188302407,0.08339054026223656,0.3493689682847022,0.014281262972532788,-0.9507336978643326,-0.5593686131884512,1,original_6_14.png
0.04965379973320346,0.4817478870706708,0.28748412094686,0.973931431081961,0.08364991884709365,1.0160429393462609,0.1035184756650797,-0.04374250280492831,-0.017557488354371653,1,original_6_15.png
0.040473773265651436,0.41100334448160536,0.27067063647012884,0.9712785130515468,0.07415329768270945,1.0784721942584599,0.10137755896050332,-0.004489258992104617,0.005734915976131294,1,original_6_16.png
0.04521711070326523,0.507679695403645,0.30994156519610844,0.9745466986995288,0.06249128968419879,0.908456169043542,0.02046646171197752,-0.2788975164984562,0.49253274081157805,1,original_6_17.png
0.056807797745964055,0.5375000759910756,0.27983824176703614,0.9743712977117519,0.0941166575549855,1.0057094669386017,-0.5018313649455646,-0.03336318474792632,-0.23584006451076345,1,original_6_18.png
0.05234232534741873,0.49341197625211203,0.31883054049775517,0.9751137069333068,0.08904007017093468,0.906385990236396,-0.207277236651458,-0.28409835801531624,0.22911525641730224,1,original_6_19.png
0.0586687306501548,0.48734583746224286,0.29914237749687955,0.9684999625669626,0.09495634744733748,1.0005328170297394,-0.20324258357898387,-0.11831972848985473,-0.06004119419020704,1,original_6_2.png
0.059856731731731734,0.517929985773597,0.33205507571851967,0.9610586350818711,0.09271507134723939,0.7410893170093861,-0.26998176650558653,-0.3596827829061766,-0.2222849996289189,1,original_6_20.png
0.055624260673190665,0.4923058880391209,0.3260024581552526,0.9853049215356867,0.09257270693512304,0.7708912532594887,0.3093811071337601,-0.5839573656565502,-0.3534496289875766,1,original_6_21.png
0.050860182762023254,0.5233599759879733,0.29611963321368634,0.9762074405824582,0.08404969956929403,0.9117925433326882,-0.39162068255683946,-0.17080689613442912,0.1686067160806104,1,original_6_22.png
0.05476401553529213,0.5708986041901826,0.33084648513153164,0.9723528237314168,0.08437261182744996,0.785571248087674,-0.5575121293351522,-0.45184894220610206,-0.2080977024985149,1,original_6_23.png
0.05291319857312723,0.4622505336888727,0.2891501063355807,0.959740616487398,0.0886765912554214,0.8740190878404499,-0.14632358821152358,-0.2340430220968006,-0.31835683116459856,1,original_6_24.png
0.053106092699405825,0.5328879746729599,0.28132485919714734,0.977372082734177,0.0897541811239008,1.016866227008606,-0.3486686793169507,-0.17010090403062073,-0.22976960267029511,1,original_6_3.png
0.06585204269414796,0.4908065330600542,0.2985731935472484,0.9752270189551911,0.11147107932314901,0.8712610975713707,-0.525288442439503,-0.3703619821061883,-0.3500246064048156,1,original_6_4.png
0.04811896708192393,0.4849361244152891,0.3136188064817067,0.9724048007994068,0.07966807813140281,0.8860251412377712,-0.37781143114061655,-0.3284046102872922,-0.23381006709294017,1,original_6_5.png
0.06821769726808123,0.531223135304431,0.3145522916711741,0.9827626312669511,0.10630446566317808,0.8707335315881423,-0.44077969119345134,-0.3633372067099647,-0.6946116736383252,1,original_6_6.png
0.05679559525713372,0.48976517015999654,0.3114149662822229,0.9654446899062645,0.08834556406474885,0.8516936425349514,-0.09206759526447332,-0.22991972154107243,-0.30758223505920856,1,original_6_7.png
0.05659013605442177,0.49091261269722014,0.3799611692911575,0.975210461045484,0.0956848367211229,0.8585753649594404,-0.285997269604195,-0.2703637090026145,0.04297170565032937,1,original_6_8.png
0.05977602905569007,0.5128973277074543,0.33846813988414504,0.9789693864491914,0.0981642864243348,0.7127417837292226,-0.383015582058146,-0.49338278893424503,0.08089000844782035,1,original_6_9.png
0.04056746198502747,0.4978640606942733,0.4803503003457662,0.9850014343362326,0.12591331231960196,-0.13506774865542753,0.007063736273804288,-1.1773214843376636,-1.3388430933177142,0,forgeries_7_1.png
0.02943755087385376,0.4899257079286597,0.5029717545077008,0.99275784309794,0.12965010056346246,-0.08181026525915533,-0.07047439841603335,-1.109389751051493,-1.1679936663497767,0,forgeries_7_10.png
0.03674953095684803,0.5374743814736636,0.49883117110526565,0.989989439845539,0.12229289421313458,0.06989059053678887,-0.24443600544159227,-1.258812483034483,-1.0959070971510048,0,forgeries_7_11.png
0.03744812776623144,0.5185724107441155,0.5000883347774202,0.9827510354995223,0.10598776650837388,-0.08132891192482648,-0.11089908545207226,-1.0090812607553457,-1.2333207721107446,0,forgeries_7_12.png
0.03998808750270739,0.5048117778502191,0.4581228315008432,0.9859178690410585,0.1307542492917847,0.05835168330354412,-0.08807356183206345,-1.1424135681895855,-1.1363546679834162,0,forgeries_7_13.png
0.04028063343364061,0.5489269018440205,0.4643629065378797,0.9863755573901123,0.11165419564253296,0.08815793717900886,-0.14726099172856622,-1.225230237213733,-1.1998906685868422,0,forgeries_7_14.png
0.045389357251521295,0.5066653778803352,0.5192947401351309,0.990571972279738,0.1509406618887015,-0.0731946031463206,-0.09859777373154724,-1.3494733149669775,-1.3488665439252294,0,forgeries_7_15.png
0.04572098073170061,0.4759450754792955,0.48138886455445634,0.9883497527017936,0.10209452201933406,0.13110461693580974,0.06748908082195079,-1.1877781588985254,-1.0552295486175156,0,forgeries_7_16.png
0.04283403455090202,0.5240868599502652,0.46850828199074873,0.9919540596612717,0.16726565538700894,0.20658850191084488,-0.15310277034743175,-1.1455459470154552,-1.0396727181110585,0,forgeries_7_17.png
0.051081897176914255,0.4788468007141423,0.4936554252064653,0.9898585517381485,0.16953800819827575,0.011526409987195568,0.0017986714409510348,-1.0889315886329922,-1.143604796511699,0,forgeries_7_18.png
0.039348050842303715,0.4536979156728427,0.47808545863227947,0.9888828419946073,0.12465480701303705,0.035466845113756355,0.1526219199821347,-1.1353135183151237,-0.9449942871353425,0,forgeries_7_19.png
0.032238151628914816,0.5190055190462823,0.4594347985048386,0.9877189639560588,0.11205867863594067,0.08486421636501443,-0.15225655727229784,-0.9362235125214364,-1.1782744845828947,0,forgeries_7_2.png
0.03133404524600538,0.4287797905163078,0.5497781709717652,0.9936871740042164,0.10182016804022684,-0.26703875801810756,0.246990819061661,-0.9551397440120146,-1.000770788591832,0,forgeries_7_20.png
0.039495481927710845,0.4900317208211457,0.5063687355304372,0.991355825603117,0.1642802809969126,-0.15746427063835092,0.07237460156014194,-0.9078643275025167,-0.7454115184167582,0,forgeries_7_21.png
0.04300165080257104,0.3780707913300959,0.49357597845506435,0.9852557718000209,0.06164031819554929,-0.03329827868499633,0.4213656851588629,-1.0119356152014705,-0.42674380703671977,0,forgeries_7_22.png
0.05172457811024024,0.5170974653913836,0.4239521337121241,0.9885598790864324,0.148474943937151,0.3227815162573836,-0.14658808501350137,-0.6778963776246738,-0.7487222301506651,0,forgeries_7_23.png
0.03780778745654198,0.509533157613802,0.42641411109924754,0.743287246771615,0.05425449485285978,0.16125294900067486,0.19905719256103221,-1.094147836000371,-0.9218161165637158,0,forgeries_7_24.png
0.035176809210526315,0.4948069081724377,0.4969030811659848,0.9837952922259613,0.1059672374818072,-0.018952051531021356,0.10366473934491299,-0.9492761516345554,-1.2416415057791022,0,forgeries_7_3.png
0.03964993414750958,0.4880955609138276,0.4808080633080117,0.986652139706756,0.12529559213015512,0.029902063413777023,-0.05783900356179136,-1.2060757550310843,-1.2510235852348608,0,forgeries_7_4.png
0.040129555715500885,0.4748944045927181,0.41416661845226516,0.8938560624860027,0.05563165008209138,0.21922424582306194,0.14400438406803054,-1.0613646070190865,-0.8860242859960499,0,forgeries_7_5.png
0.02894692200399593,0.5619894297693587,0.5205510299228511,0.9863853612310846,0.05405405405405406,0.16420533274317,0.009503917658366674,-1.225238594623788,-1.1855147282702334,0,forgeries_7_6.png
0.027281321398968456,0.46103480488499615,0.4794209079821717,0.9958429021374714,0.13174842743712092,0.08936638367405236,0.0921808143125257,-1.1474923789602016,-1.1448017292241317,0,forgeries_7_7.png
0.04022233893557423,0.4879667441877005,0.4933239200649429,0.9884157538533468,0.13680481124211027,0.054129365768285594,-0.05277972309036279,-1.0630600183783856,-0.9224007343745293,0,forgeries_7_8.png
0.034925189588030335,0.5069163539483731,0.5277309905512915,0.9910242362430137,0.13658481385085436,-0.02394520280824147,-0.11991433138740751,-0.9892987682360159,-0.9999850688777419,0,forgeries_7_9.png
0.03317384370015949,0.5094456053928711,0.5207426619433199,0.9937188865192007,0.12793767139086087,0.10995138116279057,-0.13421253220264345,-1.327660422134881,-1.2165369025256285,1,original_7_1.png
0.03697491722033458,0.4992108026424933,0.516562334192262,0.9926021402009709,0.14278351951416554,0.06658095540426585,-0.12085961361624614,-1.2643085879284075,-1.239570215163325,1,original_7_10.png
0.03623075726947598,0.5162644406819704,0.4908598239615916,0.9932529715851931,0.15659654546676524,0.11044621089818243,-0.12433072122839023,-1.1607557392104346,-1.167843171973631,1,original_7_11.png
0.03335200746965453,0.5461592780449246,0.4133361773227394,0.987333798891606,0.05479603357714398,0.20311796482087505,-0.2366076600579642,-1.2737627044727746,-1.203212955988648,1,original_7_12.png
0.04221076302729528,0.4995444902530188,0.4813029449150659,0.9884230818883567,0.14185016286644953,0.17907016005187573,-0.045751197366962704,-1.1454664521682603,-1.2264413831553365,1,original_7_13.png
0.043362550364034774,0.5469505395886191,0.5098546724870964,0.990025432679513,0.15879733892469777,0.14065943657710564,-0.16723460821086392,-1.0441615399392337,-0.983868692424307,1,original_7_14.png
0.036964557512502716,0.5237090243027106,0.5119057715358346,0.9934732384485246,0.14184049079754601,0.16260619822421907,-0.1627300414913239,-1.4167616947958024,-1.1859029461466213,1,original_7_15.png
0.04210090799302232,0.4893932007553471,0.5176944362322989,0.9907315318366838,0.14248949778601974,0.09119070400381743,0.005202335242450215,-1.352344641090217,-1.1497055644759124,1,original_7_16.png
0.04136937408929419,0.5375379427680892,0.4773495914688302,0.9901211804487574,0.14134362588801253,0.20467330607944892,-0.17435333326394067,-1.1899450045974431,-1.144485673276653,1,original_7_17.png
0.03967875949300098,0.5257682047862108,0.502114675480062,0.9783910061019104,0.062078565920957986,0.1592709261483061,-0.17393315210350765,-1.322351797968886,-1.1950973408247925,1,original_7_18.png
0.04459025784235228,0.5227777537828071,0.45584483630844835,0.987489002298085,0.14386827127045135,0.3502995627559472,-0.2260133312154209,-1.1006358438655819,-1.0011651899361989,1,original_7_19.png
0.036154213854978676,0.538869920758427,0.5083161111002453,0.992820319711352,0.1473070488651402,0.15648762855912973,-0.22109897270340265,-1.2051191945758066,-1.1817506870320453,1,original_7_2.png
0.04123389577461163,0.5236500122018761,0.5725518983472172,0.9482055902265273,0.0652325516286504,-0.000741886576785371,-0.15437298315012601,-1.4034362757017778,-1.0792808788150658,1,original_7_20.png
0.04500572350921114,0.5218130162801998,0.4546894413361196,0.9854894139167127,0.15278806771321135,0.25734275105015897,-0.11870224873447786,-1.071123395040743,-1.2646646714671708,1,original_7_21.png
0.03967978395061728,0.5677775414573544,0.4758377180073131,0.979027615657378,0.06234250928708122,0.17318769500300915,-0.003422611907661399,-1.1048869604655236,-1.035443056397159,1,original_7_22.png
0.04151860367892977,0.5085464531212472,0.4875425602297849,0.9893899541047786,0.13608983204072894,0.13952872503419098,-0.09956034115905835,-1.2255306922429698,-1.1719283206686018,1,original_7_23.png
0.036092381759453715,0.5548823964509676,0.4410822644277859,0.9716401986209623,0.054069593615602214,0.3746725693436287,-0.2254534657041299,-1.1071390935152443,-1.1556667310571942,1,original_7_24.png
0.03317836010143702,0.5108694633437406,0.4608544357991908,0.9931214117143344,0.12654972555943653,0.2623202221291093,-0.16795381861430064,-1.28108634978151,-1.1884695089026998,1,original_7_3.png
0.03372458410351201,0.503996317663648,0.5036019000639445,0.9935269131231176,0.130171111930271,0.15104411195101666,-0.10441963064168698,-1.1457880674228018,-1.1858519750347685,1,original_7_4.png
0.038536866359447,0.5102753601641566,0.5318158930515682,0.9898736360833833,0.12458745020950804,0.05373862680197948,-0.08049335894382348,-1.2143849887042437,-1.1950539819400627,1,original_7_5.png
0.03622296149082635,0.5229175648178016,0.47419176124233725,0.9904331338143465,0.11647506917190521,0.20232393213487884,-0.13505910730854465,-1.313876803956231,-1.27881382352319,1,original_7_6.png
0.033066295571937215,0.5168988254687822,0.4831694517784811,0.9943754311274204,0.1459197786998617,0.21656082292572842,-0.1339971601273207,-1.256081174965512,-1.2286834724448514,1,original_7_7.png
0.03340741168321404,0.5366086286867543,0.5747111991604051,0.9916800504289663,0.13594855683119475,-0.022848534132046804,-0.2183111838121839,-1.2125090535547967,-1.0444723980946127,1,original_7_8.png
0.03943672959900141,0.5208793990792414,0.4946209936093939,0.9890744766910571,0.12089883243102212,0.16370462386415896,-0.1969603611392051,-1.2084546168620085,-1.1106439154229297,1,original_7_9.png
0.06027365491651206,0.602152558676414,0.4619223463284366,0.8102481992770937,0.0744545537883302,0.2815430446813759,-0.20654739941049624,-1.1073491382397453,-0.0796023512294215,0,forgeries_8_1.png
0.07237557052814605,0.4770247921857475,0.41765441151746063,0.7542576698725562,0.09812716914412939,0.24515016270197323,-0.25876137193138044,-0.9544574312095184,-1.0413234755591418,0,forgeries_8_10.png
0.0631841329402305,0.5604918251342278,0.36970421351726096,0.8129910727780737,0.10278792741098602,0.2672479929444388,-0.6101172091044602,-0.8650281650461342,-0.321205778332768,0,forgeries_8_11.png
0.04850620222635966,0.5075382139423038,0.4763242460020248,0.7394687853619988,0.07420649704952709,0.04388245671376906,0.1635457203179398,-1.2175925363281368,-0.25690015828488555,0,forgeries_8_12.png
0.054506013509802845,0.40623847644441025,0.5380940084204677,0.9199966440511727,0.07842698256958666,0.025367642421332562,0.21787270243408208,-1.3533209633196919,-0.47249066615747726,0,forgeries_8_13.png
0.06983792065369315,0.45338784365966806,0.5051739536960799,0.8769972602910278,0.11221118548909523,-0.011634842827359939,0.29898371485242187,-1.196046639430537,-0.8061548837371548,0,forgeries_8_14.png
0.07610393944450343,0.5073947877914392,0.49856020982023375,0.8382692003933135,0.0993612912808833,0.18246804068300584,-0.05086178529643593,-1.2942483138062237,-0.6153698233044245,0,forgeries_8_15.png
0.0545680467425914,0.40727890873884437,0.5374463899094668,0.9203328675208611,0.07901909159467076,0.02555127751570905,0.21955107342970387,-1.3512725341913836,-0.4814497568590581,0,forgeries_8_16.png
0.07014383598890642,0.45437788081332264,0.5030726391807891,0.8733962385546212,0.11187484415147934,0.0013716255798578237,0.28770181846773696,-1.2182915634604208,-0.816186904764185,0,forgeries_8_17.png
0.07610393944450343,0.5073947877914392,0.49856020982023375,0.8382692003933135,0.0993612912808833,0.18246804068300584,-0.05086178529643593,-1.2942483138062237,-0.6153698233044245,0,forgeries_8_18.png
0.07144171980803365,0.4767795861844301,0.5525985717534999,0.915407017595068,0.10381955059614796,-0.0400751915726415,0.21262485639605666,-1.3097769814675382,-0.4849799982362737,0,forgeries_8_19.png
0.052150244964616226,0.5758334914911115,0.45979439867655086,0.6614786982211609,0.0687005696020981,0.3005820104909866,-0.2167160525534473,-1.277131187318574,-0.4588326879525262,0,forgeries_8_2.png
0.06754952224782226,0.5116701468364597,0.5312312712759915,0.8738726433055286,0.1070703968941579,0.07414430840255573,0.042096174896842906,-1.1974984197661807,-0.3036252073817458,0,forgeries_8_20.png
0.07755533503041809,0.46451004763907056,0.5267031531287442,0.9102232419787372,0.11293548488434192,0.13856638143892358,-0.10128662994012576,-1.3599358983509087,-0.4423744428530765,0,forgeries_8_21.png
0.08158101185989632,0.5143814296880546,0.49698676440450745,0.9154470174412438,0.11534362766420182,0.094202799209407,-0.09127748958270011,-1.1300898065392855,-0.7318652763523699,0,forgeries_8_22.png
0.06256506651243493,0.45403818217834857,0.48656585286437015,0.8994602254738099,0.09356586046209901,0.2347418511967053,0.24621035943408956,-1.1041393526258108,-0.18051663777130855,0,forgeries_8_23.png
0.07877559726962458,0.47088532959228274,0.5602596503896261,0.902128291544239,0.10390426439832312,-0.14263588429507218,0.19825794594858506,-1.2319097402494084,-0.5277235021784645,0,forgeries_8_24.png
0.05642729928876576,0.5352825857421057,0.4773524223122582,0.9194074801254687,0.08311116064157187,0.12489228688882342,0.3017133152590481,-1.193041564393889,-0.47937130370724246,0,forgeries_8_3.png
0.08330002474352385,0.5537340481232433,0.5040954403699569,0.9412296516864925,0.11472573563143063,0.07496840659901796,-0.2648836273188192,-0.9920749292910913,-0.6586768824051124,0,forgeries_8_4.png
0.10216346153846154,0.5180887494858083,0.48707170636849784,0.9445120627390939,0.1418385922330097,0.1859024836494898,0.08564359680796484,-1.1614605272148804,-0.7657638779218274,0,forgeries_8_5.png
0.0898162825671666,0.5904240835588043,0.42666751314414014,0.8901069511799745,0.12123664394365424,0.27473942017862474,-0.6758556119712823,-1.1786148035515385,-0.12586208282177536,0,forgeries_8_6.png
0.06339882026032272,0.4891378974367077,0.42741417549505323,0.8040789558271165,0.08941770202350094,0.14843306170900492,-0.28351242344074884,-1.1922801790999868,-0.7265853831350189,0,forgeries_8_7.png
0.0575487012987013,0.4952417732490269,0.41455351854807826,0.8650142788206006,0.09547290798332798,0.010898765721627868,-0.30310873803102345,-1.1586047000199524,-0.3939953506428875,0,forgeries_8_8.png
0.08321953470390532,0.5522806731663172,0.4059940744154325,0.8663841029143665,0.11666185893233333,0.1035251081777797,-0.4320520568952053,-1.398931950036612,-0.508469101536158,0,forgeries_8_9.png
0.0527810733477563,0.6134909821680082,0.4110968984128824,0.7460863198176889,0.07921611345616038,0.11425681578404286,-0.26907815105758515,-0.9704322320924357,-0.8550572736141904,1,original_8_1.png
0.05742424962006079,0.575112249588913,0.40786451333609014,0.7746678673750051,0.07822887181560857,0.1718699019026054,-0.7693417801553329,-1.1665427744498098,-0.03845255842842077,1,original_8_10.png
0.04221556435464687,0.6121186082124899,0.3612650688400164,0.6880941218622502,0.06043146861687225,0.29687886891370624,-0.4980668729089221,-1.164479999552461,-0.4217040999922852,1,original_8_11.png
0.060058309037900874,0.5724721803085188,0.361605484383677,0.7884676371620222,0.09789562186993554,0.2139007764850225,-0.7073659323786026,-1.0217580899006415,0.010473147563847984,1,original_8_12.png
0.051430973903120215,0.6604335556829888,0.43927021195255145,0.8955111416782557,0.07264166949440108,0.1790608056698691,-0.7344611273863136,-1.1582092542579812,0.08594584784697012,1,original_8_13.png
0.04327658004322387,0.45554084697901936,0.39602424073001735,0.87699740972571,0.07741120340948734,0.08216842809498101,0.39111017291285466,-1.0472285234736842,1.04164009180532,1,original_8_14.png
0.07592371626069783,0.5447290558583285,0.42717305049644844,0.8886478310007846,0.10739905420152783,0.14452682740611766,-0.36127382594852203,-1.0983232725122039,-0.2618931456582576,1,original_8_15.png
0.0465664021895025,0.5734493006018457,0.35117368608317484,0.7894778134390331,0.08023214953694782,0.411754365949297,-0.9281744673599157,-0.5439773096321612,-0.16188741000891715,1,original_8_16.png
0.06746712407089765,0.5149764722006487,0.44003385637768205,0.797450186285998,0.09185534451314444,0.1777148796184626,-0.49900620063930956,-1.0590054995076084,-0.04909835756528347,1,original_8_17.png
0.04276878683830849,0.5662936031758562,0.5755999995659647,0.7904721100140326,0.06567343609119403,-0.25588643372082126,-0.015850155960947847,-1.226625558463989,-0.4408651192861197,1,original_8_18.png
0.047035627810446214,0.5493219591116341,0.5190123743450379,0.8164380322129602,0.06712277376298227,0.06830236547952709,-0.7927680789500616,-1.3232788838624192,0.3994990051644183,1,original_8_19.png
0.06698823207443898,0.5765520058885888,0.4533654165714221,0.8549797837891607,0.09178775663260523,-0.07580092208942699,-0.4008566563976339,-1.2663980683914438,-0.2872823890539622,1,original_8_2.png
0.056289235061613575,0.5253368046428765,0.4743634572878053,0.8046440310999706,0.07153832515808758,0.19758829768319897,-0.57285202746844,-1.1651628093711224,-0.3067190376519049,1,original_8_20.png
0.06572230232648767,0.5273113752317571,0.4771817202961004,0.8785627476292495,0.0923983016025202,0.19803889431810465,-0.49855585602264874,-1.2930841847483727,0.011296647816513072,1,original_8_21.png
0.05285749325484425,0.5328541908352667,0.5105167022633333,0.8593098829633448,0.07171381031613977,0.08608716756772117,-0.4528313784353551,-1.2446857755167453,-0.03420777588709045,1,original_8_22.png
0.05757067809497477,0.5388125631259355,0.5035388389445398,0.7329104212781625,0.07483573875442241,0.10856440499278014,-0.3320985269926899,-1.0319058263489562,-0.32885769208257143,1,original_8_23.png
0.04613379073756432,0.689455400536518,0.33305067330052457,0.8608110729021765,0.08536028030264561,0.6837764726170787,-0.9601855490100782,0.16837458031761843,-0.06460803367043244,1,original_8_24.png
0.048925171926948126,0.4410922498105417,0.4315878193344855,0.870066088784303,0.07463114291420979,-0.13284320119031776,0.12499904895921933,-1.1408153656324507,-0.27579596013735097,1,original_8_3.png
0.04446373456790124,0.6097537935847995,0.4082673498597014,0.8490502664817355,0.06966143100596882,0.06998173350342336,-0.38556740593038236,-1.2431750698927186,-0.07675158742366328,1,original_8_4.png
0.07229182081834341,0.4975406162464986,0.43227551138333525,0.8897409032877166,0.10004001600640255,-0.10158951616124513,-0.24331564281324694,-1.2165155372706153,-0.25907999016395156,1,original_8_5.png
0.06398168103448276,0.42088377192982457,0.33064585601935875,0.916641240717711,0.09881148848239422,0.6760978431943547,0.09475597447255395,0.2188165920452847,-0.8907926778174224,1,original_8_6.png
0.046497339466089464,0.5613209249028742,0.48267765238761723,0.8391226881955018,0.07997479276746328,-0.03436860723792855,-0.06833328048142168,-0.9799653326101416,-0.8785167427517169,1,original_8_7.png
0.060771964392526655,0.45006141447737624,0.4154292985966202,0.7592924820850873,0.08722967990868964,-0.02061063895915757,-0.13205336897842682,-1.1866123743461687,-0.8668300140327889,1,original_8_8.png
0.04596482555870646,0.5622389359775907,0.3469105053563582,0.8335788484736839,0.07707660762586162,0.5176095483027453,0.15254497213942514,-0.18591900042455345,-0.9459296873539285,1,original_8_9.png
0.0924969171237828,0.7099839688335263,0.45399120171277085,0.9909533352520844,0.15516165272749968,0.19437189354470294,-1.3536192416925652,-1.1935949812535864,2.231693255264391,0,forgeries_9_1.png
0.12854231366459629,0.5976313574324309,0.44711211778029447,0.985890181484106,0.19170369512671695,0.13783672748411588,-0.4881351395287445,-1.2917621255047773,0.0697766623991023,0,forgeries_9_10.png
0.09246583684505395,0.6119580684586018,0.4671461474266335,0.9729747591367665,0.149162532540891,0.06647778711798878,-0.7783163300479119,-1.3021723065209383,0.6439697106017213,0,forgeries_9_11.png
0.10747996535733471,0.6612509647693519,0.4728360899446712,0.9862841450502072,0.15612708018154312,-0.055448052286351836,-1.0576116797966078,-1.1436030379930877,0.6771221420082747,0,forgeries_9_12.png
0.07566889632107024,0.5595162040467951,0.39404576225567195,0.9770398313919059,0.11443984072320275,0.3595249019334851,-0.5532624643527015,-1.1449553464205553,-0.3431697445901718,0,forgeries_9_13.png
0.06450693374422188,0.426536594899189,0.3945227496776361,0.9790713097588628,0.0895929635336415,0.30830293418422816,-0.5367438542579834,-1.2296962138741563,-0.2656498863904928,0,forgeries_9_14.png
0.08613062711423367,0.5314624644985219,0.435128111832941,0.9786003038839829,0.1271727609962904,0.14238911489903192,-0.32851213305025256,-1.3141261329771603,-0.5833193112198227,0,forgeries_9_15.png
0.08609649918374751,0.5337452062828656,0.41989452489541923,0.9785492306855322,0.13271540214458472,0.17670134235778048,-0.3046383073956641,-1.1530328055289516,-0.36680227623761086,0,forgeries_9_16.png
0.09577984877791454,0.5038592393236175,0.44107348498756616,0.9784890897412405,0.13988725811215122,0.08389632214933933,-0.37487886671061915,-1.3130994214859568,-0.28070293166700866,0,forgeries_9_17.png
0.05979875198600014,0.7146451267464705,0.4532474378954605,0.9761276087104648,0.07997043834393139,0.0896273646454807,-1.2669523312881112,-1.4019662203562682,1.8272877388261506,0,forgeries_9_18.png
0.08829892388891997,0.573404038602815,0.45056691189536396,0.9804265408638154,0.12578875353693691,0.0770571758815414,-0.7280275970573096,-1.3352881411587991,0.08346995660549039,0,forgeries_9_19.png
0.09030656097793907,0.6330034984222801,0.46008479668526125,0.981896173824114,0.1359753817836703,0.06781179710073147,-1.2141731529725808,-1.2561305146182187,1.2559812520031617,0,forgeries_9_2.png
0.06393383240763101,0.7457901601364141,0.45804778778161104,0.9803664207191747,0.07563985556128724,0.022625302662916295,-1.14097262670293,-1.320739624226885,0.7806951328029559,0,forgeries_9_20.png
0.09069020866773676,0.5414263054925766,0.41024859598987073,0.9782663104840523,0.12970716754712058,0.2575267782264345,-0.4912098086078012,-1.24704572042864,-0.3662032957765713,0,forgeries_9_21.png
0.0710990990990991,0.5247852255448556,0.45382802975301706,0.97887398690329,0.11323786839613166,0.055323332451523786,-0.9862667869412898,-1.378389120911809,0.3735451628726336,0,forgeries_9_22.png
0.09655515730784547,0.6275998105756819,0.40742171648294623,0.9844365073283421,0.15584373844991886,0.25963616206873336,-0.8625320518944734,-1.3375921312406052,0.5754758759273426,0,forgeries_9_23.png
0.09651260045819848,0.6336489974575495,0.4105177487032275,0.9580785643418245,0.16050558654994632,0.3694262722494037,-1.0655291502000397,-1.1028350690290987,0.9800490863246609,0,forgeries_9_24.png
0.09587054265172078,0.5618078733391224,0.48722613544839494,0.9812381675011762,0.1317520430536177,-0.05583110474944948,-0.6098288632606285,-1.2578220195678338,-0.40984270546531487,0,forgeries_9_3.png
0.1025936543602061,0.6299897977636971,0.43711675762341384,0.9850673220786591,0.1503747657713929,0.2591232138211615,-0.9586451313990472,-1.282913306602833,0.23748650685041683,0,forgeries_9_4.png
0.0839626033800791,0.5161705199854095,0.39674861652669713,0.9743374408335383,0.13254037876051397,0.3215861884131327,-0.2652240337925565,-1.1683129977190259,-0.24986304057940245,0,forgeries_9_5.png
0.10890605142242643,0.5527709715745351,0.43258340060230277,0.9834023450903586,0.1568523153942428,0.20616937802874127,-0.49313151246723264,-1.152978920189601,-0.13667471840599799,0,forgeries_9_6.png
0.07579851885352479,0.32714954151488507,0.4749191370430851,0.9833722974739304,0.12591090075877095,0.0062308623534176755,0.3224792090598796,-1.2131159503491156,2.329422530454467,0,forgeries_9_7.png
0.09927660384542167,0.6126980993739778,0.470954589129151,0.9783815319749242,0.1533767140913937,0.10694437826037059,-1.1471469289110592,-1.221640623743826,1.1961851508700025,0,forgeries_9_8.png
0.12201800798292026,0.5211640741259768,0.47354030441896544,0.983323910758221,0.191130498000727,0.07379099141036687,-0.5320811685185177,-1.2322110472676489,-0.02439800612909826,0,forgeries_9_9.png
0.07008981134142,0.537344748643025,0.46522837621871205,0.9826262406679402,0.11537291401399484,0.12250497235006895,-1.0989592982087217,-1.360955629508578,1.1847414409823651,1,original_9_1.png
0.09463484373138477,0.7096022864123835,0.4597274950924755,0.9831749724868132,0.14795039346857683,0.14506453916560635,-1.2611034316603287,-1.2906997416880008,1.4759065234644684,1,original_9_10.png
0.08928445505555724,0.5991912334244037,0.49822873898554665,0.9877099331853044,0.1365955151421746,-0.07982435629332474,-0.8789611829897528,-1.3156255491034625,1.010106868872576,1,original_9_11.png
0.10489671505635717,0.6329933816367938,0.4371454510088141,0.9860108232606524,0.16551044063456913,0.2501129117808811,-0.9701658242088075,-1.1712597594305314,0.9745953131775558,1,original_9_12.png
0.09924635411568954,0.586097467696261,0.4227252190902517,0.9870852824425301,0.1670082717224215,0.36853848248137056,-0.7077275196264085,-1.222487286322747,0.5533540894494426,1,original_9_13.png
0.0806855141356017,0.5287686672302058,0.45015231310185083,0.9813126483509268,0.12458212614218854,0.1306170289323633,-0.7584533120284097,-1.276906715268368,0.3512685083116147,1,original_9_14.png
0.057659091578978396,0.4663826002379876,0.44817360663650224,0.9818397913037528,0.10251868311549467,0.2159762826733259,-1.0679163019703122,-1.2482054240242966,1.936852845137726,1,original_9_15.png
0.09418426691153964,0.6741487018380096,0.4444072399873505,0.9819618128227705,0.15652395082662146,0.24043327880970308,-1.1841299961228473,-1.2449972596305408,1.2066118082961808,1,original_9_16.png
0.05916958991063226,0.5523217269734715,0.4834207073620395,0.976120056001678,0.08600282250110017,0.27284597638765895,-1.0310842945982683,-1.2693754451082002,2.3235180388785475,1,original_9_17.png
0.08199325523606674,0.6698752871282366,0.45585372744446634,0.983801287411454,0.1409178957643793,0.18197280334876437,-1.3158934909091373,-1.2448181487863317,1.8224344607163463,1,original_9_18.png
0.09384436035622826,0.6515778636422369,0.46689084281847687,0.9820859552955692,0.15468090468090467,0.13179944129031426,-1.1350527162306494,-1.171177412725115,1.1152071577527174,1,original_9_19.png
0.1061130334486736,0.6220198157094292,0.4901090160417677,0.9846100656982295,0.16214893026747393,0.036283182664369557,-1.005073217340044,-1.3619243686459208,0.9674040110812578,1,original_9_2.png
0.10177899418405748,0.6341699021380703,0.45831038496479676,0.9846233387650115,0.1757527645983717,0.19892979729425223,-1.1715317294625682,-1.2060222936781084,1.4378540599420786,1,original_9_20.png
0.09395259319286872,0.6737142857142857,0.455079835915896,0.9852249915233602,0.1461942215847296,0.1434502184516035,-1.152480152248533,-1.2771456884405568,1.080744217588431,1,original_9_21.png
0.08935976033172628,0.6857789581867132,0.4363797199545024,0.9867862492111078,0.14667187703530024,0.2671364808969045,-1.1994197730601965,-1.185907169719343,1.4123873154789637,1,original_9_22.png
0.055440829637654176,0.8056646910861537,0.44292229129358485,0.9782304191606106,0.08335100562402979,0.2720587123778767,-2.202920889538645,-1.1988333292318714,7.159629553440551,1,original_9_23.png
0.08031127484115182,0.5250429935661393,0.4449126303887788,0.9801745202891466,0.13816611913829693,0.2681215009971293,-1.1911507200643408,-1.1839104377723488,1.2979940350767647,1,original_9_24.png
0.09514145429039046,0.6634446925334568,0.44374610562956435,0.9810011189655325,0.14834203388841902,0.20703270927800224,-1.0170702235234061,-1.2507747807813456,0.5469607479762781,1,original_9_3.png
0.10690855670932947,0.6515764705882353,0.48466938458551734,0.9849654834559758,0.1657204354743114,0.02996269870514701,-0.9727561886733306,-1.270376927935796,0.8274157337708958,1,original_9_4.png
0.10184655339378466,0.6615306554528597,0.44206811354721537,0.9873318782491113,0.16239976135745496,0.19383945410076173,-1.1322778580650725,-1.3050101538827859,0.8908268873448235,1,original_9_5.png
0.08617431621600562,0.6702899150049486,0.46042087153602723,0.9887196654988503,0.13019101156664803,0.15753825961530946,-1.060146781577998,-1.3330085101213756,0.9286604201748392,1,original_9_6.png
0.0996974697469747,0.6552961980548188,0.4585294709842337,0.9872076892177671,0.16061416812937748,0.13113643910683798,-1.1626119732425906,-1.322360942877356,1.5406839654767994,1,original_9_7.png
0.09555737429698649,0.6429004871903047,0.474061787828526,0.9875431482837425,0.15022103457376618,0.16808418711799955,-1.1554015199661543,-1.2946082765704563,1.2381434944857386,1,original_9_8.png
0.09163751987281399,0.7041504624056424,0.43892586012029206,0.9843193004083873,0.14521817998589137,0.14768175293965488,-1.1933194782186367,-1.2883983476624967,1.2514949158284434,1,original_9_9.png
